Title,Company,Location,Board,Search Term,Commute,URL,Posted
"Junior+/Middle QA Engineer","","Remote","Glassdoor","Software QA Engineer","🌐 Remote","https://www.glassdoor.co.uk/job-listing/junior-middle-qa-engineer-gamingtec-JV_KO0,25_KE26,35.htm?jl=1010115114470",""
"QA Engineer (Remote)","","Remote","Glassdoor","Software QA Engineer","🌐 Remote","https://www.glassdoor.co.uk/job-listing/qa-engineer-remote-remotestar-JV_KO0,18_KE19,29.htm?jl=1009426005158",""
"Middle QA Automation Engineer","","Remote","Glassdoor","Software QA Engineer","🌐 Remote","https://www.glassdoor.co.uk/job-listing/middle-qa-automation-engineer-mad-devs-JV_KO0,29_KE30,38.htm?jl=1009872368356",""
"QA Engineer - Core Database (remote)","","Remote","Glassdoor","Software QA Engineer","🌐 Remote","https://www.glassdoor.co.uk/job-listing/qa-engineer-core-database-remote-clickhouse-JV_KO0,32_KE33,43.htm?jl=1009950493128",""
"Software Test Engineer QA","","Remote","Glassdoor","Software QA Engineer","🌐 Remote","https://www.glassdoor.co.uk/job-listing/software-test-engineer-qa-yo-it-consulting-JV_KO0,25_KE26,42.htm?jl=1010050986057",""
"QA Engineer for Mobile (Remote)","","Remote","Glassdoor","Software QA Engineer","🌐 Remote","https://www.glassdoor.co.uk/job-listing/qa-engineer-for-mobile-remote-veeva-systems-JV_KO0,29_KE30,43.htm?jl=1010083040565",""
"Senior QA Engineer","","Remote","Glassdoor","Software QA Engineer","🌐 Remote","https://www.glassdoor.co.uk/job-listing/senior-qa-engineer-veeva-systems-JV_KO0,18_KE19,32.htm?jl=1010102287966",""
"Sr. Quality Assurance Engineer w/Detox Testing Experience","","Remote","Glassdoor","Software QA Engineer","🌐 Remote","https://www.glassdoor.co.uk/job-listing/sr-quality-assurance-engineer-w-detox-testing-experience-concentrix-JV_KO0,56_KE57,67.htm?jl=1010112665698",""
"Software QA Engineer","","","Reed","Software QA Engineer","🏢 Office | 📍 Brak lokalizacji","https://www.reed.co.uk/jobs/software-qa-engineer/56812917?source=searchResults&filter=%2Fjobs%2Fsoftware-qa-engineer-jobs-in-united-kingdom",""
"Software/Firmware Test Engineer","","","Reed","Software QA Engineer","🏢 Office | 📍 Brak lokalizacji","https://www.reed.co.uk/jobs/software-firmware-test-engineer/56735761?source=searchResults&filter=%2Fjobs%2Fsoftware-qa-engineer-jobs-in-united-kingdom",""
"QA Engineer- Selenium Experience","","","Reed","Software QA Engineer","🏢 Office | 📍 Brak lokalizacji","https://www.reed.co.uk/jobs/qa-engineer-selenium-experience/56765039?source=searchResults&filter=%2Fjobs%2Fsoftware-qa-engineer-jobs-in-united-kingdom",""
"Senior Software Tester","","","Reed","Software QA Engineer","🏢 Office | 📍 Brak lokalizacji","https://www.reed.co.uk/jobs/senior-software-tester/56708334?source=searchResults&filter=%2Fjobs%2Fsoftware-qa-engineer-jobs-in-united-kingdom",""
"Software Test Analyst","","","Reed","Software QA Engineer","🏢 Office | 📍 Brak lokalizacji","https://www.reed.co.uk/jobs/software-test-analyst/56691744?source=searchResults&filter=%2Fjobs%2Fsoftware-qa-engineer-jobs-in-united-kingdom",""
"Test Engineer","","","Reed","Software QA Engineer","🏢 Office | 📍 Brak lokalizacji","https://www.reed.co.uk/jobs/test-engineer/56800625?source=searchResults&filter=%2Fjobs%2Fsoftware-qa-engineer-jobs-in-united-kingdom",""
"Software Quality Engineer","","","Reed","Software QA Engineer","🏢 Office | 📍 Brak lokalizacji","https://www.reed.co.uk/jobs/software-quality-engineer/56698833?source=searchResults&filter=%2Fjobs%2Fsoftware-qa-engineer-jobs-in-united-kingdom",""
"QA Automation Engineer","","","Reed","Software QA Engineer","🏢 Office | 📍 Brak lokalizacji","https://www.reed.co.uk/jobs/qa-automation-engineer/56815148?source=searchResults&filter=%2Fjobs%2Fsoftware-qa-engineer-jobs-in-united-kingdom",""
"Quality Engineer","","","Reed","Software QA Engineer","🏢 Office | 📍 Brak lokalizacji","https://www.reed.co.uk/jobs/quality-engineer/56841765?source=searchResults&filter=%2Fjobs%2Fsoftware-qa-engineer-jobs-in-united-kingdom",""
"Performance QA Engineer","","","Reed","Software QA Engineer","🏢 Office | 📍 Brak lokalizacji","https://www.reed.co.uk/jobs/performance-qa-engineer/56758383?source=searchResults&filter=%2Fjobs%2Fsoftware-qa-engineer-jobs-in-united-kingdom",""
"QA Engineer","","","Reed","Software QA Engineer","🏢 Office | 📍 Brak lokalizacji","https://www.reed.co.uk/jobs/qa-engineer/56814982?source=searchResults&filter=%2Fjobs%2Fsoftware-qa-engineer-jobs-in-united-kingdom",""
"QA/Test Engineer","","","Reed","Software QA Engineer","🏢 Office | 📍 Brak lokalizacji","https://www.reed.co.uk/jobs/qa-test-engineer/56789929?source=searchResults&filter=%2Fjobs%2Fsoftware-qa-engineer-jobs-in-united-kingdom",""
"QA Engineer","","","Reed","Software QA Engineer","🏢 Office | 📍 Brak lokalizacji","https://www.reed.co.uk/jobs/qa-engineer/56793724?source=searchResults&filter=%2Fjobs%2Fsoftware-qa-engineer-jobs-in-united-kingdom",""
"Q&A Test Engineer","","","Reed","Software QA Engineer","🏢 Office | 📍 Brak lokalizacji","https://www.reed.co.uk/jobs/q-a-test-engineer/56686434?source=searchResults&filter=%2Fjobs%2Fsoftware-qa-engineer-jobs-in-united-kingdom",""
"Q&A Test Engineer","","","Reed","Software QA Engineer","🏢 Office | 📍 Brak lokalizacji","https://www.reed.co.uk/jobs/q-a-test-engineer/56772091?source=searchResults&filter=%2Fjobs%2Fsoftware-qa-engineer-jobs-in-united-kingdom",""
"Junior Automation QA Engineer","","","Reed","Software QA Engineer","🏢 Office | 📍 Brak lokalizacji","https://www.reed.co.uk/jobs/junior-automation-qa-engineer/56812839?source=searchResults&filter=%2Fjobs%2Fsoftware-qa-engineer-jobs-in-united-kingdom",""
"Quality Assurance Engineer","","","Reed","Software QA Engineer","🏢 Office | 📍 Brak lokalizacji","https://www.reed.co.uk/jobs/quality-assurance-engineer/56788684?source=searchResults&filter=%2Fjobs%2Fsoftware-qa-engineer-jobs-in-united-kingdom",""
"QA Engineer","","","Reed","Software QA Engineer","🏢 Office | 📍 Brak lokalizacji","https://www.reed.co.uk/jobs/qa-engineer/56789104?source=searchResults&filter=%2Fjobs%2Fsoftware-qa-engineer-jobs-in-united-kingdom",""
"Lead Quality Engineer","","","Reed","Software QA Engineer","🏢 Office | 📍 Brak lokalizacji","https://www.reed.co.uk/jobs/lead-quality-engineer/56812312?source=searchResults&filter=%2Fjobs%2Fsoftware-qa-engineer-jobs-in-united-kingdom",""
"QA Automation Engineer","","","Reed","Software QA Engineer","🏢 Office | 📍 Brak lokalizacji","https://www.reed.co.uk/jobs/qa-automation-engineer/56688980?source=searchResults&filter=%2Fjobs%2Fsoftware-qa-engineer-jobs-in-united-kingdom",""
"Senior Software Tester","","","Reed","Software QA Engineer","🏢 Office | 📍 Brak lokalizacji","https://www.reed.co.uk/jobs/senior-software-tester/56774708?source=searchResults&filter=%2Fjobs%2Fsoftware-qa-engineer-jobs-in-united-kingdom",""
"QA Chapter Lead","","","Reed","Software QA Engineer","🏢 Office | 📍 Brak lokalizacji","https://www.reed.co.uk/jobs/qa-chapter-lead/56693754?source=searchResults&filter=%2Fjobs%2Fsoftware-qa-engineer-jobs-in-united-kingdom",""
"Quality Engineer","","","Reed","Software QA Engineer","🏢 Office | 📍 Brak lokalizacji","https://www.reed.co.uk/jobs/quality-engineer/56749696?source=searchResults&filter=%2Fjobs%2Fsoftware-qa-engineer-jobs-in-united-kingdom",""
"Software Developer Apprentice","","","Reed","Software QA Engineer","🏢 Office | 📍 Brak lokalizacji","https://www.reed.co.uk/jobs/software-developer-apprentice/56781721?source=searchResults&filter=%2Fjobs%2Fsoftware-qa-engineer-jobs-in-united-kingdom",""
"Senior Software Engineer (Test)","","","Reed","Software QA Engineer","🏢 Office | 📍 Brak lokalizacji","https://www.reed.co.uk/jobs/senior-software-engineer-test/56758314?source=searchResults&filter=%2Fjobs%2Fsoftware-qa-engineer-jobs-in-united-kingdom",""
"Software/Firmware Test Engineer","","","Reed","Software QA Automation Engineer","🏢 Office | 📍 Brak lokalizacji","https://www.reed.co.uk/jobs/software-firmware-test-engineer/56735761?source=searchResults&filter=%2Fjobs%2Fsoftware-qa-automation-engineer-jobs-in-united-kingdom",""
"Software QA Engineer","","","Reed","Software QA Automation Engineer","🏢 Office | 📍 Brak lokalizacji","https://www.reed.co.uk/jobs/software-qa-engineer/56812917?source=searchResults&filter=%2Fjobs%2Fsoftware-qa-automation-engineer-jobs-in-united-kingdom",""
"Senior Software Tester","","","Reed","Software QA Automation Engineer","🏢 Office | 📍 Brak lokalizacji","https://www.reed.co.uk/jobs/senior-software-tester/56708334?source=searchResults&filter=%2Fjobs%2Fsoftware-qa-automation-engineer-jobs-in-united-kingdom",""
"Software Test Analyst","","","Reed","Software QA Automation Engineer","🏢 Office | 📍 Brak lokalizacji","https://www.reed.co.uk/jobs/software-test-analyst/56691744?source=searchResults&filter=%2Fjobs%2Fsoftware-qa-automation-engineer-jobs-in-united-kingdom",""
"Software Engineer Apprentice","","","Reed","Software QA Automation Engineer","🏢 Office | 📍 Brak lokalizacji","https://www.reed.co.uk/jobs/software-engineer-apprentice/56801791?source=searchResults&filter=%2Fjobs%2Fsoftware-qa-automation-engineer-jobs-in-united-kingdom",""
"Junior Automation QA Engineer","","","Reed","Software QA Automation Engineer","🏢 Office | 📍 Brak lokalizacji","https://www.reed.co.uk/jobs/junior-automation-qa-engineer/56812839?source=searchResults&filter=%2Fjobs%2Fsoftware-qa-automation-engineer-jobs-in-united-kingdom",""
"QA/Test Engineer","","","Reed","Software QA Automation Engineer","🏢 Office | 📍 Brak lokalizacji","https://www.reed.co.uk/jobs/qa-test-engineer/56789929?source=searchResults&filter=%2Fjobs%2Fsoftware-qa-automation-engineer-jobs-in-united-kingdom",""
"QA Automation Engineer","","","Reed","Software QA Automation Engineer","🏢 Office | 📍 Brak lokalizacji","https://www.reed.co.uk/jobs/qa-automation-engineer/56688980?source=searchResults&filter=%2Fjobs%2Fsoftware-qa-automation-engineer-jobs-in-united-kingdom",""
"QA Automation Engineer","","","Reed","Software QA Automation Engineer","🏢 Office | 📍 Brak lokalizacji","https://www.reed.co.uk/jobs/qa-automation-engineer/56815148?source=searchResults&filter=%2Fjobs%2Fsoftware-qa-automation-engineer-jobs-in-united-kingdom",""
"Q&A Test Engineer","","","Reed","Software QA Automation Engineer","🏢 Office | 📍 Brak lokalizacji","https://www.reed.co.uk/jobs/q-a-test-engineer/56686434?source=searchResults&filter=%2Fjobs%2Fsoftware-qa-automation-engineer-jobs-in-united-kingdom",""
"Q&A Test Engineer","","","Reed","Software QA Automation Engineer","🏢 Office | 📍 Brak lokalizacji","https://www.reed.co.uk/jobs/q-a-test-engineer/56772091?source=searchResults&filter=%2Fjobs%2Fsoftware-qa-automation-engineer-jobs-in-united-kingdom",""
"QA Engineer","","","Reed","Software QA Automation Engineer","🏢 Office | 📍 Brak lokalizacji","https://www.reed.co.uk/jobs/qa-engineer/56789104?source=searchResults&filter=%2Fjobs%2Fsoftware-qa-automation-engineer-jobs-in-united-kingdom",""
"AI & Digital Support Apprentice","","","Reed","Software QA Automation Engineer","🏢 Office | 📍 Brak lokalizacji","https://www.reed.co.uk/jobs/ai-digital-support-apprentice/56806607?source=searchResults&filter=%2Fjobs%2Fsoftware-qa-automation-engineer-jobs-in-united-kingdom",""
"QA Chapter Lead","","","Reed","Software QA Automation Engineer","🏢 Office | 📍 Brak lokalizacji","https://www.reed.co.uk/jobs/qa-chapter-lead/56693754?source=searchResults&filter=%2Fjobs%2Fsoftware-qa-automation-engineer-jobs-in-united-kingdom",""
"Tester/ Full Stack Quality Engineer - Katalon, Hybrid - London","","","Reed","Software QA Automation Engineer","🔀 Hybrid | 📍 Brak lokalizacji","https://www.reed.co.uk/jobs/tester-full-stack-quality-engineer-katalon-hybrid-london/56782949?source=searchResults&filter=%2Fjobs%2Fsoftware-qa-automation-engineer-jobs-in-united-kingdom",""
"Senior Software Engineer (Test)","","","Reed","Software QA Automation Engineer","🏢 Office | 📍 Brak lokalizacji","https://www.reed.co.uk/jobs/senior-software-engineer-test/56758314?source=searchResults&filter=%2Fjobs%2Fsoftware-qa-automation-engineer-jobs-in-united-kingdom",""
"Senior Automation engineer","","","Reed","Software QA Automation Engineer","🏢 Office | 📍 Brak lokalizacji","https://www.reed.co.uk/jobs/senior-automation-engineer/56689593?source=searchResults&filter=%2Fjobs%2Fsoftware-qa-automation-engineer-jobs-in-united-kingdom",""
"Test Automation Lead","","","Reed","Software QA Automation Engineer","🏢 Office | 📍 Brak lokalizacji","https://www.reed.co.uk/jobs/test-automation-lead/56804787?source=searchResults&filter=%2Fjobs%2Fsoftware-qa-automation-engineer-jobs-in-united-kingdom",""
"Data Analyst Apprentice","","","Reed","Software QA Automation Engineer","🏢 Office | 📍 Brak lokalizacji","https://www.reed.co.uk/jobs/data-analyst-apprentice/56832659?source=searchResults&filter=%2Fjobs%2Fsoftware-qa-automation-engineer-jobs-in-united-kingdom",""
"Test Engineer","","","Reed","Software QA Automation Engineer","🏢 Office | 📍 Brak lokalizacji","https://www.reed.co.uk/jobs/test-engineer/56822662?source=searchResults&filter=%2Fjobs%2Fsoftware-qa-automation-engineer-jobs-in-united-kingdom",""
"QA Engineer- Selenium Experience","","","Reed","Software QA Automation Engineer","🏢 Office | 📍 Brak lokalizacji","https://www.reed.co.uk/jobs/qa-engineer-selenium-experience/56765039?source=searchResults&filter=%2Fjobs%2Fsoftware-qa-automation-engineer-jobs-in-united-kingdom",""
"Test Engineer","","","Reed","Software QA Automation Engineer","🏢 Office | 📍 Brak lokalizacji","https://www.reed.co.uk/jobs/test-engineer/56800625?source=searchResults&filter=%2Fjobs%2Fsoftware-qa-automation-engineer-jobs-in-united-kingdom",""
"Quality Engineer","","","Reed","Software QA Automation Engineer","🏢 Office | 📍 Brak lokalizacji","https://www.reed.co.uk/jobs/quality-engineer/56812768?source=searchResults&filter=%2Fjobs%2Fsoftware-qa-automation-engineer-jobs-in-united-kingdom",""
"Quality Engineer","","","Reed","Software QA Automation Engineer","🏢 Office | 📍 Brak lokalizacji","https://www.reed.co.uk/jobs/quality-engineer/56694179?source=searchResults&filter=%2Fjobs%2Fsoftware-qa-automation-engineer-jobs-in-united-kingdom",""
"QA Test Lead","","","Reed","Software QA Automation Engineer","🏢 Office | 📍 Brak lokalizacji","https://www.reed.co.uk/jobs/qa-test-lead/56821661?source=searchResults&filter=%2Fjobs%2Fsoftware-qa-automation-engineer-jobs-in-united-kingdom",""
"Test Lead","","","Reed","Testing Lead","🏢 Office | 📍 Brak lokalizacji","https://www.reed.co.uk/jobs/test-lead/56801432?source=searchResults&filter=%2Fjobs%2Ftesting-lead-jobs-in-united-kingdom",""
"QA Test Lead","","","Reed","Testing Lead","🏢 Office | 📍 Brak lokalizacji","https://www.reed.co.uk/jobs/qa-test-lead/56821661?source=searchResults&filter=%2Fjobs%2Ftesting-lead-jobs-in-united-kingdom",""
"Test Automation Lead","","","Reed","Testing Lead","🏢 Office | 📍 Brak lokalizacji","https://www.reed.co.uk/jobs/test-automation-lead/56804787?source=searchResults&filter=%2Fjobs%2Ftesting-lead-jobs-in-united-kingdom",""
"Test Lead","","","Reed","Testing Lead","🏢 Office | 📍 Brak lokalizacji","https://www.reed.co.uk/jobs/test-lead/56732007?source=searchResults&filter=%2Fjobs%2Ftesting-lead-jobs-in-united-kingdom",""
"Software Test Lead","","","Reed","Testing Lead","🏢 Office | 📍 Brak lokalizacji","https://www.reed.co.uk/jobs/software-test-lead/56698262?source=searchResults&filter=%2Fjobs%2Ftesting-lead-jobs-in-united-kingdom",""
"Electronics Test Lead","","","Reed","Testing Lead","🏢 Office | 📍 Brak lokalizacji","https://www.reed.co.uk/jobs/electronics-test-lead/56719905?source=searchResults&filter=%2Fjobs%2Ftesting-lead-jobs-in-united-kingdom",""
"Security Test Lead","","","Reed","Testing Lead","🏢 Office | 📍 Brak lokalizacji","https://www.reed.co.uk/jobs/security-test-lead/56752614?source=searchResults&filter=%2Fjobs%2Ftesting-lead-jobs-in-united-kingdom",""
"Penetration Test Lead","","","Reed","Testing Lead","🏢 Office | 📍 Brak lokalizacji","https://www.reed.co.uk/jobs/penetration-test-lead/56694853?source=searchResults&filter=%2Fjobs%2Ftesting-lead-jobs-in-united-kingdom",""
"Test Lead","","","Reed","Testing Lead","🏢 Office | 📍 Brak lokalizacji","https://www.reed.co.uk/jobs/test-lead/56689532?source=searchResults&filter=%2Fjobs%2Ftesting-lead-jobs-in-united-kingdom",""
"Test Engineer","","","Reed","Testing Lead","🏢 Office | 📍 Brak lokalizacji","https://www.reed.co.uk/jobs/test-engineer/56822662?source=searchResults&filter=%2Fjobs%2Ftesting-lead-jobs-in-united-kingdom",""
"Test Lead with Active SC Clearance - London/Corsham, UK","","","Reed","Testing Lead","🏢 Office | 📍 Brak lokalizacji","https://www.reed.co.uk/jobs/test-lead-with-active-sc-clearance-london-corsham-uk/56818623?source=searchResults&filter=%2Fjobs%2Ftesting-lead-jobs-in-united-kingdom",""
"Project Test Manager","","","Reed","Testing Lead","🏢 Office | 📍 Brak lokalizacji","https://www.reed.co.uk/jobs/project-test-manager/56764892?source=searchResults&filter=%2Fjobs%2Ftesting-lead-jobs-in-united-kingdom",""
"Principal Test Engineer","","","Reed","Testing Lead","🏢 Office | 📍 Brak lokalizacji","https://www.reed.co.uk/jobs/principal-test-engineer/56814594?source=searchResults&filter=%2Fjobs%2Ftesting-lead-jobs-in-united-kingdom",""
"Lead Quality Assurance - Salesforce","","","Reed","Testing Lead","🏢 Office | 📍 Brak lokalizacji","https://www.reed.co.uk/jobs/lead-quality-assurance-salesforce/56778952?source=searchResults&filter=%2Fjobs%2Ftesting-lead-jobs-in-united-kingdom",""
"Lead Electronic Test Engineer","","","Reed","Testing Lead","🏢 Office | 📍 Brak lokalizacji","https://www.reed.co.uk/jobs/lead-electronic-test-engineer/56460201?source=searchResults&filter=%2Fjobs%2Ftesting-lead-jobs-in-united-kingdom",""
"Lead Engineer","","","Reed","Testing Lead","🏢 Office | 📍 Brak lokalizacji","https://www.reed.co.uk/jobs/lead-engineer/56424517?source=searchResults&filter=%2Fjobs%2Ftesting-lead-jobs-in-united-kingdom",""
"Senior Propulsion Test Engineer","","","Reed","Testing Lead","🏢 Office | 📍 Brak lokalizacji","https://www.reed.co.uk/jobs/senior-propulsion-test-engineer/56691564?source=searchResults&filter=%2Fjobs%2Ftesting-lead-jobs-in-united-kingdom",""
"Engineering Lead","","","Reed","Testing Lead","🏢 Office | 📍 Brak lokalizacji","https://www.reed.co.uk/jobs/engineering-lead/56791166?source=searchResults&filter=%2Fjobs%2Ftesting-lead-jobs-in-united-kingdom",""
"Test Manager","","","Reed","Testing Lead","🏢 Office | 📍 Brak lokalizacji","https://www.reed.co.uk/jobs/test-manager/56837852?source=searchResults&filter=%2Fjobs%2Ftesting-lead-jobs-in-united-kingdom",""
"Test and Release Manager","","","Reed","Testing Lead","🏢 Office | 📍 Brak lokalizacji","https://www.reed.co.uk/jobs/test-and-release-manager/56764062?source=searchResults&filter=%2Fjobs%2Ftesting-lead-jobs-in-united-kingdom",""
"Lead Software Engineer","","","Reed","Testing Lead","🏢 Office | 📍 Brak lokalizacji","https://www.reed.co.uk/jobs/lead-software-engineer/56702631?source=searchResults&filter=%2Fjobs%2Ftesting-lead-jobs-in-united-kingdom",""
"Automation Tester - Outside IR35","","","Reed","Testing Lead","🏢 Office | 📍 Brak lokalizacji","https://www.reed.co.uk/jobs/automation-tester-outside-ir35/56736295?source=searchResults&filter=%2Fjobs%2Ftesting-lead-jobs-in-united-kingdom",""
"Test Automation Manager","","","Reed","Testing Lead","🏢 Office | 📍 Brak lokalizacji","https://www.reed.co.uk/jobs/test-automation-manager/56769563?source=searchResults&filter=%2Fjobs%2Ftesting-lead-jobs-in-united-kingdom",""
"Internal Controls Tester","","","Reed","Testing Lead","🏢 Office | 📍 Brak lokalizacji","https://www.reed.co.uk/jobs/internal-controls-tester/56844404?source=searchResults&filter=%2Fjobs%2Ftesting-lead-jobs-in-united-kingdom",""
"Technical Lead","","","Reed","Testing Lead","🏢 Office | 📍 Brak lokalizacji","https://www.reed.co.uk/jobs/technical-lead/56733206?source=searchResults&filter=%2Fjobs%2Ftesting-lead-jobs-in-united-kingdom",""
"QA Test Lead","","","Reed","Test Lead","🏢 Office | 📍 Brak lokalizacji","https://www.reed.co.uk/jobs/qa-test-lead/56821661?source=searchResults&filter=%2Fjobs%2Ftest-lead-jobs-in-united-kingdom",""
"Test Lead","","","Reed","Test Lead","🏢 Office | 📍 Brak lokalizacji","https://www.reed.co.uk/jobs/test-lead/56801432?source=searchResults&filter=%2Fjobs%2Ftest-lead-jobs-in-united-kingdom",""
"Test Automation Lead","","","Reed","Test Lead","🏢 Office | 📍 Brak lokalizacji","https://www.reed.co.uk/jobs/test-automation-lead/56804787?source=searchResults&filter=%2Fjobs%2Ftest-lead-jobs-in-united-kingdom",""
"Test Lead","","","Reed","Test Lead","🏢 Office | 📍 Brak lokalizacji","https://www.reed.co.uk/jobs/test-lead/56732007?source=searchResults&filter=%2Fjobs%2Ftest-lead-jobs-in-united-kingdom",""
"Software Test Lead","","","Reed","Test Lead","🏢 Office | 📍 Brak lokalizacji","https://www.reed.co.uk/jobs/software-test-lead/56698262?source=searchResults&filter=%2Fjobs%2Ftest-lead-jobs-in-united-kingdom",""
"Electronics Test Lead","","","Reed","Test Lead","🏢 Office | 📍 Brak lokalizacji","https://www.reed.co.uk/jobs/electronics-test-lead/56719905?source=searchResults&filter=%2Fjobs%2Ftest-lead-jobs-in-united-kingdom",""
"Security Test Lead","","","Reed","Test Lead","🏢 Office | 📍 Brak lokalizacji","https://www.reed.co.uk/jobs/security-test-lead/56752614?source=searchResults&filter=%2Fjobs%2Ftest-lead-jobs-in-united-kingdom",""
"Penetration Test Lead","","","Reed","Test Lead","🏢 Office | 📍 Brak lokalizacji","https://www.reed.co.uk/jobs/penetration-test-lead/56694853?source=searchResults&filter=%2Fjobs%2Ftest-lead-jobs-in-united-kingdom",""
"Test Lead","","","Reed","Test Lead","🏢 Office | 📍 Brak lokalizacji","https://www.reed.co.uk/jobs/test-lead/56689532?source=searchResults&filter=%2Fjobs%2Ftest-lead-jobs-in-united-kingdom",""
"Test Engineer","","","Reed","Test Lead","🏢 Office | 📍 Brak lokalizacji","https://www.reed.co.uk/jobs/test-engineer/56822662?source=searchResults&filter=%2Fjobs%2Ftest-lead-jobs-in-united-kingdom",""
"Principal Test Engineer","","","Reed","Test Lead","🏢 Office | 📍 Brak lokalizacji","https://www.reed.co.uk/jobs/principal-test-engineer/56814594?source=searchResults&filter=%2Fjobs%2Ftest-lead-jobs-in-united-kingdom",""
"Lead Quality Assurance - Salesforce","","","Reed","Test Lead","🏢 Office | 📍 Brak lokalizacji","https://www.reed.co.uk/jobs/lead-quality-assurance-salesforce/56778952?source=searchResults&filter=%2Fjobs%2Ftest-lead-jobs-in-united-kingdom",""
"Lead Electronic Test Engineer","","","Reed","Test Lead","🏢 Office | 📍 Brak lokalizacji","https://www.reed.co.uk/jobs/lead-electronic-test-engineer/56460201?source=searchResults&filter=%2Fjobs%2Ftest-lead-jobs-in-united-kingdom",""
"Lead Engineer","","","Reed","Test Lead","🏢 Office | 📍 Brak lokalizacji","https://www.reed.co.uk/jobs/lead-engineer/56424517?source=searchResults&filter=%2Fjobs%2Ftest-lead-jobs-in-united-kingdom",""
"Senior Propulsion Test Engineer","","","Reed","Test Lead","🏢 Office | 📍 Brak lokalizacji","https://www.reed.co.uk/jobs/senior-propulsion-test-engineer/56691564?source=searchResults&filter=%2Fjobs%2Ftest-lead-jobs-in-united-kingdom",""
"Engineering Lead","","","Reed","Test Lead","🏢 Office | 📍 Brak lokalizacji","https://www.reed.co.uk/jobs/engineering-lead/56791166?source=searchResults&filter=%2Fjobs%2Ftest-lead-jobs-in-united-kingdom",""
"Test Lead with Active SC Clearance - London/Corsham, UK","","","Reed","Test Lead","🏢 Office | 📍 Brak lokalizacji","https://www.reed.co.uk/jobs/test-lead-with-active-sc-clearance-london-corsham-uk/56818623?source=searchResults&filter=%2Fjobs%2Ftest-lead-jobs-in-united-kingdom",""
"Test Manager","","","Reed","Test Lead","🏢 Office | 📍 Brak lokalizacji","https://www.reed.co.uk/jobs/test-manager/56837852?source=searchResults&filter=%2Fjobs%2Ftest-lead-jobs-in-united-kingdom",""
"Test and Release Manager","","","Reed","Test Lead","🏢 Office | 📍 Brak lokalizacji","https://www.reed.co.uk/jobs/test-and-release-manager/56764062?source=searchResults&filter=%2Fjobs%2Ftest-lead-jobs-in-united-kingdom",""
"Lead Software Engineer","","","Reed","Test Lead","🏢 Office | 📍 Brak lokalizacji","https://www.reed.co.uk/jobs/lead-software-engineer/56702631?source=searchResults&filter=%2Fjobs%2Ftest-lead-jobs-in-united-kingdom",""
"Automation Tester - Outside IR35","","","Reed","Test Lead","🏢 Office | 📍 Brak lokalizacji","https://www.reed.co.uk/jobs/automation-tester-outside-ir35/56736295?source=searchResults&filter=%2Fjobs%2Ftest-lead-jobs-in-united-kingdom",""
"Test Automation Manager","","","Reed","Test Lead","🏢 Office | 📍 Brak lokalizacji","https://www.reed.co.uk/jobs/test-automation-manager/56769563?source=searchResults&filter=%2Fjobs%2Ftest-lead-jobs-in-united-kingdom",""
"Technical Lead","","","Reed","Test Lead","🏢 Office | 📍 Brak lokalizacji","https://www.reed.co.uk/jobs/technical-lead/56733206?source=searchResults&filter=%2Fjobs%2Ftest-lead-jobs-in-united-kingdom",""
"QA Automation Engineer","","","Reed","Test Lead","🏢 Office | 📍 Brak lokalizacji","https://www.reed.co.uk/jobs/qa-automation-engineer/56815148?source=searchResults&filter=%2Fjobs%2Ftest-lead-jobs-in-united-kingdom",""
"Software/Firmware Test Engineer","","","Reed","Test Lead","🏢 Office | 📍 Brak lokalizacji","https://www.reed.co.uk/jobs/software-firmware-test-engineer/56735761?source=searchResults&filter=%2Fjobs%2Ftest-lead-jobs-in-united-kingdom",""
"QA Automation Engineer","","","Reed","QA Engineer","🏢 Office | 📍 Brak lokalizacji","https://www.reed.co.uk/jobs/qa-automation-engineer/56815148?source=searchResults&filter=%2Fjobs%2Fqa-engineer-jobs-in-united-kingdom",""
"QA Engineer","","","Reed","QA Engineer","🏢 Office | 📍 Brak lokalizacji","https://www.reed.co.uk/jobs/qa-engineer/56793724?source=searchResults&filter=%2Fjobs%2Fqa-engineer-jobs-in-united-kingdom",""
"QA Engineer","","","Reed","QA Engineer","🏢 Office | 📍 Brak lokalizacji","https://www.reed.co.uk/jobs/qa-engineer/56736133?source=searchResults&filter=%2Fjobs%2Fqa-engineer-jobs-in-united-kingdom",""
"QA Engineer","","","Reed","QA Engineer","🏢 Office | 📍 Brak lokalizacji","https://www.reed.co.uk/jobs/qa-engineer/56814982?source=searchResults&filter=%2Fjobs%2Fqa-engineer-jobs-in-united-kingdom",""
"QA Engineer","","","Reed","QA Engineer","🏢 Office | 📍 Brak lokalizacji","https://www.reed.co.uk/jobs/qa-engineer/56789104?source=searchResults&filter=%2Fjobs%2Fqa-engineer-jobs-in-united-kingdom",""
"QA Engineer","","","Reed","QA Engineer","🏢 Office | 📍 Brak lokalizacji","https://www.reed.co.uk/jobs/qa-engineer/56779691?source=searchResults&filter=%2Fjobs%2Fqa-engineer-jobs-in-united-kingdom",""
"QA Engineer","","","Reed","QA Engineer","🏢 Office | 📍 Brak lokalizacji","https://www.reed.co.uk/jobs/qa-engineer/56836249?source=searchResults&filter=%2Fjobs%2Fqa-engineer-jobs-in-united-kingdom",""
"QA/Test Engineer","","","Reed","QA Engineer","🏢 Office | 📍 Brak lokalizacji","https://www.reed.co.uk/jobs/qa-test-engineer/56789929?source=searchResults&filter=%2Fjobs%2Fqa-engineer-jobs-in-united-kingdom",""
"QA Automation Engineer","","","Reed","QA Engineer","🏢 Office | 📍 Brak lokalizacji","https://www.reed.co.uk/jobs/qa-automation-engineer/56688980?source=searchResults&filter=%2Fjobs%2Fqa-engineer-jobs-in-united-kingdom",""
"Quality Assurance Engineer","","","Reed","QA Engineer","🏢 Office | 📍 Brak lokalizacji","https://www.reed.co.uk/jobs/quality-assurance-engineer/56788684?source=searchResults&filter=%2Fjobs%2Fqa-engineer-jobs-in-united-kingdom",""
"Quality Assurance Engineer","","","Reed","QA Engineer","🏢 Office | 📍 Brak lokalizacji","https://www.reed.co.uk/jobs/quality-assurance-engineer/56817300?source=searchResults&filter=%2Fjobs%2Fqa-engineer-jobs-in-united-kingdom",""
"QA Automation Engineer","","","Reed","QA Engineer","🏢 Office | 📍 Brak lokalizacji","https://www.reed.co.uk/jobs/qa-automation-engineer/56848010?source=searchResults&filter=%2Fjobs%2Fqa-engineer-jobs-in-united-kingdom",""
"Performance QA Engineer","","","Reed","QA Engineer","🏢 Office | 📍 Brak lokalizacji","https://www.reed.co.uk/jobs/performance-qa-engineer/56758383?source=searchResults&filter=%2Fjobs%2Fqa-engineer-jobs-in-united-kingdom",""
"Software QA Engineer","","","Reed","QA Engineer","🏢 Office | 📍 Brak lokalizacji","https://www.reed.co.uk/jobs/software-qa-engineer/56812917?source=searchResults&filter=%2Fjobs%2Fqa-engineer-jobs-in-united-kingdom",""
"Senior Quality Assurance Engineer","","","Reed","QA Engineer","🏢 Office | 📍 Brak lokalizacji","https://www.reed.co.uk/jobs/senior-quality-assurance-engineer/56824839?source=searchResults&filter=%2Fjobs%2Fqa-engineer-jobs-in-united-kingdom",""
"Operations Quality Assurance Engineer","","","Reed","QA Engineer","🏢 Office | 📍 Brak lokalizacji","https://www.reed.co.uk/jobs/operations-quality-assurance-engineer/56795068?source=searchResults&filter=%2Fjobs%2Fqa-engineer-jobs-in-united-kingdom",""
"Hardware/QA Test Engineer","","","Reed","QA Engineer","🏢 Office | 📍 Brak lokalizacji","https://www.reed.co.uk/jobs/hardware-qa-test-engineer/56759489?source=searchResults&filter=%2Fjobs%2Fqa-engineer-jobs-in-united-kingdom",""
"QA Engineer- Selenium Experience","","","Reed","QA Engineer","🏢 Office | 📍 Brak lokalizacji","https://www.reed.co.uk/jobs/qa-engineer-selenium-experience/56765039?source=searchResults&filter=%2Fjobs%2Fqa-engineer-jobs-in-united-kingdom",""
"Junior Automation QA Engineer","","","Reed","QA Engineer","🏢 Office | 📍 Brak lokalizacji","https://www.reed.co.uk/jobs/junior-automation-qa-engineer/56812839?source=searchResults&filter=%2Fjobs%2Fqa-engineer-jobs-in-united-kingdom",""
"QA Engineer (Automation) - Manchester","","","Reed","QA Engineer","🏢 Office | 📍 Brak lokalizacji","https://www.reed.co.uk/jobs/qa-engineer-automation-manchester/56791497?source=searchResults&filter=%2Fjobs%2Fqa-engineer-jobs-in-united-kingdom",""
"Principal Quality Assurance Engineer - Stevenage","","","Reed","QA Engineer","🏢 Office | 📍 Brak lokalizacji","https://www.reed.co.uk/jobs/principal-quality-assurance-engineer-stevenage/56752744?source=searchResults&filter=%2Fjobs%2Fqa-engineer-jobs-in-united-kingdom",""
"Principal Quality Assurance Engineer - Bolton","","","Reed","QA Engineer","🏢 Office | 📍 Brak lokalizacji","https://www.reed.co.uk/jobs/principal-quality-assurance-engineer-bolton/56752767?source=searchResults&filter=%2Fjobs%2Fqa-engineer-jobs-in-united-kingdom",""
"QA Engineer – Insurance Claims system","","","Reed","QA Engineer","🏢 Office | 📍 Brak lokalizacji","https://www.reed.co.uk/jobs/qa-engineer--insurance-claims-system/56822673?source=searchResults&filter=%2Fjobs%2Fqa-engineer-jobs-in-united-kingdom",""
"Mobile Test Automation Engineer (QA Engineer)","","","Reed","QA Engineer","🏢 Office | 📍 Brak lokalizacji","https://www.reed.co.uk/jobs/mobile-test-automation-engineer-qa-engineer/56796132?source=searchResults&filter=%2Fjobs%2Fqa-engineer-jobs-in-united-kingdom",""
"Manufacturing Inspector/Quality Assurance Engineer","","","Reed","QA Engineer","🏢 Office | 📍 Brak lokalizacji","https://www.reed.co.uk/jobs/manufacturing-inspector-quality-assurance-engineer/56806514?source=searchResults&filter=%2Fjobs%2Fqa-engineer-jobs-in-united-kingdom",""
"QA Automation Engineer","","","Reed","QA Automation Engineer","🏢 Office | 📍 Brak lokalizacji","https://www.reed.co.uk/jobs/qa-automation-engineer/56815148?source=searchResults&filter=%2Fjobs%2Fqa-automation-engineer-jobs-in-united-kingdom",""
"QA Automation Engineer","","","Reed","QA Automation Engineer","🏢 Office | 📍 Brak lokalizacji","https://www.reed.co.uk/jobs/qa-automation-engineer/56688980?source=searchResults&filter=%2Fjobs%2Fqa-automation-engineer-jobs-in-united-kingdom",""
"QA Automation Engineer","","","Reed","QA Automation Engineer","🏢 Office | 📍 Brak lokalizacji","https://www.reed.co.uk/jobs/qa-automation-engineer/56848010?source=searchResults&filter=%2Fjobs%2Fqa-automation-engineer-jobs-in-united-kingdom",""
"Senior QA Automation Engineer | Oxford/Hybrid | £55,000 - £65,000 |","","","Reed","QA Automation Engineer","🔀 Hybrid | 📍 Brak lokalizacji","https://www.reed.co.uk/jobs/senior-qa-automation-engineer--oxford-hybrid--55000-65000-/56686950?source=searchResults&filter=%2Fjobs%2Fqa-automation-engineer-jobs-in-united-kingdom",""
"Junior Automation QA Engineer","","","Reed","QA Automation Engineer","🏢 Office | 📍 Brak lokalizacji","https://www.reed.co.uk/jobs/junior-automation-qa-engineer/56812839?source=searchResults&filter=%2Fjobs%2Fqa-automation-engineer-jobs-in-united-kingdom",""
"QA Engineer (Automation) - Manchester","","","Reed","QA Automation Engineer","🏢 Office | 📍 Brak lokalizacji","https://www.reed.co.uk/jobs/qa-engineer-automation-manchester/56791497?source=searchResults&filter=%2Fjobs%2Fqa-automation-engineer-jobs-in-united-kingdom",""
"Mobile Test Automation Engineer (QA Engineer)","","","Reed","QA Automation Engineer","🏢 Office | 📍 Brak lokalizacji","https://www.reed.co.uk/jobs/mobile-test-automation-engineer-qa-engineer/56796132?source=searchResults&filter=%2Fjobs%2Fqa-automation-engineer-jobs-in-united-kingdom",""
"Software/Firmware Test Engineer","","","Reed","QA Automation Engineer","🏢 Office | 📍 Brak lokalizacji","https://www.reed.co.uk/jobs/software-firmware-test-engineer/56735761?source=searchResults&filter=%2Fjobs%2Fqa-automation-engineer-jobs-in-united-kingdom",""
"QA Automation Architect","","","Reed","QA Automation Engineer","🏢 Office | 📍 Brak lokalizacji","https://www.reed.co.uk/jobs/qa-automation-architect/56707904?source=searchResults&filter=%2Fjobs%2Fqa-automation-engineer-jobs-in-united-kingdom",""
"Senior Automation engineer","","","Reed","QA Automation Engineer","🏢 Office | 📍 Brak lokalizacji","https://www.reed.co.uk/jobs/senior-automation-engineer/56689593?source=searchResults&filter=%2Fjobs%2Fqa-automation-engineer-jobs-in-united-kingdom",""
"Software QA Engineer","","","Reed","QA Automation Engineer","🏢 Office | 📍 Brak lokalizacji","https://www.reed.co.uk/jobs/software-qa-engineer/56812917?source=searchResults&filter=%2Fjobs%2Fqa-automation-engineer-jobs-in-united-kingdom",""
"QA Engineer","","","Reed","QA Automation Engineer","🏢 Office | 📍 Brak lokalizacji","https://www.reed.co.uk/jobs/qa-engineer/56736133?source=searchResults&filter=%2Fjobs%2Fqa-automation-engineer-jobs-in-united-kingdom",""
"QA/Test Engineer","","","Reed","QA Automation Engineer","🏢 Office | 📍 Brak lokalizacji","https://www.reed.co.uk/jobs/qa-test-engineer/56789929?source=searchResults&filter=%2Fjobs%2Fqa-automation-engineer-jobs-in-united-kingdom",""
"Lead Automation Tester Engineer, C#, tyescript, Playwright","","","Reed","QA Automation Engineer","🏢 Office | 📍 Brak lokalizacji","https://www.reed.co.uk/jobs/lead-automation-tester-engineer-c-tyescript-playwright/56838448?source=searchResults&filter=%2Fjobs%2Fqa-automation-engineer-jobs-in-united-kingdom",""
"QA Engineer – Insurance Claims system","","","Reed","QA Automation Engineer","🏢 Office | 📍 Brak lokalizacji","https://www.reed.co.uk/jobs/qa-engineer--insurance-claims-system/56822673?source=searchResults&filter=%2Fjobs%2Fqa-automation-engineer-jobs-in-united-kingdom",""
"QA Engineer","","","Reed","QA Automation Engineer","🏢 Office | 📍 Brak lokalizacji","https://www.reed.co.uk/jobs/qa-engineer/56789104?source=searchResults&filter=%2Fjobs%2Fqa-automation-engineer-jobs-in-united-kingdom",""
"Q&A Test Engineer","","","Reed","QA Automation Engineer","🏢 Office | 📍 Brak lokalizacji","https://www.reed.co.uk/jobs/q-a-test-engineer/56686434?source=searchResults&filter=%2Fjobs%2Fqa-automation-engineer-jobs-in-united-kingdom",""
"Q&A Test Engineer","","","Reed","QA Automation Engineer","🏢 Office | 📍 Brak lokalizacji","https://www.reed.co.uk/jobs/q-a-test-engineer/56772091?source=searchResults&filter=%2Fjobs%2Fqa-automation-engineer-jobs-in-united-kingdom",""
"QA Chapter Lead","","","Reed","QA Automation Engineer","🏢 Office | 📍 Brak lokalizacji","https://www.reed.co.uk/jobs/qa-chapter-lead/56693754?source=searchResults&filter=%2Fjobs%2Fqa-automation-engineer-jobs-in-united-kingdom",""
"Software Test Analyst","","","Reed","QA Automation Engineer","🏢 Office | 📍 Brak lokalizacji","https://www.reed.co.uk/jobs/software-test-analyst/56691744?source=searchResults&filter=%2Fjobs%2Fqa-automation-engineer-jobs-in-united-kingdom",""
"Tester/ Full Stack Quality Engineer - Katalon, Hybrid - London","","","Reed","QA Automation Engineer","🔀 Hybrid | 📍 Brak lokalizacji","https://www.reed.co.uk/jobs/tester-full-stack-quality-engineer-katalon-hybrid-london/56782949?source=searchResults&filter=%2Fjobs%2Fqa-automation-engineer-jobs-in-united-kingdom",""
"Test Automation Lead","","","Reed","QA Automation Engineer","🏢 Office | 📍 Brak lokalizacji","https://www.reed.co.uk/jobs/test-automation-lead/56804787?source=searchResults&filter=%2Fjobs%2Fqa-automation-engineer-jobs-in-united-kingdom",""
"Automation Engineer","","","Reed","QA Automation Engineer","🏢 Office | 📍 Brak lokalizacji","https://www.reed.co.uk/jobs/automation-engineer/56675619?source=searchResults&filter=%2Fjobs%2Fqa-automation-engineer-jobs-in-united-kingdom",""
"Software Engineer Apprentice","","","Reed","QA Automation Engineer","🏢 Office | 📍 Brak lokalizacji","https://www.reed.co.uk/jobs/software-engineer-apprentice/56801791?source=searchResults&filter=%2Fjobs%2Fqa-automation-engineer-jobs-in-united-kingdom",""
"Supplier Development and Quality Engineer","","","Reed","QA Automation Engineer","🏢 Office | 📍 Brak lokalizacji","https://www.reed.co.uk/jobs/supplier-development-and-quality-engineer/56788592?source=searchResults&filter=%2Fjobs%2Fqa-automation-engineer-jobs-in-united-kingdom",""
"Senior Test Automation Engineer (Data)","","","Reed","Test Automation Engineer","🏢 Office | 📍 Brak lokalizacji","https://www.reed.co.uk/jobs/senior-test-automation-engineer-data/56778238?source=searchResults&filter=%2Fjobs%2Ftest-automation-engineer-jobs-in-united-kingdom",""
"Mobile Test Automation Engineer (QA Engineer)","","","Reed","Test Automation Engineer","🏢 Office | 📍 Brak lokalizacji","https://www.reed.co.uk/jobs/mobile-test-automation-engineer-qa-engineer/56796132?source=searchResults&filter=%2Fjobs%2Ftest-automation-engineer-jobs-in-united-kingdom",""
"Test Automation Lead","","","Reed","Test Automation Engineer","🏢 Office | 📍 Brak lokalizacji","https://www.reed.co.uk/jobs/test-automation-lead/56804787?source=searchResults&filter=%2Fjobs%2Ftest-automation-engineer-jobs-in-united-kingdom",""
"Principal Test Engineer","","","Reed","Test Automation Engineer","🏢 Office | 📍 Brak lokalizacji","https://www.reed.co.uk/jobs/principal-test-engineer/56814594?source=searchResults&filter=%2Fjobs%2Ftest-automation-engineer-jobs-in-united-kingdom",""
"Software/Firmware Test Engineer","","","Reed","Test Automation Engineer","🏢 Office | 📍 Brak lokalizacji","https://www.reed.co.uk/jobs/software-firmware-test-engineer/56735761?source=searchResults&filter=%2Fjobs%2Ftest-automation-engineer-jobs-in-united-kingdom",""
"Test Engineer","","","Reed","Test Automation Engineer","🏢 Office | 📍 Brak lokalizacji","https://www.reed.co.uk/jobs/test-engineer/56822662?source=searchResults&filter=%2Fjobs%2Ftest-automation-engineer-jobs-in-united-kingdom",""
"Senior Propulsion Test Engineer","","","Reed","Test Automation Engineer","🏢 Office | 📍 Brak lokalizacji","https://www.reed.co.uk/jobs/senior-propulsion-test-engineer/56691564?source=searchResults&filter=%2Fjobs%2Ftest-automation-engineer-jobs-in-united-kingdom",""
"Test Engineer- 3-6 month contract","","","Reed","Test Automation Engineer","🏢 Office | 📍 Brak lokalizacji","https://www.reed.co.uk/jobs/test-engineer-3-6-month-contract/56811942?source=searchResults&filter=%2Fjobs%2Ftest-automation-engineer-jobs-in-united-kingdom",""
"QA Automation Engineer","","","Reed","Test Automation Engineer","🏢 Office | 📍 Brak lokalizacji","https://www.reed.co.uk/jobs/qa-automation-engineer/56815148?source=searchResults&filter=%2Fjobs%2Ftest-automation-engineer-jobs-in-united-kingdom",""
"Automation Engineer","","","Reed","Test Automation Engineer","🏢 Office | 📍 Brak lokalizacji","https://www.reed.co.uk/jobs/automation-engineer/56675619?source=searchResults&filter=%2Fjobs%2Ftest-automation-engineer-jobs-in-united-kingdom",""
"Automation Engineer","","","Reed","Test Automation Engineer","🏢 Office | 📍 Brak lokalizacji","https://www.reed.co.uk/jobs/automation-engineer/56797503?source=searchResults&filter=%2Fjobs%2Ftest-automation-engineer-jobs-in-united-kingdom",""
"Warehouse Automation Engineer","","","Reed","Test Automation Engineer","🏢 Office | 📍 Brak lokalizacji","https://www.reed.co.uk/jobs/warehouse-automation-engineer/56397660?source=searchResults&filter=%2Fjobs%2Ftest-automation-engineer-jobs-in-united-kingdom",""
"QA Automation Engineer","","","Reed","Test Automation Engineer","🏢 Office | 📍 Brak lokalizacji","https://www.reed.co.uk/jobs/qa-automation-engineer/56848010?source=searchResults&filter=%2Fjobs%2Ftest-automation-engineer-jobs-in-united-kingdom",""
"Warehouse Automation Maintenance Engineer","","","Reed","Test Automation Engineer","🏢 Office | 📍 Brak lokalizacji","https://www.reed.co.uk/jobs/warehouse-automation-maintenance-engineer/56838652?source=searchResults&filter=%2Fjobs%2Ftest-automation-engineer-jobs-in-united-kingdom",""
"QA Automation Engineer","","","Reed","Test Automation Engineer","🏢 Office | 📍 Brak lokalizacji","https://www.reed.co.uk/jobs/qa-automation-engineer/56688980?source=searchResults&filter=%2Fjobs%2Ftest-automation-engineer-jobs-in-united-kingdom",""
"Senior QA Automation Engineer | Oxford/Hybrid | £55,000 - £65,000 |","","","Reed","Test Automation Engineer","🔀 Hybrid | 📍 Brak lokalizacji","https://www.reed.co.uk/jobs/senior-qa-automation-engineer--oxford-hybrid--55000-65000-/56686950?source=searchResults&filter=%2Fjobs%2Ftest-automation-engineer-jobs-in-united-kingdom",""
"Test Engineer","","","Reed","Test Automation Engineer","🏢 Office | 📍 Brak lokalizacji","https://www.reed.co.uk/jobs/test-engineer/56686322?source=searchResults&filter=%2Fjobs%2Ftest-automation-engineer-jobs-in-united-kingdom",""
"Junior Automation QA Engineer","","","Reed","Test Automation Engineer","🏢 Office | 📍 Brak lokalizacji","https://www.reed.co.uk/jobs/junior-automation-qa-engineer/56812839?source=searchResults&filter=%2Fjobs%2Ftest-automation-engineer-jobs-in-united-kingdom",""
"QA Engineer (Automation) - Manchester","","","Reed","Test Automation Engineer","🏢 Office | 📍 Brak lokalizacji","https://www.reed.co.uk/jobs/qa-engineer-automation-manchester/56791497?source=searchResults&filter=%2Fjobs%2Ftest-automation-engineer-jobs-in-united-kingdom",""
"Senior Automation engineer","","","Reed","Test Automation Engineer","🏢 Office | 📍 Brak lokalizacji","https://www.reed.co.uk/jobs/senior-automation-engineer/56689593?source=searchResults&filter=%2Fjobs%2Ftest-automation-engineer-jobs-in-united-kingdom",""
"Avionic System Development & Test Engineer","","","Reed","Test Automation Engineer","🏢 Office | 📍 Brak lokalizacji","https://www.reed.co.uk/jobs/avionic-system-development-test-engineer/56714583?source=searchResults&filter=%2Fjobs%2Ftest-automation-engineer-jobs-in-united-kingdom",""
"Lead Automation Tester Engineer, C#, tyescript, Playwright","","","Reed","Test Automation Engineer","🏢 Office | 📍 Brak lokalizacji","https://www.reed.co.uk/jobs/lead-automation-tester-engineer-c-tyescript-playwright/56838448?source=searchResults&filter=%2Fjobs%2Ftest-automation-engineer-jobs-in-united-kingdom",""
"Test Lead","","","Reed","Test Automation Engineer","🏢 Office | 📍 Brak lokalizacji","https://www.reed.co.uk/jobs/test-lead/56801432?source=searchResults&filter=%2Fjobs%2Ftest-automation-engineer-jobs-in-united-kingdom",""
"Automation Test Analyst","","","Reed","Test Automation Engineer","🏢 Office | 📍 Brak lokalizacji","https://www.reed.co.uk/jobs/automation-test-analyst/56809701?source=searchResults&filter=%2Fjobs%2Ftest-automation-engineer-jobs-in-united-kingdom",""
"Software Test Engineer","","","Reed","Test Automation Engineer","🏢 Office | 📍 Brak lokalizacji","https://www.reed.co.uk/jobs/software-test-engineer/56840898?source=searchResults&filter=%2Fjobs%2Ftest-automation-engineer-jobs-in-united-kingdom",""
"Principal SDET/SEIT","","","Reed","SDET","🏢 Office | 📍 Brak lokalizacji","https://www.reed.co.uk/jobs/principal-sdet-seit/56840805?source=searchResults&filter=%2Fjobs%2Fsdet-jobs-in-united-kingdom",""
"Software Engineer In Test (SDET)","","","Reed","SDET","🏢 Office | 📍 Brak lokalizacji","https://www.reed.co.uk/jobs/software-engineer-in-test-sdet/56786135?source=searchResults&filter=%2Fjobs%2Fsdet-jobs-in-united-kingdom",""
"QA Automation Engineer","","","Reed","SDET","🏢 Office | 📍 Brak lokalizacji","https://www.reed.co.uk/jobs/qa-automation-engineer/56815148?source=searchResults&filter=%2Fjobs%2Fsdet-jobs-in-united-kingdom",""
"SIEM Engineer","","","Reed","SDET","🏢 Office | 📍 Brak lokalizacji","https://www.reed.co.uk/jobs/siem-engineer/56822589?source=searchResults&filter=%2Fjobs%2Fsdet-jobs-in-united-kingdom",""
"QA Test Lead","","","Reed","SDET","🏢 Office | 📍 Brak lokalizacji","https://www.reed.co.uk/jobs/qa-test-lead/56821661?source=searchResults&filter=%2Fjobs%2Fsdet-jobs-in-united-kingdom",""
"QA Automation Engineer","","","Reed","SDET","🏢 Office | 📍 Brak lokalizacji","https://www.reed.co.uk/jobs/qa-automation-engineer/56848010?source=searchResults&filter=%2Fjobs%2Fsdet-jobs-in-united-kingdom",""
"QA Engineer- Selenium Experience","","","Reed","SDET","🏢 Office | 📍 Brak lokalizacji","https://www.reed.co.uk/jobs/qa-engineer-selenium-experience/56765039?source=searchResults&filter=%2Fjobs%2Fsdet-jobs-in-united-kingdom",""
"DevOps Tester (SC Cleared)","","","Reed","SDET","🏢 Office | 📍 Brak lokalizacji","https://www.reed.co.uk/jobs/devops-tester-sc-cleared/56815635?source=searchResults&filter=%2Fjobs%2Fsdet-jobs-in-united-kingdom",""
"QA Automation Architect","","","Reed","SDET","🏢 Office | 📍 Brak lokalizacji","https://www.reed.co.uk/jobs/qa-automation-architect/56754689?source=searchResults&filter=%2Fjobs%2Fsdet-jobs-in-united-kingdom",""
"QA Automation Architect","","","Reed","SDET","🏢 Office | 📍 Brak lokalizacji","https://www.reed.co.uk/jobs/qa-automation-architect/56707904?source=searchResults&filter=%2Fjobs%2Fsdet-jobs-in-united-kingdom",""
"DevOps Tester","","","Reed","SDET","🏢 Office | 📍 Brak lokalizacji","https://www.reed.co.uk/jobs/devops-tester/56784029?source=searchResults&filter=%2Fjobs%2Fsdet-jobs-in-united-kingdom",""
"Software Automation QA","","","Reed","SDET","🏢 Office | 📍 Brak lokalizacji","https://www.reed.co.uk/jobs/software-automation-qa/56813259?source=searchResults&filter=%2Fjobs%2Fsdet-jobs-in-united-kingdom",""
"Software Automation QA","","","Reed","SDET","🏢 Office | 📍 Brak lokalizacji","https://www.reed.co.uk/jobs/software-automation-qa/56836529?source=searchResults&filter=%2Fjobs%2Fsdet-jobs-in-united-kingdom",""
"Software Automation QA","","","Reed","SDET","🏢 Office | 📍 Brak lokalizacji","https://www.reed.co.uk/jobs/software-automation-qa/56718374?source=searchResults&filter=%2Fjobs%2Fsdet-jobs-in-united-kingdom",""
"QA Automation Engineer","","","Reed","SDET","🏢 Office | 📍 Brak lokalizacji","https://www.reed.co.uk/jobs/qa-automation-engineer/56688980?source=searchResults&filter=%2Fjobs%2Fsdet-jobs-in-united-kingdom",""
"Test Development Engineer","","","Reed","SDET","🏢 Office | 📍 Brak lokalizacji","https://www.reed.co.uk/jobs/test-development-engineer/56817667?source=searchResults&filter=%2Fjobs%2Fsdet-jobs-in-united-kingdom",""
"Test Development Engineer","","","Reed","SDET","🏢 Office | 📍 Brak lokalizacji","https://www.reed.co.uk/jobs/test-development-engineer/56769482?source=searchResults&filter=%2Fjobs%2Fsdet-jobs-in-united-kingdom",""
"Test Development Engineer","","","Reed","SDET","🏢 Office | 📍 Brak lokalizacji","https://www.reed.co.uk/jobs/test-development-engineer/56722326?source=searchResults&filter=%2Fjobs%2Fsdet-jobs-in-united-kingdom",""
"Hardware/QA Test Engineer","","","Reed","SDET","🏢 Office | 📍 Brak lokalizacji","https://www.reed.co.uk/jobs/hardware-qa-test-engineer/56759489?source=searchResults&filter=%2Fjobs%2Fsdet-jobs-in-united-kingdom",""
"DevSecOps","","","Reed","SDET","🏢 Office | 📍 Brak lokalizacji","https://www.reed.co.uk/jobs/devsecops/56843240?source=searchResults&filter=%2Fjobs%2Fsdet-jobs-in-united-kingdom",""
"SC Cleared Tester","","","Reed","SDET","🏢 Office | 📍 Brak lokalizacji","https://www.reed.co.uk/jobs/sc-cleared-tester/56852462?source=searchResults&filter=%2Fjobs%2Fsdet-jobs-in-united-kingdom",""
"Performance QA Engineer","","","Reed","SDET","🏢 Office | 📍 Brak lokalizacji","https://www.reed.co.uk/jobs/performance-qa-engineer/56758383?source=searchResults&filter=%2Fjobs%2Fsdet-jobs-in-united-kingdom",""
"Software QA Engineer","","","Reed","SDET","🏢 Office | 📍 Brak lokalizacji","https://www.reed.co.uk/jobs/software-qa-engineer/56812917?source=searchResults&filter=%2Fjobs%2Fsdet-jobs-in-united-kingdom",""
"QA Engineer","","","Reed","SDET","🏢 Office | 📍 Brak lokalizacji","https://www.reed.co.uk/jobs/qa-engineer/56814982?source=searchResults&filter=%2Fjobs%2Fsdet-jobs-in-united-kingdom",""
"QA Engineer","","","Reed","SDET","🏢 Office | 📍 Brak lokalizacji","https://www.reed.co.uk/jobs/qa-engineer/56836249?source=searchResults&filter=%2Fjobs%2Fsdet-jobs-in-united-kingdom",""
"Software Engineer In Test (SDET)","","","Reed","Software Engineer in Test","🏢 Office | 📍 Brak lokalizacji","https://www.reed.co.uk/jobs/software-engineer-in-test-sdet/56786135?source=searchResults&filter=%2Fjobs%2Fsoftware-engineer-in-test-jobs-in-united-kingdom",""
"Senior Software Engineer (Test)","","","Reed","Software Engineer in Test","🏢 Office | 📍 Brak lokalizacji","https://www.reed.co.uk/jobs/senior-software-engineer-test/56758314?source=searchResults&filter=%2Fjobs%2Fsoftware-engineer-in-test-jobs-in-united-kingdom",""
"Senior Test Software Engineer","","","Reed","Software Engineer in Test","🏢 Office | 📍 Brak lokalizacji","https://www.reed.co.uk/jobs/senior-test-software-engineer/56829834?source=searchResults&filter=%2Fjobs%2Fsoftware-engineer-in-test-jobs-in-united-kingdom",""
"Software Development Engineer in Test","","","Reed","Software Engineer in Test","🏢 Office | 📍 Brak lokalizacji","https://www.reed.co.uk/jobs/software-development-engineer-in-test/56831121?source=searchResults&filter=%2Fjobs%2Fsoftware-engineer-in-test-jobs-in-united-kingdom",""
"Software Engineer","","","Reed","Software Engineer in Test","🏢 Office | 📍 Brak lokalizacji","https://www.reed.co.uk/jobs/software-engineer/56741995?source=searchResults&filter=%2Fjobs%2Fsoftware-engineer-in-test-jobs-in-united-kingdom",""
"Firmware/Software Engineer","","","Reed","Software Engineer in Test","🏢 Office | 📍 Brak lokalizacji","https://www.reed.co.uk/jobs/firmware-software-engineer/56735707?source=searchResults&filter=%2Fjobs%2Fsoftware-engineer-in-test-jobs-in-united-kingdom",""
"Software Engineer","","","Reed","Software Engineer in Test","🏢 Office | 📍 Brak lokalizacji","https://www.reed.co.uk/jobs/software-engineer/56785467?source=searchResults&filter=%2Fjobs%2Fsoftware-engineer-in-test-jobs-in-united-kingdom",""
"Technical Graduate - Software Development","","","Reed","Software Engineer in Test","🏢 Office | 📍 Brak lokalizacji","https://www.reed.co.uk/jobs/technical-graduate-software-development/56738072?source=searchResults&filter=%2Fjobs%2Fsoftware-engineer-in-test-jobs-in-united-kingdom",""
"Software Applications Engineer","","","Reed","Software Engineer in Test","🏢 Office | 📍 Brak lokalizacji","https://www.reed.co.uk/jobs/software-applications-engineer/56852363?source=searchResults&filter=%2Fjobs%2Fsoftware-engineer-in-test-jobs-in-united-kingdom",""
"Full Stack Software Engineer","","","Reed","Software Engineer in Test","🏢 Office | 📍 Brak lokalizacji","https://www.reed.co.uk/jobs/full-stack-software-engineer/56843612?source=searchResults&filter=%2Fjobs%2Fsoftware-engineer-in-test-jobs-in-united-kingdom",""
"Graduate Full Stack Software Engineer","","","Reed","Software Engineer in Test","🏢 Office | 📍 Brak lokalizacji","https://www.reed.co.uk/jobs/graduate-full-stack-software-engineer/56787007?source=searchResults&filter=%2Fjobs%2Fsoftware-engineer-in-test-jobs-in-united-kingdom",""
"Software Developer Apprentice","","","Reed","Software Engineer in Test","🏢 Office | 📍 Brak lokalizacji","https://www.reed.co.uk/jobs/software-developer-apprentice/56781721?source=searchResults&filter=%2Fjobs%2Fsoftware-engineer-in-test-jobs-in-united-kingdom",""
"Electronics Project Engineer","","","Reed","Software Engineer in Test","🏢 Office | 📍 Brak lokalizacji","https://www.reed.co.uk/jobs/electronics-project-engineer/56832555?source=searchResults&filter=%2Fjobs%2Fsoftware-engineer-in-test-jobs-in-united-kingdom",""
"Senior Full Stack Developer","","","Reed","Software Engineer in Test","🏢 Office | 📍 Brak lokalizacji","https://www.reed.co.uk/jobs/senior-full-stack-developer/56833691?source=searchResults&filter=%2Fjobs%2Fsoftware-engineer-in-test-jobs-in-united-kingdom",""
"Software Deveopler","","","Reed","Software Engineer in Test","🏢 Office | 📍 Brak lokalizacji","https://www.reed.co.uk/jobs/software-deveopler/56738146?source=searchResults&filter=%2Fjobs%2Fsoftware-engineer-in-test-jobs-in-united-kingdom",""
"Principal Software Engineer","","","Reed","Software Engineer in Test","🏢 Office | 📍 Brak lokalizacji","https://www.reed.co.uk/jobs/principal-software-engineer/56795408?source=searchResults&filter=%2Fjobs%2Fsoftware-engineer-in-test-jobs-in-united-kingdom",""
"Principal Software Engineer","","","Reed","Software Engineer in Test","🏢 Office | 📍 Brak lokalizacji","https://www.reed.co.uk/jobs/principal-software-engineer/56811998?source=searchResults&filter=%2Fjobs%2Fsoftware-engineer-in-test-jobs-in-united-kingdom",""
"DevOps Engineer","","","Reed","Software Engineer in Test","🏢 Office | 📍 Brak lokalizacji","https://www.reed.co.uk/jobs/devops-engineer/56755953?source=searchResults&filter=%2Fjobs%2Fsoftware-engineer-in-test-jobs-in-united-kingdom",""
"Senior Software Engineer","","","Reed","Software Engineer in Test","🏢 Office | 📍 Brak lokalizacji","https://www.reed.co.uk/jobs/senior-software-engineer/55768379?source=searchResults&filter=%2Fjobs%2Fsoftware-engineer-in-test-jobs-in-united-kingdom",""
"Software Developer Apprentice","","","Reed","Software Engineer in Test","🏢 Office | 📍 Brak lokalizacji","https://www.reed.co.uk/jobs/software-developer-apprentice/56813539?source=searchResults&filter=%2Fjobs%2Fsoftware-engineer-in-test-jobs-in-united-kingdom",""
"Senior Flutter Engineer","","","Reed","Software Engineer in Test","🏢 Office | 📍 Brak lokalizacji","https://www.reed.co.uk/jobs/senior-flutter-engineer/56680306?source=searchResults&filter=%2Fjobs%2Fsoftware-engineer-in-test-jobs-in-united-kingdom",""
"Avionic System Development & Test Engineer","","","Reed","Software Engineer in Test","🏢 Office | 📍 Brak lokalizacji","https://www.reed.co.uk/jobs/avionic-system-development-test-engineer/56714583?source=searchResults&filter=%2Fjobs%2Fsoftware-engineer-in-test-jobs-in-united-kingdom",""
"Software Engineer","","","Reed","Software Engineer in Test","🏢 Office | 📍 Brak lokalizacji","https://www.reed.co.uk/jobs/software-engineer/56708141?source=searchResults&filter=%2Fjobs%2Fsoftware-engineer-in-test-jobs-in-united-kingdom",""
"Software Engineer","","","Reed","Software Engineer in Test","🏢 Office | 📍 Brak lokalizacji","https://www.reed.co.uk/jobs/software-engineer/56708027?source=searchResults&filter=%2Fjobs%2Fsoftware-engineer-in-test-jobs-in-united-kingdom",""
"Software Engineer","","","Reed","Software Engineer in Test","🏢 Office | 📍 Brak lokalizacji","https://www.reed.co.uk/jobs/software-engineer/56799509?source=searchResults&filter=%2Fjobs%2Fsoftware-engineer-in-test-jobs-in-united-kingdom",""
"Principal Test Engineer","","","Reed","Test Engineer","🏢 Office | 📍 Brak lokalizacji","https://www.reed.co.uk/jobs/principal-test-engineer/56814594?source=searchResults&filter=%2Fjobs%2Ftest-engineer-jobs-in-united-kingdom",""
"Test Engineer","","","Reed","Test Engineer","🏢 Office | 📍 Brak lokalizacji","https://www.reed.co.uk/jobs/test-engineer/56822662?source=searchResults&filter=%2Fjobs%2Ftest-engineer-jobs-in-united-kingdom",""
"Software/Firmware Test Engineer","","","Reed","Test Engineer","🏢 Office | 📍 Brak lokalizacji","https://www.reed.co.uk/jobs/software-firmware-test-engineer/56735761?source=searchResults&filter=%2Fjobs%2Ftest-engineer-jobs-in-united-kingdom",""
"Senior Propulsion Test Engineer","","","Reed","Test Engineer","🏢 Office | 📍 Brak lokalizacji","https://www.reed.co.uk/jobs/senior-propulsion-test-engineer/56691564?source=searchResults&filter=%2Fjobs%2Ftest-engineer-jobs-in-united-kingdom",""
"Avionic System Development & Test Engineer","","","Reed","Test Engineer","🏢 Office | 📍 Brak lokalizacji","https://www.reed.co.uk/jobs/avionic-system-development-test-engineer/56714583?source=searchResults&filter=%2Fjobs%2Ftest-engineer-jobs-in-united-kingdom",""
"Test Engineer","","","Reed","Test Engineer","🏢 Office | 📍 Brak lokalizacji","https://www.reed.co.uk/jobs/test-engineer/56800625?source=searchResults&filter=%2Fjobs%2Ftest-engineer-jobs-in-united-kingdom",""
"Test Engineer","","","Reed","Test Engineer","🏢 Office | 📍 Brak lokalizacji","https://www.reed.co.uk/jobs/test-engineer/56789437?source=searchResults&filter=%2Fjobs%2Ftest-engineer-jobs-in-united-kingdom",""
"Test Engineer","","","Reed","Test Engineer","🏢 Office | 📍 Brak lokalizacji","https://www.reed.co.uk/jobs/test-engineer/56824230?source=searchResults&filter=%2Fjobs%2Ftest-engineer-jobs-in-united-kingdom",""
"Test Engineer","","","Reed","Test Engineer","🏢 Office | 📍 Brak lokalizacji","https://www.reed.co.uk/jobs/test-engineer/56778791?source=searchResults&filter=%2Fjobs%2Ftest-engineer-jobs-in-united-kingdom",""
"Production Test Engineer","","","Reed","Test Engineer","🏢 Office | 📍 Brak lokalizacji","https://www.reed.co.uk/jobs/production-test-engineer/56773660?source=searchResults&filter=%2Fjobs%2Ftest-engineer-jobs-in-united-kingdom",""
"Manufacturing Test Engineer","","","Reed","Test Engineer","🏢 Office | 📍 Brak lokalizacji","https://www.reed.co.uk/jobs/manufacturing-test-engineer/56722191?source=searchResults&filter=%2Fjobs%2Ftest-engineer-jobs-in-united-kingdom",""
"Manufacturing Test Engineer","","","Reed","Test Engineer","🏢 Office | 📍 Brak lokalizacji","https://www.reed.co.uk/jobs/manufacturing-test-engineer/56790162?source=searchResults&filter=%2Fjobs%2Ftest-engineer-jobs-in-united-kingdom",""
"Manufacturing Test Engineer","","","Reed","Test Engineer","🏢 Office | 📍 Brak lokalizacji","https://www.reed.co.uk/jobs/manufacturing-test-engineer/56815486?source=searchResults&filter=%2Fjobs%2Ftest-engineer-jobs-in-united-kingdom",""
"Software Test Engineer","","","Reed","Test Engineer","🏢 Office | 📍 Brak lokalizacji","https://www.reed.co.uk/jobs/software-test-engineer/56840898?source=searchResults&filter=%2Fjobs%2Ftest-engineer-jobs-in-united-kingdom",""
"Electronic Test Engineer","","","Reed","Test Engineer","🏢 Office | 📍 Brak lokalizacji","https://www.reed.co.uk/jobs/electronic-test-engineer/56728937?source=searchResults&filter=%2Fjobs%2Ftest-engineer-jobs-in-united-kingdom",""
"Senior Test Engineer","","","Reed","Test Engineer","🏢 Office | 📍 Brak lokalizacji","https://www.reed.co.uk/jobs/senior-test-engineer/56834983?source=searchResults&filter=%2Fjobs%2Ftest-engineer-jobs-in-united-kingdom",""
"Transducer Test Engineer","","","Reed","Test Engineer","🏢 Office | 📍 Brak lokalizacji","https://www.reed.co.uk/jobs/transducer-test-engineer/56773040?source=searchResults&filter=%2Fjobs%2Ftest-engineer-jobs-in-united-kingdom",""
"Electronics Test Engineer","","","Reed","Test Engineer","🏢 Office | 📍 Brak lokalizacji","https://www.reed.co.uk/jobs/electronics-test-engineer/56788513?source=searchResults&filter=%2Fjobs%2Ftest-engineer-jobs-in-united-kingdom",""
"Electrical Test Engineer","","","Reed","Test Engineer","🏢 Office | 📍 Brak lokalizacji","https://www.reed.co.uk/jobs/electrical-test-engineer/56841798?source=searchResults&filter=%2Fjobs%2Ftest-engineer-jobs-in-united-kingdom",""
"Production Test Engineer","","","Reed","Test Engineer","🏢 Office | 📍 Brak lokalizacji","https://www.reed.co.uk/jobs/production-test-engineer/56843403?source=searchResults&filter=%2Fjobs%2Ftest-engineer-jobs-in-united-kingdom",""
"QA/Test Engineer","","","Reed","Test Engineer","🏢 Office | 📍 Brak lokalizacji","https://www.reed.co.uk/jobs/qa-test-engineer/56789929?source=searchResults&filter=%2Fjobs%2Ftest-engineer-jobs-in-united-kingdom",""
"Electronic Test Engineer","","","Reed","Test Engineer","🏢 Office | 📍 Brak lokalizacji","https://www.reed.co.uk/jobs/electronic-test-engineer/56844925?source=searchResults&filter=%2Fjobs%2Ftest-engineer-jobs-in-united-kingdom",""
"Field Service Test Engineer","","","Reed","Test Engineer","🏢 Office | 📍 Brak lokalizacji","https://www.reed.co.uk/jobs/field-service-test-engineer/56701303?source=searchResults&filter=%2Fjobs%2Ftest-engineer-jobs-in-united-kingdom",""
"Lead Electronic Test Engineer","","","Reed","Test Engineer","🏢 Office | 📍 Brak lokalizacji","https://www.reed.co.uk/jobs/lead-electronic-test-engineer/56460201?source=searchResults&filter=%2Fjobs%2Ftest-engineer-jobs-in-united-kingdom",""
"Hardware/QA Test Engineer","","","Reed","Test Engineer","🏢 Office | 📍 Brak lokalizacji","https://www.reed.co.uk/jobs/hardware-qa-test-engineer/56759489?source=searchResults&filter=%2Fjobs%2Ftest-engineer-jobs-in-united-kingdom",""
"QA Test Lead","","","Reed","QA Lead","🏢 Office | 📍 Brak lokalizacji","https://www.reed.co.uk/jobs/qa-test-lead/56821661?source=searchResults&filter=%2Fjobs%2Fqa-lead-jobs-in-united-kingdom",""
"QA Chapter Lead","","","Reed","QA Lead","🏢 Office | 📍 Brak lokalizacji","https://www.reed.co.uk/jobs/qa-chapter-lead/56693754?source=searchResults&filter=%2Fjobs%2Fqa-lead-jobs-in-united-kingdom",""
"Software QA Lead","","","Reed","QA Lead","🏢 Office | 📍 Brak lokalizacji","https://www.reed.co.uk/jobs/software-qa-lead/56848224?source=searchResults&filter=%2Fjobs%2Fqa-lead-jobs-in-united-kingdom",""
"Lead Quality Assurance - Salesforce","","","Reed","QA Lead","🏢 Office | 📍 Brak lokalizacji","https://www.reed.co.uk/jobs/lead-quality-assurance-salesforce/56778952?source=searchResults&filter=%2Fjobs%2Fqa-lead-jobs-in-united-kingdom",""
"QA Lead / Senior QA Tester","","","Reed","QA Lead","🏢 Office | 📍 Brak lokalizacji","https://www.reed.co.uk/jobs/qa-lead-senior-qa-tester/56710772?source=searchResults&filter=%2Fjobs%2Fqa-lead-jobs-in-united-kingdom",""
"QA Supervisor/ QC Manager","","","Reed","QA Lead","🏢 Office | 📍 Brak lokalizacji","https://www.reed.co.uk/jobs/qa-supervisor-qc-manager/56791456?source=searchResults&filter=%2Fjobs%2Fqa-lead-jobs-in-united-kingdom",""
"Quality Team Leader - Supplier Pillar","","","Reed","QA Lead","🏢 Office | 📍 Brak lokalizacji","https://www.reed.co.uk/jobs/quality-team-leader-supplier-pillar/56793626?source=searchResults&filter=%2Fjobs%2Fqa-lead-jobs-in-united-kingdom",""
"Lead Internal Quality Assurer","","","Reed","QA Lead","🏢 Office | 📍 Brak lokalizacji","https://www.reed.co.uk/jobs/lead-internal-quality-assurer/56852440?source=searchResults&filter=%2Fjobs%2Fqa-lead-jobs-in-united-kingdom",""
"Contract QA Consultant","","","Reed","QA Lead","🏢 Office | 📍 Brak lokalizacji","https://www.reed.co.uk/jobs/contract-qa-consultant/56796290?source=searchResults&filter=%2Fjobs%2Fqa-lead-jobs-in-united-kingdom",""
"Test Lead","","","Reed","QA Lead","🏢 Office | 📍 Brak lokalizacji","https://www.reed.co.uk/jobs/test-lead/56689532?source=searchResults&filter=%2Fjobs%2Fqa-lead-jobs-in-united-kingdom",""
"QA Officer","","","Reed","QA Lead","🏢 Office | 📍 Brak lokalizacji","https://www.reed.co.uk/jobs/qa-officer/56792905?source=searchResults&filter=%2Fjobs%2Fqa-lead-jobs-in-united-kingdom",""
"QA Officer","","","Reed","QA Lead","🏢 Office | 📍 Brak lokalizacji","https://www.reed.co.uk/jobs/qa-officer/56792518?source=searchResults&filter=%2Fjobs%2Fqa-lead-jobs-in-united-kingdom",""
"QA Officer","","","Reed","QA Lead","🏢 Office | 📍 Brak lokalizacji","https://www.reed.co.uk/jobs/qa-officer/56792637?source=searchResults&filter=%2Fjobs%2Fqa-lead-jobs-in-united-kingdom",""
"Quality Assurance Analyst","","","Reed","QA Lead","🏢 Office | 📍 Brak lokalizacji","https://www.reed.co.uk/jobs/quality-assurance-analyst/56711570?source=searchResults&filter=%2Fjobs%2Fqa-lead-jobs-in-united-kingdom",""
"Quality Assurance Supervisor","","","Reed","QA Lead","🏢 Office | 📍 Brak lokalizacji","https://www.reed.co.uk/jobs/quality-assurance-supervisor/56812931?source=searchResults&filter=%2Fjobs%2Fqa-lead-jobs-in-united-kingdom",""
"Quality Assurance Specialist","","","Reed","QA Lead","🏢 Office | 📍 Brak lokalizacji","https://www.reed.co.uk/jobs/quality-assurance-specialist/56843359?source=searchResults&filter=%2Fjobs%2Fqa-lead-jobs-in-united-kingdom",""
"QA Auditor","","","Reed","QA Lead","🏢 Office | 📍 Brak lokalizacji","https://www.reed.co.uk/jobs/qa-auditor/56839922?source=searchResults&filter=%2Fjobs%2Fqa-lead-jobs-in-united-kingdom",""
"QA Automation Engineer","","","Reed","QA Lead","🏢 Office | 📍 Brak lokalizacji","https://www.reed.co.uk/jobs/qa-automation-engineer/56815148?source=searchResults&filter=%2Fjobs%2Fqa-lead-jobs-in-united-kingdom",""
"Quality Zone Manager","","","Reed","QA Lead","🏢 Office | 📍 Brak lokalizacji","https://www.reed.co.uk/jobs/quality-zone-manager/56850874?source=searchResults&filter=%2Fjobs%2Fqa-lead-jobs-in-united-kingdom",""
"Quality Assurance Manager","","","Reed","QA Lead","🏢 Office | 📍 Brak lokalizacji","https://www.reed.co.uk/jobs/quality-assurance-manager/56833625?source=searchResults&filter=%2Fjobs%2Fqa-lead-jobs-in-united-kingdom",""
"Quality Assurance Manager","","","Reed","QA Lead","🏢 Office | 📍 Brak lokalizacji","https://www.reed.co.uk/jobs/quality-assurance-manager/56801984?source=searchResults&filter=%2Fjobs%2Fqa-lead-jobs-in-united-kingdom",""
"Quality Assurance Manager","","","Reed","QA Lead","🏢 Office | 📍 Brak lokalizacji","https://www.reed.co.uk/jobs/quality-assurance-manager/56802062?source=searchResults&filter=%2Fjobs%2Fqa-lead-jobs-in-united-kingdom",""
"Quality Assurance Manager","","","Reed","QA Lead","🏢 Office | 📍 Brak lokalizacji","https://www.reed.co.uk/jobs/quality-assurance-manager/56801923?source=searchResults&filter=%2Fjobs%2Fqa-lead-jobs-in-united-kingdom",""
"Quality Assurance Manager (QA Manager)","","","Reed","QA Lead","🏢 Office | 📍 Brak lokalizacji","https://www.reed.co.uk/jobs/quality-assurance-manager-qa-manager/56842815?source=searchResults&filter=%2Fjobs%2Fqa-lead-jobs-in-united-kingdom",""
"QA Automation Architect","","","Reed","QA Lead","🏢 Office | 📍 Brak lokalizacji","https://www.reed.co.uk/jobs/qa-automation-architect/56707904?source=searchResults&filter=%2Fjobs%2Fqa-lead-jobs-in-united-kingdom",""
"Lead Quality Engineer","Preservica","UK","Adzuna (TotalJobs+)","Software QA Engineer","🏢 Office | 📍 Brak lokalizacji","https://www.adzuna.co.uk/jobs/details/5714838817?utm_medium=api&utm_source=fec81443","2026-04-30"
"Software Engineer","Uniting Ambition","UK","Adzuna (TotalJobs+)","Software QA Engineer","🏢 Office | 📍 Brak lokalizacji","https://www.adzuna.co.uk/jobs/land/ad/5714521071?se=6jjn8RBG8RGJlN0MJ63G5Q&utm_medium=api&utm_source=fec81443&v=6208CD6272AA4C1DB2C3F195100171FC17B0E65E","2026-04-30"
"Software QA Analyst","MoneyPlus","Manchester, Greater Manchester","Adzuna (TotalJobs+)","Software QA Engineer","🏢 Office | 🚗 1h 21min | 🚌 ~2h 26min","https://www.adzuna.co.uk/jobs/land/ad/5714352086?se=6jjn8RBG8RGJlN0MJ63G5Q&utm_medium=api&utm_source=fec81443&v=D554C4BD21829373F55F8787F750A6F88F576774","2026-04-30"
"RF Test Engineer","Rowden","Bristol, South West England","Adzuna (TotalJobs+)","Software QA Engineer","🏢 Office | 🚗 1h 52min | 🚌 ~2h 37min","https://www.adzuna.co.uk/jobs/land/ad/5708447613?se=6jjn8RBG8RGJlN0MJ63G5Q&utm_medium=api&utm_source=fec81443&v=BDB39D976345D483B8441CFEB83A92F55ECB0BC3","2026-04-23"
"Lead Quality Engineer","Preservica","Dry Sandford, Abingdon","Adzuna (TotalJobs+)","Software QA Engineer","🏢 Office | 🚗 2h 51min ❌ | 🚌 ~3h 59min","https://www.adzuna.co.uk/jobs/land/ad/5707213055?se=6jjn8RBG8RGJlN0MJ63G5Q&utm_medium=api&utm_source=fec81443&v=B8423DD4475FB6ABF8788FAFEF8BFB5E6DBCCCBF","2026-04-22"
"Software QA Engineer","KLA","UK","Adzuna (TotalJobs+)","Software QA Engineer","🏢 Office | 📍 Brak lokalizacji","https://www.adzuna.co.uk/jobs/details/5704449295?utm_medium=api&utm_source=fec81443","2026-04-19"
"Software Team Lead","Smartbox Assistive Technology","Bristol, South West England","Adzuna (TotalJobs+)","Software QA Engineer","🏢 Office | 🚗 1h 52min | 🚌 ~2h 37min","https://www.adzuna.co.uk/jobs/land/ad/5701274891?se=6jjn8RBG8RGJlN0MJ63G5Q&utm_medium=api&utm_source=fec81443&v=F366B76A249FF8F65E7D67EC47F2BE5CCD068DF4","2026-04-16"
"Software Team Lead","Get Staffed Online Recruitment Limited","Bristol, South West England","Adzuna (TotalJobs+)","Software QA Engineer","🏢 Office | 🚗 1h 52min | 🚌 ~2h 37min","https://www.adzuna.co.uk/jobs/land/ad/5701149402?se=6jjn8RBG8RGJlN0MJ63G5Q&utm_medium=api&utm_source=fec81443&v=8F5B212BB76CAFDC3E3575D615734075C7830380","2026-04-16"
"Software Team Lead","Smartbox Assistive Technology","UK","Adzuna (TotalJobs+)","Software QA Engineer","🏢 Office | 📍 Brak lokalizacji","https://www.adzuna.co.uk/jobs/details/5700008193?utm_medium=api&utm_source=fec81443","2026-04-15"
"Software Team Lead","Get Staffed Online Recruitment","Bristol, South West England","Adzuna (TotalJobs+)","Software QA Engineer","🏢 Office | 🚗 1h 52min | 🚌 ~2h 37min 💾","https://www.adzuna.co.uk/jobs/details/5699487430?utm_medium=api&utm_source=fec81443","2026-04-15"
"Software Engineer","Low Carbon Contracts Company","Birmingham, West Midlands","Adzuna (TotalJobs+)","Software QA Engineer","🏢 Office | 🚗 1h 44min | 🚌 ~2h 25min 💾","https://www.adzuna.co.uk/jobs/details/5679308285?utm_medium=api&utm_source=fec81443","2026-03-26"
"Software Test Analyst","Erin Associates","Chorley, Lancashire","Adzuna (TotalJobs+)","Software QA Engineer","🏢 Office | 🚗 1h 24min | 🚌 ~2h 32min 💾","https://www.adzuna.co.uk/jobs/details/5676919240?utm_medium=api&utm_source=fec81443","2026-03-24"
"Senior Delivery Manager","Informed Solutions","Altrincham, Greater Manchester","Adzuna (TotalJobs+)","Software QA Automation Engineer","🏢 Office | 🚗 1h 3min | 🚌 ~1h 54min 💾","https://www.adzuna.co.uk/jobs/details/5457262885?utm_medium=api&utm_source=fec81443","2025-10-21"
"Senior Electronics Engineer","GET STAFFED ONLINE RECRUITMENT LIMITED","Bristol, South West England","Adzuna (TotalJobs+)","Testing Lead","🏢 Office | 🚗 1h 52min | 🚌 ~2h 37min","https://www.adzuna.co.uk/jobs/land/ad/5716872892?se=SGeR8hBG8RGp_7dMMq5KJA&utm_medium=api&utm_source=fec81443&v=497CA4B32843689ABEE3D8D11D39BA4136ECAD92","2026-05-02"
"Junior QAT Engineer","Ofgem","UK","Adzuna (TotalJobs+)","Testing Lead","🏢 Office | 📍 Brak lokalizacji","https://www.adzuna.co.uk/jobs/details/5716615636?utm_medium=api&utm_source=fec81443","2026-05-02"
"Automation Test Lead","Roc Search Europe Limited","Holbeck, Leeds","Adzuna (TotalJobs+)","Testing Lead","🏢 Office | 🚗 1h 51min | 🚌 ~2h 35min","https://www.adzuna.co.uk/jobs/details/5716561752?utm_medium=api&utm_source=fec81443","2026-05-02"
"Product Owner - Operational Resilience","ECS Resource Group Ltd","Great Packington, Meriden","Adzuna (TotalJobs+)","Testing Lead","🏢 Office | 🚗 1h 47min | 🚌 ~2h 30min","https://www.adzuna.co.uk/jobs/details/5716561765?utm_medium=api&utm_source=fec81443","2026-05-02"
"HR Systems Analyst","Reed Technology","Hulme, Manchester","Adzuna (TotalJobs+)","Testing Lead","🏢 Office | 🚗 1h 14min | 🚌 ~2h 13min","https://www.adzuna.co.uk/jobs/details/5716561630?utm_medium=api&utm_source=fec81443","2026-05-02"
"HR Systems Support Analyst","Reed Technology","Hulme, Manchester","Adzuna (TotalJobs+)","Testing Lead","🏢 Office | 🚗 1h 14min | 🚌 ~2h 13min","https://www.adzuna.co.uk/jobs/details/5716561415?utm_medium=api&utm_source=fec81443","2026-05-02"
"Senior Quality Engineer","TXP","Hockley, Birmingham","Adzuna (TotalJobs+)","Testing Lead","🏢 Office | 🚗 1h 46min | 🚌 ~2h 29min","https://www.adzuna.co.uk/jobs/details/5716561293?utm_medium=api&utm_source=fec81443","2026-05-02"
"Senior Software Developer","E.surv Limited","Kettering, Northamptonshire","Adzuna (TotalJobs+)","Testing Lead","🏢 Office | 🚗 2h 22min ❌ | 🚌 ~3h 19min","https://www.adzuna.co.uk/jobs/details/5716560892?utm_medium=api&utm_source=fec81443","2026-05-02"
"SAP Time Functional Consultant","Guidant Global","Broughton, Brigg","Adzuna (TotalJobs+)","Testing Lead","🏢 Office | 🚗 2h 32min ❌ | 🚌 ~3h 33min","https://www.adzuna.co.uk/jobs/details/5716560829?utm_medium=api&utm_source=fec81443","2026-05-02"
"Senior Test Engineer","Access Computer Consulting","Holbeck, Leeds","Adzuna (TotalJobs+)","Testing Lead","🏢 Office | 🚗 1h 51min | 🚌 ~2h 35min","https://www.adzuna.co.uk/jobs/details/5716560738?utm_medium=api&utm_source=fec81443","2026-05-02"
"Product Test Lead","Rullion - Eon","The Park, Nottingham","Adzuna (TotalJobs+)","Testing Lead","🏢 Office | 🚗 2h 4min ❌ | 🚌 ~2h 54min","https://www.adzuna.co.uk/jobs/details/5716560647?utm_medium=api&utm_source=fec81443","2026-05-02"
"Senior Automation Engineer Contract Dublin","Adecco","UK","Adzuna (TotalJobs+)","Testing Lead","🏢 Office | 📍 Brak lokalizacji","https://www.adzuna.co.uk/jobs/details/5716560620?utm_medium=api&utm_source=fec81443","2026-05-02"
"Test Driven Development Lead","Tatton Recruitment","Brooklands, Sale","Adzuna (TotalJobs+)","Testing Lead","🏢 Office | 🚗 1h 4min | 🚌 ~1h 56min","https://www.adzuna.co.uk/jobs/details/5716560614?utm_medium=api&utm_source=fec81443","2026-05-02"
"Group Head of Testing","Together","Heald Green, Cheadle","Adzuna (TotalJobs+)","Testing Lead","🏢 Office | 🚗 1h 4min | 🚌 ~1h 56min","https://www.adzuna.co.uk/jobs/details/5716560530?utm_medium=api&utm_source=fec81443","2026-05-02"
"Full Stack Engineer","Adria Solutions Ltd","Bewsey, Warrington","Adzuna (TotalJobs+)","Testing Lead","🏢 Office | 🚗 57min | 🚌 ~1h 43min","https://www.adzuna.co.uk/jobs/details/5716560431?utm_medium=api&utm_source=fec81443","2026-05-02"
"Lead Financial ERP Consultant","Chapman Tate Associates","Ladywood, Birmingham","Adzuna (TotalJobs+)","Testing Lead","🏢 Office | 🚗 1h 47min | 🚌 ~2h 30min","https://www.adzuna.co.uk/jobs/details/5716560230?utm_medium=api&utm_source=fec81443","2026-05-02"
"Test Automation Lead","Howdens Joinery","Raunds, Wellingborough","Adzuna (TotalJobs+)","Testing Lead","🏢 Office | 🚗 2h 36min ❌ | 🚌 ~3h 38min","https://www.adzuna.co.uk/jobs/details/5716559773?utm_medium=api&utm_source=fec81443","2026-05-02"
"Senior Test Analyst","VIQU IT","Ladywood, Birmingham","Adzuna (TotalJobs+)","Testing Lead","🏢 Office | 🚗 1h 47min | 🚌 ~2h 30min","https://www.adzuna.co.uk/jobs/details/5716559802?utm_medium=api&utm_source=fec81443","2026-05-02"
"Test and Release Manager","VIQU IT","Ladywood, Birmingham","Adzuna (TotalJobs+)","Testing Lead","🏢 Office | 🚗 1h 47min | 🚌 ~2h 30min","https://www.adzuna.co.uk/jobs/details/5716559742?utm_medium=api&utm_source=fec81443","2026-05-02"
"Senior Electronics Engineer","Smartbox Assistive Technology","Bristol, South West England","Adzuna (TotalJobs+)","Testing Lead","🏢 Office | 🚗 1h 52min | 🚌 ~2h 37min","https://www.adzuna.co.uk/jobs/land/ad/5716512104?se=SGeR8hBG8RGp_7dMMq5KJA&utm_medium=api&utm_source=fec81443&v=3E097596CDD77017EF96CC113C263C8A857BF81E","2026-05-02"
"Software Test Automation Lead","Redline Group Ltd","Ashby-De-La-Zouch, Leicestershire","Adzuna (TotalJobs+)","Testing Lead","🏢 Office | 🚗 1h 51min | 🚌 ~2h 35min","https://www.adzuna.co.uk/jobs/details/5716414323?utm_medium=api&utm_source=fec81443","2026-05-02"
"Senior Electronics Engineer","Get Staffed Online Recruitment","Bristol, South West England","Adzuna (TotalJobs+)","Testing Lead","🏢 Office | 🚗 1h 52min | 🚌 ~2h 37min","https://www.adzuna.co.uk/jobs/details/5716344491?utm_medium=api&utm_source=fec81443","2026-05-02"
"Principal Programme Manager","Cognizant","Nottingham, Nottinghamshire","Adzuna (TotalJobs+)","Testing Lead","🏢 Office | 🚗 2h 8min ❌ | 🚌 ~2h 59min","https://www.adzuna.co.uk/jobs/details/5716325170?utm_medium=api&utm_source=fec81443","2026-05-02"
"Technical Manager","EVERLINKED LTD","Coventry, West Midlands","Adzuna (TotalJobs+)","Testing Lead","🏢 Office | 🚗 1h 59min | 🚌 ~2h 47min","https://www.adzuna.co.uk/jobs/land/ad/5716298082?se=SGeR8hBG8RGp_7dMMq5KJA&utm_medium=api&utm_source=fec81443&v=56C5DDEEE77D4234BF28E29A772D99D936E83216","2026-05-01"
"HSEQ Manager","Chase and Holland Recruitment Ltd","Retford, Nottinghamshire","Adzuna (TotalJobs+)","Testing Lead","🏢 Office | 🚗 2h 36min ❌ | 🚌 ~3h 38min","https://www.adzuna.co.uk/jobs/details/5716287725?utm_medium=api&utm_source=fec81443","2026-05-01"
"Iseries manager","SS&C","UK","Adzuna (TotalJobs+)","Testing Lead","🏢 Office | 📍 Brak lokalizacji","https://www.adzuna.co.uk/jobs/details/5716223740?utm_medium=api&utm_source=fec81443","2026-05-01"
"Senior Electronics Engineer","GET STAFFED ONLINE RECRUITMENT LIMITED","Bristol, South West England","Adzuna (TotalJobs+)","Test Lead","🏢 Office | 🚗 1h 52min | 🚌 ~2h 37min","https://www.adzuna.co.uk/jobs/land/ad/5716872892?se=1OcG8xBG8RGp_7dMMq5KJA&utm_medium=api&utm_source=fec81443&v=497CA4B32843689ABEE3D8D11D39BA4136ECAD92","2026-05-02"
"Senior Electronics Engineer","Smartbox Assistive Technology","Bristol, South West England","Adzuna (TotalJobs+)","Test Lead","🏢 Office | 🚗 1h 52min | 🚌 ~2h 37min","https://www.adzuna.co.uk/jobs/land/ad/5716512104?se=1OcG8xBG8RGp_7dMMq5KJA&utm_medium=api&utm_source=fec81443&v=3E097596CDD77017EF96CC113C263C8A857BF81E","2026-05-02"
"Technical Manager","EVERLINKED LTD","Coventry, West Midlands","Adzuna (TotalJobs+)","Test Lead","🏢 Office | 🚗 1h 59min | 🚌 ~2h 47min","https://www.adzuna.co.uk/jobs/land/ad/5716298082?se=1OcG8xBG8RGp_7dMMq5KJA&utm_medium=api&utm_source=fec81443&v=56C5DDEEE77D4234BF28E29A772D99D936E83216","2026-05-01"
"Senior Python Developer - Ipswich (Part-Time)","Mploy Group","UK","Adzuna (TotalJobs+)","QA Engineer","🏢 Office | 📍 Brak lokalizacji","https://www.adzuna.co.uk/jobs/details/5716561509?utm_medium=api&utm_source=fec81443","2026-05-02"
"Senior Python Developer - Ipswich (2 days per week)","Mploy Group","UK","Adzuna (TotalJobs+)","QA Engineer","🏢 Office | 📍 Brak lokalizacji","https://www.adzuna.co.uk/jobs/details/5716561475?utm_medium=api&utm_source=fec81443","2026-05-02"
"Product Manager","ST Talent Ltd","Holbeck, Leeds","Adzuna (TotalJobs+)","QA Engineer","🏢 Office | 🚗 1h 51min | 🚌 ~2h 35min","https://www.adzuna.co.uk/jobs/details/5716561457?utm_medium=api&utm_source=fec81443","2026-05-02"
"Senior Front End Developer - Birmingham","TXP","Hockley, Birmingham","Adzuna (TotalJobs+)","QA Engineer","🏢 Office | 🚗 1h 46min | 🚌 ~2h 29min","https://www.adzuna.co.uk/jobs/details/5716561329?utm_medium=api&utm_source=fec81443","2026-05-02"
"Site Reliability Engineer","Fuel Recruitment","Radway, Warwick","Adzuna (TotalJobs+)","QA Engineer","🏢 Office | 🚗 2h 19min ❌ | 🚌 ~3h 15min","https://www.adzuna.co.uk/jobs/details/5716560553?utm_medium=api&utm_source=fec81443","2026-05-02"
"Lead Frontend Software Engineer","GE Aerospace","Bristol, South West England","Adzuna (TotalJobs+)","QA Engineer","🏢 Office | 🚗 1h 52min | 🚌 ~2h 37min","https://www.adzuna.co.uk/jobs/details/5716226697?utm_medium=api&utm_source=fec81443","2026-05-01"
"Test Engineer - Home-Based","ISR Recruitment","Altrincham, Greater Manchester","Adzuna (TotalJobs+)","QA Engineer","🔀 Hybrid | 🚗 1h | 🚌 ~1h 48min","https://www.adzuna.co.uk/jobs/details/5716220121?utm_medium=api&utm_source=fec81443","2026-05-01"
"Senior Software Engineer - Fusion Automation API","Autodesk","UK","Adzuna (TotalJobs+)","QA Engineer","🏢 Office | 📍 Brak lokalizacji","https://www.adzuna.co.uk/jobs/details/5716218064?utm_medium=api&utm_source=fec81443","2026-05-01"
"Product Owner II","RELX","UK","Adzuna (TotalJobs+)","QA Engineer","🏢 Office | 📍 Brak lokalizacji","https://www.adzuna.co.uk/jobs/details/5716216447?utm_medium=api&utm_source=fec81443","2026-05-01"
"MSAT Bioprocess Specialist","SRG","UK","Adzuna (TotalJobs+)","QA Engineer","🏢 Office | 📍 Brak lokalizacji","https://www.adzuna.co.uk/jobs/details/5716074878?utm_medium=api&utm_source=fec81443","2026-05-01"
"PRACTICE MANAGER / Test Manager","Infinity Quest UK","UK","Adzuna (TotalJobs+)","QA Engineer","🏢 Office | 📍 Brak lokalizacji","https://www.adzuna.co.uk/jobs/details/5716040870?utm_medium=api&utm_source=fec81443","2026-05-01"
"Principal QA Engineer","The Very Group","Liverpool, Merseyside","Adzuna (TotalJobs+)","QA Engineer","🏢 Office | 🚗 52min | 🚌 ~1h 34min","https://www.adzuna.co.uk/jobs/details/5715963556?utm_medium=api&utm_source=fec81443","2026-05-01"
"Automation Engineer","RealityMine","Trafford Park, Manchester","Adzuna (TotalJobs+)","QA Engineer","🏢 Office | 🚗 1h 6min | 🚌 ~1h 59min","https://www.adzuna.co.uk/jobs/land/ad/5715946760?se=lCJS8xBG8RGp_7dMMq5KJA&utm_medium=api&utm_source=fec81443&v=C867C401C620CE984644AEDF8B7F621F817A7375","2026-05-01"
"Engineering Manager","Myn","Manchester, Greater Manchester","Adzuna (TotalJobs+)","QA Engineer","🏢 Office | 🚗 1h 21min | 🚌 ~2h 26min","https://www.adzuna.co.uk/jobs/land/ad/5715945311?se=lCJS8xBG8RGp_7dMMq5KJA&utm_medium=api&utm_source=fec81443&v=1812B87A9ADB8619E5479C9E2C2D508A611C4041","2026-05-01"
"Product Manager","ST TALENT LTD","Hyde Park, Leeds","Adzuna (TotalJobs+)","QA Engineer","🏢 Office | 🚗 1h 54min | 🚌 ~2h 39min","https://www.adzuna.co.uk/jobs/land/ad/5715811279?se=lCJS8xBG8RGp_7dMMq5KJA&utm_medium=api&utm_source=fec81443&v=ECE4684444A5D449EA71BDE7EC6928C66A3E4CCA","2026-05-01"
"QA Automation Engineer","Lorien","Leeds, West Yorkshire","Adzuna (TotalJobs+)","QA Engineer","🏢 Office | 🚗 1h 58min | 🚌 ~2h 45min","https://www.adzuna.co.uk/jobs/land/ad/5715792897?se=lCJS8xBG8RGp_7dMMq5KJA&utm_medium=api&utm_source=fec81443&v=6D365FF3E3B90EFE9963426BAB8421EB6D4411C8","2026-05-01"
"Lead Tools Programmer","Cloud Imperium Games Limited","Manchester, Greater Manchester","Adzuna (TotalJobs+)","QA Engineer","🏢 Office | 🚗 1h 21min | 🚌 ~2h 26min","https://www.adzuna.co.uk/jobs/details/5715621068?utm_medium=api&utm_source=fec81443","2026-05-01"
"Lead Frontend Software Engineer","GE Aerospace","Bristol, South West England","Adzuna (TotalJobs+)","QA Engineer","🏢 Office | 🚗 1h 52min | 🚌 ~2h 37min","https://www.adzuna.co.uk/jobs/details/5714939523?utm_medium=api&utm_source=fec81443","2026-05-01"
"Engineering Manager","Myn","Manchester, Greater Manchester","Adzuna (TotalJobs+)","QA Automation Engineer","🏢 Office | 🚗 1h 21min | 🚌 ~2h 26min","https://www.adzuna.co.uk/jobs/land/ad/5715945311?se=3OPK8xBG8RGp_7dMMq5KJA&utm_medium=api&utm_source=fec81443&v=1812B87A9ADB8619E5479C9E2C2D508A611C4041","2026-05-01"
"QA Automation Engineer","Lorien","Leeds, West Yorkshire","Adzuna (TotalJobs+)","QA Automation Engineer","🏢 Office | 🚗 1h 58min | 🚌 ~2h 45min","https://www.adzuna.co.uk/jobs/land/ad/5715792897?se=3OPK8xBG8RGp_7dMMq5KJA&utm_medium=api&utm_source=fec81443&v=6D365FF3E3B90EFE9963426BAB8421EB6D4411C8","2026-05-01"
"Sr. Quality Assurance Engineer w/Detox Testing Experience","Concentrix","UK","Adzuna (TotalJobs+)","QA Automation Engineer","🏢 Office | 📍 Brak lokalizacji","https://www.adzuna.co.uk/jobs/land/ad/5711116799?se=3OPK8xBG8RGp_7dMMq5KJA&utm_medium=api&utm_source=fec81443&v=F71EA2295CEF4A0B99E730E3FFBB639AD9F83C61","2026-04-26"
"QA Automation Engineer","Amex","Manchester, Greater Manchester","Adzuna (TotalJobs+)","QA Automation Engineer","🏢 Office | 🚗 1h 27min | 🚌 ~2h 36min 💾","https://www.adzuna.co.uk/jobs/details/5710436257?utm_medium=api&utm_source=fec81443","2026-04-25"
"Quality Assurance Analyst","Coforge","Telford, Shropshire","Adzuna (TotalJobs+)","QA Automation Engineer","🏢 Office | 🚗 1h 6min | 🚌 ~1h 58min","https://www.adzuna.co.uk/jobs/land/ad/5709976913?se=3OPK8xBG8RGp_7dMMq5KJA&utm_medium=api&utm_source=fec81443&v=EBB5DB979FB4740B87B5F75718AFBF9E21C23A16","2026-04-25"
"QA Engineer (Manual & Automation)","Pinewood.AI","Solihull, West Midlands","Adzuna (TotalJobs+)","QA Automation Engineer","🏢 Office | 🚗 1h 51min | 🚌 ~2h 36min 💾","https://www.adzuna.co.uk/jobs/details/5709442473?utm_medium=api&utm_source=fec81443","2026-04-24"
"Senior QA Automation Engineer","Future Publishing","UK","Adzuna (TotalJobs+)","QA Automation Engineer","🏢 Office | 📍 Brak lokalizacji","https://www.adzuna.co.uk/jobs/details/5708371923?utm_medium=api&utm_source=fec81443","2026-04-23"
"QA Automation Engineer","Howdens Joinery","Yorkshire And The Humber, UK","Adzuna (TotalJobs+)","QA Automation Engineer","🏢 Office | 🚗 2h 48min ❌ | 🚌 ~3h 55min","https://www.adzuna.co.uk/jobs/land/ad/5707343808?se=3OPK8xBG8RGp_7dMMq5KJA&utm_medium=api&utm_source=fec81443&v=27883961977EA04CE5C4A15805A931CDB4BCF5CB","2026-04-22"
"DevOps Engineer","DXC Technology","UK","Adzuna (TotalJobs+)","QA Automation Engineer","🏢 Office | 📍 Brak lokalizacji","https://www.adzuna.co.uk/jobs/details/5707198284?utm_medium=api&utm_source=fec81443","2026-04-22"
"Software Test Engineer","TRIA","Milton Keynes, Buckinghamshire","Adzuna (TotalJobs+)","QA Automation Engineer","🏢 Office | 🚗 2h 40min ❌ | 🚌 ~3h 44min","https://www.adzuna.co.uk/jobs/land/ad/5704596495?se=3OPK8xBG8RGp_7dMMq5KJA&utm_medium=api&utm_source=fec81443&v=2F3DC54E41CC53BBDBBA7C43C5541D4C09FF6CDE","2026-04-19"
"QA Automation Engineer - London Stock Exchange Group","London Stock Exchange Group","Nottingham, Nottinghamshire","Adzuna (TotalJobs+)","QA Automation Engineer","🏢 Office | 🚗 2h 8min ❌ | 🚌 ~2h 59min","https://www.adzuna.co.uk/jobs/land/ad/5702619583?se=3OPK8xBG8RGp_7dMMq5KJA&utm_medium=api&utm_source=fec81443&v=D0E6D7B541E6A3859A1744E393995A5B41ED4933","2026-04-17"
"Senior Qa Engineer","coforge","Hinkshay, Telford","Adzuna (TotalJobs+)","QA Automation Engineer","🏢 Office | 🚗 1h 12min | 🚌 ~2h 9min 💾","https://www.adzuna.co.uk/jobs/details/5701573622?utm_medium=api&utm_source=fec81443","2026-04-16"
"QA Engineer (Automation) - Manchester","Forward Role","Manchester, Greater Manchester","Adzuna (TotalJobs+)","QA Automation Engineer","🏢 Office | 🚗 1h 27min | 🚌 ~2h 36min 💾","https://www.adzuna.co.uk/jobs/details/5701541532?utm_medium=api&utm_source=fec81443","2026-04-16"
"Senior Automation QA Engineer (Data Engineering)","IntaPeople","UK","Adzuna (TotalJobs+)","QA Automation Engineer","🏢 Office | 📍 Brak lokalizacji","https://www.adzuna.co.uk/jobs/land/ad/5701480520?se=3OPK8xBG8RGp_7dMMq5KJA&utm_medium=api&utm_source=fec81443&v=27BDACD79ED24EA476819ECC5AEAD27F697E1827","2026-04-16"
"Senior AI Fullstack Engineer","Etera Technologies FZCO","UK","Adzuna (TotalJobs+)","QA Automation Engineer","🏢 Office | 📍 Brak lokalizacji","https://www.adzuna.co.uk/jobs/details/5698222701?utm_medium=api&utm_source=fec81443","2026-04-13"
"Senior QA Automation Engineer","StorMagic","Bristol, South West England","Adzuna (TotalJobs+)","QA Automation Engineer","🏢 Office | 🚗 1h 52min | 🚌 ~2h 37min 💾","https://www.adzuna.co.uk/jobs/details/5698054360?utm_medium=api&utm_source=fec81443","2026-04-13"
"Automation Test Engineer","Howden","UK","Adzuna (TotalJobs+)","QA Automation Engineer","🏢 Office | 📍 Brak lokalizacji","https://www.adzuna.co.uk/jobs/land/ad/5697410417?se=3OPK8xBG8RGp_7dMMq5KJA&utm_medium=api&utm_source=fec81443&v=8BF4726A00F906E1E59458E7EEB9DAA08AC5E21C","2026-04-12"
"QA Automation Engineer - Scotland","Accenture","UK","Adzuna (TotalJobs+)","QA Automation Engineer","🏢 Office | 📍 Brak lokalizacji","https://www.adzuna.co.uk/jobs/details/5695506114?utm_medium=api&utm_source=fec81443","2026-04-10"
"Senior QA Engineer","Hulcan","Manchester, Greater Manchester","Adzuna (TotalJobs+)","QA Automation Engineer","🏢 Office | 🚗 1h 21min | 🚌 ~2h 26min","https://www.adzuna.co.uk/jobs/details/5663292745?utm_medium=api&utm_source=fec81443","2026-03-13"
"Senior QA Engineer","Hulcan","Sheffield, South Yorkshire","Adzuna (TotalJobs+)","QA Automation Engineer","🏢 Office | 🚗 2h 15min ❌ | 🚌 ~3h 9min","https://www.adzuna.co.uk/jobs/details/5663292744?utm_medium=api&utm_source=fec81443","2026-03-13"
"Freelance Agent Evaluation Engineer","Mindrift","Manchester, Greater Manchester","Adzuna (TotalJobs+)","Test Automation Engineer","🏢 Office | 🚗 1h 21min | 🚌 ~2h 26min","https://www.adzuna.co.uk/jobs/details/5716297401?utm_medium=api&utm_source=fec81443","2026-05-01"
"Freelance Agent Evaluation Engineer","Mindrift","UK","Adzuna (TotalJobs+)","Test Automation Engineer","🏢 Office | 📍 Brak lokalizacji","https://www.adzuna.co.uk/jobs/details/5716297402?utm_medium=api&utm_source=fec81443","2026-05-01"
"Freelance Agent Evaluation Engineer","Mindrift","Birmingham, West Midlands","Adzuna (TotalJobs+)","Test Automation Engineer","🏢 Office | 🚗 1h 42min | 🚌 ~2h 23min","https://www.adzuna.co.uk/jobs/details/5716297399?utm_medium=api&utm_source=fec81443","2026-05-01"
"Software Development Engineering - Advisor I","Fiserv","UK","Adzuna (TotalJobs+)","Test Automation Engineer","🏢 Office | 📍 Brak lokalizacji","https://www.adzuna.co.uk/jobs/details/5716218298?utm_medium=api&utm_source=fec81443","2026-05-01"
"Software Development Engineering - Sr Professional I","Fiserv","UK","Adzuna (TotalJobs+)","Test Automation Engineer","🏢 Office | 📍 Brak lokalizacji","https://www.adzuna.co.uk/jobs/details/5716217133?utm_medium=api&utm_source=fec81443","2026-05-01"
"Automation Test Engineer","Automation Experts Ltd","Weaverham, Northwich","Adzuna (TotalJobs+)","Test Automation Engineer","🏢 Office | 🚗 47min | 🚌 ~1h 24min","https://www.adzuna.co.uk/jobs/land/ad/5716133314?se=EAEk9BBG8RGsP-USWMELoQ&utm_medium=api&utm_source=fec81443&v=6FF8B259DC590B9483C6B84830E0A19D06835F9D","2026-05-01"
"QA Automation Engineer","Lorien","Leeds, West Yorkshire","Adzuna (TotalJobs+)","Test Automation Engineer","🏢 Office | 🚗 1h 58min | 🚌 ~2h 45min","https://www.adzuna.co.uk/jobs/land/ad/5715792897?se=EAEk9BBG8RGsP-USWMELoQ&utm_medium=api&utm_source=fec81443&v=6D365FF3E3B90EFE9963426BAB8421EB6D4411C8","2026-05-01"
"Staff Firmware Engineer","Graphcore","Bristol, South West England","Adzuna (TotalJobs+)","Test Automation Engineer","🏢 Office | 🚗 1h 52min | 🚌 ~2h 37min","https://www.adzuna.co.uk/jobs/details/5714835337?utm_medium=api&utm_source=fec81443","2026-04-30"
"Automation Test Engineer","TALENT INTERNATIONAL UK LTD","UK","Adzuna (TotalJobs+)","Test Automation Engineer","🏢 Office | 📍 Brak lokalizacji","https://www.adzuna.co.uk/jobs/details/5714587176?utm_medium=api&utm_source=fec81443","2026-04-30"
"Commissioning Engineer - Test Equipment","Omega Resource Group","West Midlands, UK","Adzuna (TotalJobs+)","Test Automation Engineer","🏢 Office | 🚗 1h 42min | 🚌 ~2h 23min","https://www.adzuna.co.uk/jobs/details/5713680464?utm_medium=api&utm_source=fec81443","2026-04-29"
"Senior Manufacturing Test Engineer","Barker Ross Group","Congleton, Cheshire","Adzuna (TotalJobs+)","Test Automation Engineer","🏢 Office | 🚗 1h 13min | 🚌 ~2h 11min","https://www.adzuna.co.uk/jobs/land/ad/5713605868?se=EAEk9BBG8RGsP-USWMELoQ&utm_medium=api&utm_source=fec81443&v=278C368C4CECFAB47563C18F532DA9AA377CA0E1","2026-04-29"
"Automation Test Analyst","Hays","Milton Keynes, Buckinghamshire","Adzuna (TotalJobs+)","Test Automation Engineer","🏢 Office | 🚗 2h 38min ❌ | 🚌 ~3h 41min 💾","https://www.adzuna.co.uk/jobs/details/5712839597?utm_medium=api&utm_source=fec81443","2026-04-28"
"Software Engineer","Optamor","Gloucester, Gloucestershire","Adzuna (TotalJobs+)","Test Automation Engineer","🏢 Office | 🚗 2h 27min ❌ | 🚌 ~3h 26min","https://www.adzuna.co.uk/jobs/land/ad/5711944092?se=EAEk9BBG8RGsP-USWMELoQ&utm_medium=api&utm_source=fec81443&v=C7973A8DCF73E308185C4FEE31063F7F2EFA5295","2026-04-27"
"Site Manager","Hays Specialist Recruitment Limited","Milton Keynes, Buckinghamshire","Adzuna (TotalJobs+)","Test Automation Engineer","🏢 Office | 🚗 2h 40min ❌ | 🚌 ~3h 44min","https://www.adzuna.co.uk/jobs/land/ad/5711942707?se=EAEk9BBG8RGsP-USWMELoQ&utm_medium=api&utm_source=fec81443&v=E47D4E0322E96CADD06E5B850D049B7FDC8C7F02","2026-04-27"
"Senior Manufacturing Test Engineer","Barker Ross","Wall Hill, Congleton","Adzuna (TotalJobs+)","Test Automation Engineer","🏢 Office | 🚗 1h 5min | 🚌 ~1h 57min","https://www.adzuna.co.uk/jobs/land/ad/5711888782?se=EAEk9BBG8RGsP-USWMELoQ&utm_medium=api&utm_source=fec81443&v=7F876245F37E6B5953E82303B61365213A91FCB8","2026-04-27"
"Software Engineer","Optamor","Gloucestershire, South West England","Adzuna (TotalJobs+)","Test Automation Engineer","🏢 Office | 🚗 2h 40min ❌ | 🚌 ~3h 43min","https://www.adzuna.co.uk/jobs/land/ad/5711854205?se=EAEk9BBG8RGsP-USWMELoQ&utm_medium=api&utm_source=fec81443&v=C9D5E6014CD6954BEF240C325682F262D0B913BC","2026-04-27"
"Principal SDET/SEIT","The Portfolio Group","Manchester Science Park, Manchester","Adzuna (TotalJobs+)","SDET","🏢 Office | 🚗 1h 13min | 🚌 ~2h 12min","https://www.adzuna.co.uk/jobs/details/5716561634?utm_medium=api&utm_source=fec81443","2026-05-02"
"QA Automation Engineer","Lorien","Leeds, West Yorkshire","Adzuna (TotalJobs+)","SDET","🏢 Office | 🚗 1h 58min | 🚌 ~2h 45min","https://www.adzuna.co.uk/jobs/land/ad/5715792897?se=qH6B9BBG8RGJlN0MJ63G5Q&utm_medium=api&utm_source=fec81443&v=6D365FF3E3B90EFE9963426BAB8421EB6D4411C8","2026-05-01"
"Principal SDET/SEIT","The Portfolio Group","Rusholme, Manchester","Adzuna (TotalJobs+)","SDET","🏢 Office | 🚗 1h 12min | 🚌 ~2h 9min","https://www.adzuna.co.uk/jobs/land/ad/5713824788?se=qH6B9BBG8RGJlN0MJ63G5Q&utm_medium=api&utm_source=fec81443&v=4E26FD99C4C620BDE6686B2F432FC97060C905F7","2026-04-29"
"Principal SDET/SEIT","The Portfolio Group","Manchester, Greater Manchester","Adzuna (TotalJobs+)","SDET","🏢 Office | 🚗 1h 21min | 🚌 ~2h 26min","https://www.adzuna.co.uk/jobs/land/ad/5713819589?se=qH6B9BBG8RGJlN0MJ63G5Q&utm_medium=api&utm_source=fec81443&v=9BF55E066D229A525AFA1A6702667A0ABE156B07","2026-04-29"
"Automation Test Architect","DXC Technology","UK","Adzuna (TotalJobs+)","SDET","🏢 Office | 📍 Brak lokalizacji","https://www.adzuna.co.uk/jobs/details/5707197878?utm_medium=api&utm_source=fec81443","2026-04-22"
"Software Test Engineer","TRIA","Milton Keynes, Buckinghamshire","Adzuna (TotalJobs+)","SDET","🏢 Office | 🚗 2h 40min ❌ | 🚌 ~3h 44min","https://www.adzuna.co.uk/jobs/land/ad/5704596495?se=qH6B9BBG8RGJlN0MJ63G5Q&utm_medium=api&utm_source=fec81443&v=2F3DC54E41CC53BBDBBA7C43C5541D4C09FF6CDE","2026-04-19"
"Lead Performance Tester (SDET)","Vonage","UK","Adzuna (TotalJobs+)","SDET","🏢 Office | 📍 Brak lokalizacji","https://www.adzuna.co.uk/jobs/details/5701318532?utm_medium=api&utm_source=fec81443","2026-04-16"
"Software Engineer In Test (SDET)","The Portfolio Group","Rusholme, Manchester","Adzuna (TotalJobs+)","SDET","🏢 Office | 🚗 1h 12min | 🚌 ~2h 9min","https://www.adzuna.co.uk/jobs/land/ad/5700243952?se=qH6B9BBG8RGJlN0MJ63G5Q&utm_medium=api&utm_source=fec81443&v=56FB6C4814651A1D29A73C730026D826F5296DED","2026-04-15"
"Software Engineer In Test (SDET)","The Portfolio Group","Manchester, Greater Manchester","Adzuna (TotalJobs+)","SDET","🏢 Office | 🚗 1h 21min | 🚌 ~2h 26min","https://www.adzuna.co.uk/jobs/land/ad/5700240426?se=qH6B9BBG8RGJlN0MJ63G5Q&utm_medium=api&utm_source=fec81443&v=9ED003D63A38D7E2008A417EC551FC6EE5D3507E","2026-04-15"
"Senior SDET","Semble","UK","Adzuna (TotalJobs+)","SDET","🏢 Office | 📍 Brak lokalizacji","https://www.adzuna.co.uk/jobs/details/5700006196?utm_medium=api&utm_source=fec81443","2026-04-15"
"Team Lead, Software Developer in Test","Intermedia Intelligent Communications","UK","Adzuna (TotalJobs+)","SDET","🏢 Office | 📍 Brak lokalizacji","https://www.adzuna.co.uk/jobs/details/5688572890?utm_medium=api&utm_source=fec81443","2026-04-03"
"Software Development Engineer in Test (SDET)","Commify","Nottingham, Nottinghamshire","Adzuna (TotalJobs+)","SDET","🏢 Office | 🚗 2h 22min ❌ | 🚌 ~3h 18min 💾","https://www.adzuna.co.uk/jobs/details/5684266231?utm_medium=api&utm_source=fec81443","2026-03-31"
"SDET / QA Lead","Saris AI","UK","Adzuna (TotalJobs+)","SDET","🏢 Office | 📍 Brak lokalizacji","https://www.adzuna.co.uk/jobs/details/5681250433?utm_medium=api&utm_source=fec81443","2026-03-28"
"Software Developer Apprentice","MASS","South Hinksey, Oxford","Adzuna (TotalJobs+)","Software Engineer in Test","🏢 Office | 🚗 2h 46min ❌ | 🚌 ~3h 52min","https://www.adzuna.co.uk/jobs/details/5716561548?utm_medium=api&utm_source=fec81443","2026-05-02"
"Senior Software Developer","VIQU IT","Ladywood, Birmingham","Adzuna (TotalJobs+)","Software Engineer in Test","🏢 Office | 🚗 1h 47min | 🚌 ~2h 30min","https://www.adzuna.co.uk/jobs/details/5716560503?utm_medium=api&utm_source=fec81443","2026-05-02"
"Software Development Test Engineer","Premea","Lillington, Leamington Spa","Adzuna (TotalJobs+)","Software Engineer in Test","🏢 Office | 🚗 2h 11min ❌ | 🚌 ~3h 3min","https://www.adzuna.co.uk/jobs/details/5716560497?utm_medium=api&utm_source=fec81443","2026-05-02"
"Senior Software Engineer - Manchester","Adecco","Hulme, Manchester","Adzuna (TotalJobs+)","Software Engineer in Test","🏢 Office | 🚗 1h 14min | 🚌 ~2h 13min","https://www.adzuna.co.uk/jobs/details/5716560350?utm_medium=api&utm_source=fec81443","2026-05-02"
"Senior Technical Business Analyst","Vital Human Resources","Hulme, Manchester","Adzuna (TotalJobs+)","Software Engineer in Test","🏢 Office | 🚗 1h 14min | 🚌 ~2h 13min","https://www.adzuna.co.uk/jobs/details/5716560241?utm_medium=api&utm_source=fec81443","2026-05-02"
"Data Engineer","ITV","UK","Adzuna (TotalJobs+)","Software Engineer in Test","🏢 Office | 📍 Brak lokalizacji","https://www.adzuna.co.uk/jobs/details/5716211292?utm_medium=api&utm_source=fec81443","2026-05-01"
"Remote Home Based C++ Software Engineer","4M Recruitment","UK","Adzuna (TotalJobs+)","Software Engineer in Test","🔀 Hybrid | 📍 Brak lokalizacji","https://www.adzuna.co.uk/jobs/land/ad/5716128436?se=WpMP9RBG8RGp_7dMMq5KJA&utm_medium=api&utm_source=fec81443&v=AB0C4AAF40374E936F9374F73CBD866315B9F318","2026-05-01"
"ML Engineer","Infinity Quest UK","UK","Adzuna (TotalJobs+)","Software Engineer in Test","🏢 Office | 📍 Brak lokalizacji","https://www.adzuna.co.uk/jobs/details/5716040879?utm_medium=api&utm_source=fec81443","2026-05-01"
"Head of Sub-Systems - Sea Ceptor","MBDA","Bristol, South West England","Adzuna (TotalJobs+)","Software Engineer in Test","🏢 Office | 🚗 1h 52min | 🚌 ~2h 37min","https://www.adzuna.co.uk/jobs/land/ad/5714844858?se=WpMP9RBG8RGp_7dMMq5KJA&utm_medium=api&utm_source=fec81443&v=D9F7190665D8376BAB29159618C703471295D53A","2026-04-30"
"Senior Electronics Engineer","Saab","UK","Adzuna (TotalJobs+)","Software Engineer in Test","🏢 Office | 📍 Brak lokalizacji","https://www.adzuna.co.uk/jobs/details/5714836781?utm_medium=api&utm_source=fec81443","2026-04-30"
"Software Development Engineer - Test & Measurement","Matchtech","Leicestershire, East Midlands","Adzuna (TotalJobs+)","Software Engineer in Test","🏢 Office | 🚗 2h 28min ❌ | 🚌 ~3h 28min","https://www.adzuna.co.uk/jobs/land/ad/5714789373?se=WpMP9RBG8RGp_7dMMq5KJA&utm_medium=api&utm_source=fec81443&v=3AEE6172014E221B7DFD0B5015BA36D5DB176874","2026-04-30"
"Full Stack Software Engineer","Connells Group HQ","Milton Keynes, Buckinghamshire","Adzuna (TotalJobs+)","Software Engineer in Test","🏢 Office | 🚗 2h 40min ❌ | 🚌 ~3h 44min","https://www.adzuna.co.uk/jobs/details/5714528543?utm_medium=api&utm_source=fec81443","2026-04-30"
"(111) Senior Data Engineer","Harnham","Manchester, Greater Manchester","Adzuna (TotalJobs+)","Software Engineer in Test","🏢 Office | 🚗 1h 21min | 🚌 ~2h 26min","https://www.adzuna.co.uk/jobs/land/ad/5714352155?se=WpMP9RBG8RGp_7dMMq5KJA&utm_medium=api&utm_source=fec81443&v=43C86A7F948F9634A183193A57B34EF6338B16E5","2026-04-30"
"Product Engineer","Redline Group Ltd","Chadderton, Oldham","Adzuna (TotalJobs+)","Test Engineer","🏢 Office | 🚗 1h 21min | 🚌 ~2h 25min","https://www.adzuna.co.uk/jobs/land/ad/5716904846?se=VHx39RBG8RGp_7dMMq5KJA&utm_medium=api&utm_source=fec81443&v=C62C6ED6170B4EFF5692082DDA3C32C139B61670","2026-05-02"
"Refrigeration Design Engineer","Euro Projects Recruitment","Nottingham, Nottinghamshire","Adzuna (TotalJobs+)","Test Engineer","🏢 Office | 🚗 2h 8min ❌ | 🚌 ~2h 59min","https://www.adzuna.co.uk/jobs/land/ad/5716904834?se=VHx39RBG8RGp_7dMMq5KJA&utm_medium=api&utm_source=fec81443&v=A8849DEF1EAF8EFF9779EF5B6D392BAA6D5B4DBC","2026-05-02"
"Senior System Modelling Engineer (Senior Solution Architect)","MASS Consultants","UK","Adzuna (TotalJobs+)","Test Engineer","🏢 Office | 📍 Brak lokalizacji","https://www.adzuna.co.uk/jobs/land/ad/5716904719?se=VHx39RBG8RGp_7dMMq5KJA&utm_medium=api&utm_source=fec81443&v=7D5CB8F17B76215907F5762DDE257FB96E587A77","2026-05-02"
"Radioprotection Engineer","Amentum","Bristol, South West England","Adzuna (TotalJobs+)","Test Engineer","🏢 Office | 🚗 1h 52min | 🚌 ~2h 37min","https://www.adzuna.co.uk/jobs/land/ad/5716841376?se=VHx39RBG8RGp_7dMMq5KJA&utm_medium=api&utm_source=fec81443&v=3CEBC770043A96702FB49DE78A063D8EDEE7EBBE","2026-05-02"
"Trainee Technician / Engineering / Construction Industry","AWD Online","Ellesmere Port, Cheshire","Adzuna (TotalJobs+)","Test Engineer","🏢 Office | 🚗 29min | 🚌 ~53min","https://www.adzuna.co.uk/jobs/details/5716827084?utm_medium=api&utm_source=fec81443","2026-05-02"
"Electrical Engineer","Ina8 Solutions Ltd","Shifnal, Shropshire","Adzuna (TotalJobs+)","Test Engineer","🏢 Office | 🚗 1h 7min | 🚌 ~2h","https://www.adzuna.co.uk/jobs/details/5716823826?utm_medium=api&utm_source=fec81443","2026-05-02"
"Test Engineer","Searchability  Ltd","UK","Adzuna (TotalJobs+)","Test Engineer","🏢 Office | 📍 Brak lokalizacji","https://www.adzuna.co.uk/jobs/details/5716698220?utm_medium=api&utm_source=fec81443","2026-05-02"
"Senior System Modelling Engineer","MASS Consultants","UK","Adzuna (TotalJobs+)","Test Engineer","🏢 Office | 📍 Brak lokalizacji","https://www.adzuna.co.uk/jobs/details/5716561797?utm_medium=api&utm_source=fec81443","2026-05-02"
"Senior Quality Engineering Architect","ROQ LTD","Buckshaw Village, Chorley","Adzuna (TotalJobs+)","Test Engineer","🏢 Office | 🚗 1h 18min | 🚌 ~2h 20min","https://www.adzuna.co.uk/jobs/details/5716560991?utm_medium=api&utm_source=fec81443","2026-05-02"
"AI Engineer","Rerooters Limited t/a Certus Recruitment","Milton, Brampton","Adzuna (TotalJobs+)","Test Engineer","🏢 Office | 🚗 2h 45min ❌ | 🚌 ~3h 51min","https://www.adzuna.co.uk/jobs/details/5716560590?utm_medium=api&utm_source=fec81443","2026-05-02"
"Contract Applications Developer (C++ & Qt)","TXM Recruit","Wolverton Mill, Milton Keynes","Adzuna (TotalJobs+)","Test Engineer","🏢 Office | 🚗 2h 39min ❌ | 🚌 ~3h 43min","https://www.adzuna.co.uk/jobs/details/5716560075?utm_medium=api&utm_source=fec81443","2026-05-02"
"Senior Python Developer","Tech4 Ltd","Newbridge, Wolverhampton","Adzuna (TotalJobs+)","QA Lead","🏢 Office | 🚗 1h 18min | 🚌 ~2h 21min","https://www.adzuna.co.uk/jobs/details/5716561156?utm_medium=api&utm_source=fec81443","2026-05-02"
"QA Service Lead - Laboratory Services","Avantor","UK","Adzuna (TotalJobs+)","QA Lead","🏢 Office | 📍 Brak lokalizacji","https://www.adzuna.co.uk/jobs/details/5716222254?utm_medium=api&utm_source=fec81443","2026-05-01"
"QA Manager","Hilton Food Group","UK","Adzuna (TotalJobs+)","QA Lead","🏢 Office | 📍 Brak lokalizacji","https://www.adzuna.co.uk/jobs/land/ad/5716218139?se=RA7X9RBG8RG_oc2PS4KVyg&utm_medium=api&utm_source=fec81443&v=084AD1E63804294CBF56A475C5C6949B09D3641D","2026-05-01"
"Automation Test Lead - Hybrid","Roc Search Europe Limited","Hyde Park, Leeds","Adzuna (TotalJobs+)","QA Lead","🔀 Hybrid | 🚗 1h 54min | 🚌 ~2h 39min","https://www.adzuna.co.uk/jobs/land/ad/5716009670?se=RA7X9RBG8RG_oc2PS4KVyg&utm_medium=api&utm_source=fec81443&v=C4BB88759EFCD9762B7C243B8AF8915B60974863","2026-05-01"
"NDI Senior Specialist","Morson Talent","UK","Adzuna (TotalJobs+)","QA Lead","🏢 Office | 📍 Brak lokalizacji","https://www.adzuna.co.uk/jobs/details/5715960071?utm_medium=api&utm_source=fec81443","2026-05-01"
"Clinical Psychologist QA Lead","Held Health","Bristol, South West England","Adzuna (TotalJobs+)","QA Lead","🏢 Office | 🚗 1h 52min | 🚌 ~2h 37min","https://www.adzuna.co.uk/jobs/land/ad/5715945469?se=RA7X9RBG8RG_oc2PS4KVyg&utm_medium=api&utm_source=fec81443&v=9E4079F13C2A8017E575C8E7185B6130E6048984","2026-05-01"
"Quality Manager","Riverside","Penrith, Cumbria","Adzuna (TotalJobs+)","QA Lead","🏢 Office | 🚗 2h 22min ❌ | 🚌 ~3h 19min","https://www.adzuna.co.uk/jobs/details/5715943443?utm_medium=api&utm_source=fec81443","2026-05-01"
"Quality Manager","Riverside Recruitment","Cliburn, Penrith","Adzuna (TotalJobs+)","QA Lead","🏢 Office | 🚗 2h 25min ❌ | 🚌 ~3h 23min","https://www.adzuna.co.uk/jobs/details/5715938331?utm_medium=api&utm_source=fec81443","2026-05-01"
"Senior QA Engineer","Mortgage Advice Bureau","Derby, Derbyshire","Adzuna (TotalJobs+)","QA Lead","🏢 Office | 🚗 1h 49min | 🚌 ~2h 32min","https://www.adzuna.co.uk/jobs/details/5714939454?utm_medium=api&utm_source=fec81443","2026-05-01"
"Lead QA Manager","Avara Foods","Moxley, Walsall","Adzuna (TotalJobs+)","QA Lead","🏢 Office | 🚗 1h 30min | 🚌 ~2h 6min","https://www.adzuna.co.uk/jobs/land/ad/5714842161?se=RA7X9RBG8RG_oc2PS4KVyg&utm_medium=api&utm_source=fec81443&v=5C78EF9C46BFAA05E9B7826A4B59AB59E092A1C8","2026-04-30"
"Lead Stock Condition Surveyor","Two Rivers Housing","Newent, Gloucestershire","Adzuna (TotalJobs+)","QA Lead","🏢 Office | 🚗 2h 27min ❌ | 🚌 ~3h 25min","https://www.adzuna.co.uk/jobs/details/5714837257?utm_medium=api&utm_source=fec81443","2026-04-30"
"Creative Marketing Director","MM Coaching Limited","UK","Adzuna (TotalJobs+)","QA Lead","🏢 Office | 📍 Brak lokalizacji","https://www.adzuna.co.uk/jobs/details/5714489439?utm_medium=api&utm_source=fec81443","2026-04-30"
"GMP Operational Quality Manager","Vertex Pharmaceuticals","UK","Adzuna (TotalJobs+)","QA Lead","🏢 Office | 📍 Brak lokalizacji","https://www.adzuna.co.uk/jobs/details/5713758120?utm_medium=api&utm_source=fec81443","2026-04-29"
"Lead QA Engineer","Aker Systems","UK","Adzuna (TotalJobs+)","QA Lead","🏢 Office | 📍 Brak lokalizacji","https://www.adzuna.co.uk/jobs/details/5713757972?utm_medium=api&utm_source=fec81443","2026-04-29"
"Tutor/Assessor (Midlands) - Kids Planet Central Support","Kids Planet","Mobberley, Knutsford","Adzuna (TotalJobs+)","QA Lead","🏢 Office | 🚗 1h 2min | 🚌 ~1h 52min","https://www.adzuna.co.uk/jobs/details/5713757045?utm_medium=api&utm_source=fec81443","2026-04-29"
"Software Full Stack Support/Developer","Unisys","Milton Keynes, Buckinghamshire","Adzuna (TotalJobs+)","QA Lead","🏢 Office | 🚗 2h 40min ❌ | 🚌 ~3h 44min","https://www.adzuna.co.uk/jobs/details/5713756021?utm_medium=api&utm_source=fec81443","2026-04-29"
"Lead Test Engineer","ISR RECRUITMENT LIMITED","UK","Adzuna (TotalJobs+)","QA Lead","🏢 Office | 📍 Brak lokalizacji","https://www.adzuna.co.uk/jobs/land/ad/5713709397?se=RA7X9RBG8RG_oc2PS4KVyg&utm_medium=api&utm_source=fec81443&v=114BDC7EB3DAFF9E49676994460E0A66265C334C","2026-04-29"
"QA Test Engineer","","Birmingham, England","Glassdoor","Software QA Engineer","🏢 Office | 🚗 1h 42min | 🚌 ~2h 23min","https://www.glassdoor.co.uk/job-listing/qa-test-engineer-platform-housing-JV_IC3376957_KO0,16_KE17,33.htm?jl=1010117385022",""
"QA Engineer","","Oxford, England","Glassdoor","Software QA Engineer","🏢 Office | 🚗 2h 51min ❌ | 🚌 ~3h 59min 💾","https://www.glassdoor.co.uk/job-listing/qa-engineer-griffin-JV_IC3380454_KO0,11_KE12,19.htm?jl=1005709463174",""
"Sr. QA Automation Engineer","","United Kingdom","Glassdoor","Software QA Engineer","🏢 Office | 📍 Brak lokalizacji","https://www.glassdoor.co.uk/job-listing/sr-qa-automation-engineer-kraken-digital-asset-exchange-JV_KO0,25_KE26,55.htm?jl=1009956916819",""