Title,Company,Location,Board,Search Term,Commute,URL,Posted
"Sr. Quality Assurance Engineer w/Detox Testing Experience","Concentrix","Remote","Indeed","Software QA Automation Engineer","🌐 Remote","https://uk.indeed.com/rc/clk?jk=6c8cafd003b48099&bb=94HonpOGNJZX8LaOBjJUjUrRsKYJqxm88Sf6WqmhNP3boeWyyE-7qQhlPHAts0NHT4iKdvpv454d3dYtEDl82c-pwbHJNvWm39IGQlmwufpQ-qhaW8d3YjsfHgC1iYZa&xkcb=SoAE67M3knXO91zZhp0KbzkdCdPP&fccid=773041d0d31c442a&vjs=3",""
"QA Engineer (Remote)","","Remote","Glassdoor","Software QA Engineer","🌐 Remote","https://www.glassdoor.co.uk/job-listing/qa-engineer-remote-remotestar-JV_KO0,18_KE19,29.htm?jl=1009426005158",""
"QA Engineer for Mobile (Remote)","","Remote","Glassdoor","Software QA Engineer","🌐 Remote","https://www.glassdoor.co.uk/job-listing/qa-engineer-for-mobile-remote-veeva-systems-JV_KO0,29_KE30,43.htm?jl=1010083040565",""
"Software Test Engineer QA","","Remote","Glassdoor","Software QA Engineer","🌐 Remote","https://www.glassdoor.co.uk/job-listing/software-test-engineer-qa-yo-it-consulting-JV_KO0,25_KE26,42.htm?jl=1010050986057",""
"Middle QA Automation Engineer","","Remote","Glassdoor","Software QA Engineer","🌐 Remote","https://www.glassdoor.co.uk/job-listing/middle-qa-automation-engineer-mad-devs-JV_KO0,29_KE30,38.htm?jl=1009872368356",""
"Senior QA Engineer","","Remote","Glassdoor","Software QA Engineer","🌐 Remote","https://www.glassdoor.co.uk/job-listing/senior-qa-engineer-veeva-systems-JV_KO0,18_KE19,32.htm?jl=1010102287966",""
"Test Engineer","Welsh Revenue Authority","Hybrid work in Cardiff","Indeed","Software QA Automation Engineer","🔀 Hybrid | 🚗 2h 39min ❌ | 🚌 ~3h 43min","https://uk.indeed.com/rc/clk?jk=c54a0948633ee886&bb=94HonpOGNJZX8LaOBjJUjRsvanakjql1gdn3aA5xk9TTjHCVGAB0nl6J5rotc4n763bwZ4qe0yciZLBVcoj9IIbH9AnggFV7GlLF-ZtySqbw8srpc7YoPWBAytfd06yj&xkcb=SoD167M3knXO91TZhp0LbzkdCdPP&fccid=973f61b8a4317555&vjs=3",""
"Software Development Engineer in Test","Driver and Vehicle Licensing Agency","Hybrid work in Swansea","Indeed","Software QA Automation Engineer","🔀 Hybrid | 🚗 2h 18min ❌ | 🚌 ~3h 13min","https://uk.indeed.com/rc/clk?jk=aa9b787e1141914b&bb=94HonpOGNJZX8LaOBjJUje8RTkczc5FXAWs2IIny5H8EToMkkUxBX1B1Cqknfd8AxGIcXIyYANrjKZXcwuDWhuVAS_lg7SW27oCTJjUbSlajCVgMSq3E1wwvngUrFGdk&xkcb=SoBB67M3knXO91TZhp0KbzkdCdPP&fccid=4fa1746a279c8218&vjs=3",""
"Senior Mobile QA","Waracle","Hybrid work in Glasgow","Indeed","Software QA Automation Engineer","🔀 Hybrid | 🚗 2h 38min ❌ | 🚌 ~3h 41min","https://uk.indeed.com/rc/clk?jk=dddb007c3204ecb5&bb=94HonpOGNJZX8LaOBjJUjf6OedfUW07-934hOLWvAuWHfQJgNyyel-iw7prfrG2GDvvyyAuIlacLHuJ-h5jTjV2chuWrDhBP2PQIGHna3439nXMKacb5dRro7kUpcu3Y&xkcb=SoDm67M3knXO91TZhp0PbzkdCdPP&fccid=bbd2032bce027b72&vjs=3",""
"QA Engineer (Manual & Automation)","Pinewood.AI","Hybrid work in Solihull","Indeed","Software QA Automation Engineer","🔀 Hybrid | 🚗 1h 59min | 🚌 ~2h 47min","https://uk.indeed.com/rc/clk?jk=1fd23f5e0f6c941a&bb=94HonpOGNJZX8LaOBjJUjQK9P2Jhx9nyNP7MIrGfMZgYDTcfyqKJ1CwrHk_E0d7m0DH6yMdnpxGxNMzWtzriD-8jJSDSGiEzCcd1n4r2ZJAqKD1FySF9FqlQgLUtTQEQ&xkcb=SoCZ67M3knXO91zZhp0JbzkdCdPP&fccid=caf727ee60579f19&vjs=3",""
"Test Automation Engineer","EPAM Systems, Inc.","Hybrid work in Belfast","Indeed","Software QA Automation Engineer","🔀 Hybrid | 🚗 2h 18min ❌ | 🚌 ~3h 13min","https://uk.indeed.com/rc/clk?jk=693acea027ccca82&bb=94HonpOGNJZX8LaOBjJUjat0TGv50pdBfv4yTc3KGAr4IfT8sIIcGLwGzBxEWTqalIRem6E__zvHneqLi-bZciaBPPpEq1IbPxREGQlRpuKw6eaJH0qMJ-RPBlqdr38d&xkcb=SoAt67M3knXO91zZhp0IbzkdCdPP&fccid=532afac41b2663f7&vjs=3",""
"QA Analyst","CMap","Hybrid work in Manchester M2","Indeed","Software QA Automation Engineer","🔀 Hybrid | 🚗 1h 26min | 🚌 ~2h 34min","https://uk.indeed.com/rc/clk?jk=b00d26b3f97f7eb5&bb=94HonpOGNJZX8LaOBjJUjXMk0T4WXnguIGLzIOIodIbiVukhuqBxoQ7ze-jVasDmTarssgnR9fH5OA3HkqVE9kJGtoXwk4LPnhOkLu2CQ1G97M8BU2SDlOxzE1xyAIKU&xkcb=SoCj67M3knXO91zZhp0PbzkdCdPP&fccid=6a700c1317f93629&vjs=3",""
"EA Software Test Engineer","General Dynamics Land Systems UK","Hybrid work in Blackwood NP12 4AD","Indeed","Software QA Automation Engineer","🔀 Hybrid | 🚗 2h 18min ❌ | 🚌 ~3h 13min","https://uk.indeed.com/rc/clk?jk=ba3ab6dd788c338a&bb=94HonpOGNJZX8LaOBjJUjdtEqN1LejywCWqgRIOK6i45D9ExB2K4EujXvqUQKrHc-7tbjnCF9jhE0ZyY8nvhR5AeqXMzdcqJtuE4WOwhBmHEijn5fh6yf_lRY_4wdFDp&xkcb=SoDX67M3knXO91zZhp0DbzkdCdPP&fccid=c2b597c70ecb0c6f&vjs=3",""
"EA Software Test Engineer","General Dynamics Land Systems UK","Hybrid work in Blackwood NP12 4AD","Indeed","Software QA Automation Engineer","🔀 Hybrid | 🚗 2h 18min ❌ | 🚌 ~3h 13min","https://uk.indeed.com/viewjob?jk=890abcdef0123456",""
"Software QA Engineer","","","Reed","Software QA Engineer","🏢 Office | 📍 Location not provided","https://www.reed.co.uk/jobs/software-qa-engineer/56812917?source=searchResults&filter=%2Fjobs%2Fsoftware-qa-engineer-jobs-in-united-kingdom",""
"Software/Firmware Test Engineer","","","Reed","Software QA Engineer","🏢 Office | 📍 Location not provided","https://www.reed.co.uk/jobs/software-firmware-test-engineer/56735761?source=searchResults&filter=%2Fjobs%2Fsoftware-qa-engineer-jobs-in-united-kingdom",""
"Automation Software Test Engineer","","","Reed","Software QA Engineer","🏢 Office | 📍 Location not provided","https://www.reed.co.uk/jobs/automation-software-test-engineer/56806646?source=searchResults&filter=%2Fjobs%2Fsoftware-qa-engineer-jobs-in-united-kingdom",""
"QA Engineer- Selenium Experience","","","Reed","Software QA Engineer","🏢 Office | 📍 Location not provided","https://www.reed.co.uk/jobs/qa-engineer-selenium-experience/56765039?source=searchResults&filter=%2Fjobs%2Fsoftware-qa-engineer-jobs-in-united-kingdom",""
"Senior Software Tester","","","Reed","Software QA Engineer","🏢 Office | 📍 Location not provided","https://www.reed.co.uk/jobs/senior-software-tester/56708334?source=searchResults&filter=%2Fjobs%2Fsoftware-qa-engineer-jobs-in-united-kingdom",""
"Software Test Analyst","","","Reed","Software QA Engineer","🏢 Office | 📍 Location not provided","https://www.reed.co.uk/jobs/software-test-analyst/56691744?source=searchResults&filter=%2Fjobs%2Fsoftware-qa-engineer-jobs-in-united-kingdom",""
"Software Engineer","","","Reed","Software QA Engineer","🏢 Office | 📍 Location not provided","https://www.reed.co.uk/jobs/software-engineer/56788847?source=searchResults&filter=%2Fjobs%2Fsoftware-qa-engineer-jobs-in-united-kingdom",""
"Software Quality Engineer","","","Reed","Software QA Engineer","🏢 Office | 📍 Location not provided","https://www.reed.co.uk/jobs/software-quality-engineer/56698833?source=searchResults&filter=%2Fjobs%2Fsoftware-qa-engineer-jobs-in-united-kingdom",""
"Senior QA Engineer","","","Reed","Software QA Engineer","🏢 Office | 📍 Location not provided","https://www.reed.co.uk/jobs/senior-qa-engineer/56673614?source=searchResults&filter=%2Fjobs%2Fsoftware-qa-engineer-jobs-in-united-kingdom",""
"QA Automation Engineer","","","Reed","Software QA Engineer","🏢 Office | 📍 Location not provided","https://www.reed.co.uk/jobs/qa-automation-engineer/56815148?source=searchResults&filter=%2Fjobs%2Fsoftware-qa-engineer-jobs-in-united-kingdom",""
"Performance QA Engineer","","","Reed","Software QA Engineer","🏢 Office | 📍 Location not provided","https://www.reed.co.uk/jobs/performance-qa-engineer/56758383?source=searchResults&filter=%2Fjobs%2Fsoftware-qa-engineer-jobs-in-united-kingdom",""
"QA Engineer","","","Reed","Software QA Engineer","🏢 Office | 📍 Location not provided","https://www.reed.co.uk/jobs/qa-engineer/56814982?source=searchResults&filter=%2Fjobs%2Fsoftware-qa-engineer-jobs-in-united-kingdom",""
"QA Engineer","","","Reed","Software QA Engineer","🏢 Office | 📍 Location not provided","https://www.reed.co.uk/jobs/qa-engineer/56793724?source=searchResults&filter=%2Fjobs%2Fsoftware-qa-engineer-jobs-in-united-kingdom",""
"QA/Test Engineer","","","Reed","Software QA Engineer","🏢 Office | 📍 Location not provided","https://www.reed.co.uk/jobs/qa-test-engineer/56789929?source=searchResults&filter=%2Fjobs%2Fsoftware-qa-engineer-jobs-in-united-kingdom",""
"Q&A Test Engineer","","","Reed","Software QA Engineer","🏢 Office | 📍 Location not provided","https://www.reed.co.uk/jobs/q-a-test-engineer/56749452?source=searchResults&filter=%2Fjobs%2Fsoftware-qa-engineer-jobs-in-united-kingdom",""
"Lead QA Engineer","","","Reed","Software QA Engineer","🏢 Office | 📍 Location not provided","https://www.reed.co.uk/jobs/lead-qa-engineer/56664665?source=searchResults&filter=%2Fjobs%2Fsoftware-qa-engineer-jobs-in-united-kingdom",""
"Q&A Test Engineer","","","Reed","Software QA Engineer","🏢 Office | 📍 Location not provided","https://www.reed.co.uk/jobs/q-a-test-engineer/56759740?source=searchResults&filter=%2Fjobs%2Fsoftware-qa-engineer-jobs-in-united-kingdom",""
"Q&A Test Engineer","","","Reed","Software QA Engineer","🏢 Office | 📍 Location not provided","https://www.reed.co.uk/jobs/q-a-test-engineer/56686434?source=searchResults&filter=%2Fjobs%2Fsoftware-qa-engineer-jobs-in-united-kingdom",""
"Junior Automation QA Engineer","","","Reed","Software QA Engineer","🏢 Office | 📍 Location not provided","https://www.reed.co.uk/jobs/junior-automation-qa-engineer/56812839?source=searchResults&filter=%2Fjobs%2Fsoftware-qa-engineer-jobs-in-united-kingdom",""
"Q&A Test Engineer","","","Reed","Software QA Engineer","🏢 Office | 📍 Location not provided","https://www.reed.co.uk/jobs/q-a-test-engineer/56772091?source=searchResults&filter=%2Fjobs%2Fsoftware-qa-engineer-jobs-in-united-kingdom",""
"Quality Assurance Engineer","","","Reed","Software QA Engineer","🏢 Office | 📍 Location not provided","https://www.reed.co.uk/jobs/quality-assurance-engineer/56788684?source=searchResults&filter=%2Fjobs%2Fsoftware-qa-engineer-jobs-in-united-kingdom",""
"QA Chapter Lead","","","Reed","Software QA Engineer","🏢 Office | 📍 Location not provided","https://www.reed.co.uk/jobs/qa-chapter-lead/56718142?source=searchResults&filter=%2Fjobs%2Fsoftware-qa-engineer-jobs-in-united-kingdom",""
"QA Engineer","","","Reed","Software QA Engineer","🏢 Office | 📍 Location not provided","https://www.reed.co.uk/jobs/qa-engineer/56789104?source=searchResults&filter=%2Fjobs%2Fsoftware-qa-engineer-jobs-in-united-kingdom",""
"Lead Quality Engineer","","","Reed","Software QA Engineer","🏢 Office | 📍 Location not provided","https://www.reed.co.uk/jobs/lead-quality-engineer/56812312?source=searchResults&filter=%2Fjobs%2Fsoftware-qa-engineer-jobs-in-united-kingdom",""
"Test Engineer","","","Reed","Software QA Engineer","🏢 Office | 📍 Location not provided","https://www.reed.co.uk/jobs/test-engineer/56800625?source=searchResults&filter=%2Fjobs%2Fsoftware-qa-engineer-jobs-in-united-kingdom",""
"Automation Software Test Engineer","","","Reed","Software QA Automation Engineer","🏢 Office | 📍 Location not provided","https://www.reed.co.uk/jobs/automation-software-test-engineer/56806646?source=searchResults&filter=%2Fjobs%2Fsoftware-qa-automation-engineer-jobs-in-united-kingdom",""
"Software/Firmware Test Engineer","","","Reed","Software QA Automation Engineer","🏢 Office | 📍 Location not provided","https://www.reed.co.uk/jobs/software-firmware-test-engineer/56735761?source=searchResults&filter=%2Fjobs%2Fsoftware-qa-automation-engineer-jobs-in-united-kingdom",""
"Software QA Engineer","","","Reed","Software QA Automation Engineer","🏢 Office | 📍 Location not provided","https://www.reed.co.uk/jobs/software-qa-engineer/56812917?source=searchResults&filter=%2Fjobs%2Fsoftware-qa-automation-engineer-jobs-in-united-kingdom",""
"QA Engineer- Selenium Experience","","","Reed","Software QA Automation Engineer","🏢 Office | 📍 Location not provided","https://www.reed.co.uk/jobs/qa-engineer-selenium-experience/56765039?source=searchResults&filter=%2Fjobs%2Fsoftware-qa-automation-engineer-jobs-in-united-kingdom",""
"Senior Software Tester","","","Reed","Software QA Automation Engineer","🏢 Office | 📍 Location not provided","https://www.reed.co.uk/jobs/senior-software-tester/56708334?source=searchResults&filter=%2Fjobs%2Fsoftware-qa-automation-engineer-jobs-in-united-kingdom",""
"Software Test Analyst","","","Reed","Software QA Automation Engineer","🏢 Office | 📍 Location not provided","https://www.reed.co.uk/jobs/software-test-analyst/56691744?source=searchResults&filter=%2Fjobs%2Fsoftware-qa-automation-engineer-jobs-in-united-kingdom",""
"Junior Automation QA Engineer","","","Reed","Software QA Automation Engineer","🏢 Office | 📍 Location not provided","https://www.reed.co.uk/jobs/junior-automation-qa-engineer/56812839?source=searchResults&filter=%2Fjobs%2Fsoftware-qa-automation-engineer-jobs-in-united-kingdom",""
"Software Engineer Apprentice","","","Reed","Software QA Automation Engineer","🏢 Office | 📍 Location not provided","https://www.reed.co.uk/jobs/software-engineer-apprentice/56801791?source=searchResults&filter=%2Fjobs%2Fsoftware-qa-automation-engineer-jobs-in-united-kingdom",""
"QA/Test Engineer","","","Reed","Software QA Automation Engineer","🏢 Office | 📍 Location not provided","https://www.reed.co.uk/jobs/qa-test-engineer/56789929?source=searchResults&filter=%2Fjobs%2Fsoftware-qa-automation-engineer-jobs-in-united-kingdom",""
"Lead QA Engineer","","","Reed","Software QA Automation Engineer","🏢 Office | 📍 Location not provided","https://www.reed.co.uk/jobs/lead-qa-engineer/56664665?source=searchResults&filter=%2Fjobs%2Fsoftware-qa-automation-engineer-jobs-in-united-kingdom",""
"QA Automation Engineer","","","Reed","Software QA Automation Engineer","🏢 Office | 📍 Location not provided","https://www.reed.co.uk/jobs/qa-automation-engineer/56815148?source=searchResults&filter=%2Fjobs%2Fsoftware-qa-automation-engineer-jobs-in-united-kingdom",""
"QA Engineer","","","Reed","Software QA Automation Engineer","🏢 Office | 📍 Location not provided","https://www.reed.co.uk/jobs/qa-engineer/56793724?source=searchResults&filter=%2Fjobs%2Fsoftware-qa-automation-engineer-jobs-in-united-kingdom",""
"QA Automation Engineer","","","Reed","Software QA Automation Engineer","🏢 Office | 📍 Location not provided","https://www.reed.co.uk/jobs/qa-automation-engineer/56688980?source=searchResults&filter=%2Fjobs%2Fsoftware-qa-automation-engineer-jobs-in-united-kingdom",""
"Lead Quality Engineer","","","Reed","Software QA Automation Engineer","🏢 Office | 📍 Location not provided","https://www.reed.co.uk/jobs/lead-quality-engineer/56812312?source=searchResults&filter=%2Fjobs%2Fsoftware-qa-automation-engineer-jobs-in-united-kingdom",""
"Q&A Test Engineer","","","Reed","Software QA Automation Engineer","🏢 Office | 📍 Location not provided","https://www.reed.co.uk/jobs/q-a-test-engineer/56749452?source=searchResults&filter=%2Fjobs%2Fsoftware-qa-automation-engineer-jobs-in-united-kingdom",""
"Q&A Test Engineer","","","Reed","Software QA Automation Engineer","🏢 Office | 📍 Location not provided","https://www.reed.co.uk/jobs/q-a-test-engineer/56759740?source=searchResults&filter=%2Fjobs%2Fsoftware-qa-automation-engineer-jobs-in-united-kingdom",""
"Q&A Test Engineer","","","Reed","Software QA Automation Engineer","🏢 Office | 📍 Location not provided","https://www.reed.co.uk/jobs/q-a-test-engineer/56686434?source=searchResults&filter=%2Fjobs%2Fsoftware-qa-automation-engineer-jobs-in-united-kingdom",""
"Q&A Test Engineer","","","Reed","Software QA Automation Engineer","🏢 Office | 📍 Location not provided","https://www.reed.co.uk/jobs/q-a-test-engineer/56772091?source=searchResults&filter=%2Fjobs%2Fsoftware-qa-automation-engineer-jobs-in-united-kingdom",""
"QA Engineer","","","Reed","Software QA Automation Engineer","🏢 Office | 📍 Location not provided","https://www.reed.co.uk/jobs/qa-engineer/56789104?source=searchResults&filter=%2Fjobs%2Fsoftware-qa-automation-engineer-jobs-in-united-kingdom",""
"AI & Digital Support Apprentice","","","Reed","Software QA Automation Engineer","🏢 Office | 📍 Location not provided","https://www.reed.co.uk/jobs/ai-digital-support-apprentice/56806607?source=searchResults&filter=%2Fjobs%2Fsoftware-qa-automation-engineer-jobs-in-united-kingdom",""
"Software Tester","","","Reed","Software QA Automation Engineer","🏢 Office | 📍 Location not provided","https://www.reed.co.uk/jobs/software-tester/56675800?source=searchResults&filter=%2Fjobs%2Fsoftware-qa-automation-engineer-jobs-in-united-kingdom",""
"Senior Software Engineer (Test)","","","Reed","Software QA Automation Engineer","🏢 Office | 📍 Location not provided","https://www.reed.co.uk/jobs/senior-software-engineer-test/56758314?source=searchResults&filter=%2Fjobs%2Fsoftware-qa-automation-engineer-jobs-in-united-kingdom",""
"Senior QA Engineer","","","Reed","Software QA Automation Engineer","🏢 Office | 📍 Location not provided","https://www.reed.co.uk/jobs/senior-qa-engineer/56673614?source=searchResults&filter=%2Fjobs%2Fsoftware-qa-automation-engineer-jobs-in-united-kingdom",""
"Test Automation Lead","","","Reed","Software QA Automation Engineer","🏢 Office | 📍 Location not provided","https://www.reed.co.uk/jobs/test-automation-lead/56804787?source=searchResults&filter=%2Fjobs%2Fsoftware-qa-automation-engineer-jobs-in-united-kingdom",""
"Data Analyst Apprentice","","","Reed","Software QA Automation Engineer","🏢 Office | 📍 Location not provided","https://www.reed.co.uk/jobs/data-analyst-apprentice/56710393?source=searchResults&filter=%2Fjobs%2Fsoftware-qa-automation-engineer-jobs-in-united-kingdom",""
"QA Test Lead","","","Reed","Testing Lead","🏢 Office | 📍 Location not provided","https://www.reed.co.uk/jobs/qa-test-lead/56821661?source=searchResults&filter=%2Fjobs%2Ftesting-lead-jobs-in-united-kingdom",""
"Test Lead","","","Reed","Testing Lead","🏢 Office | 📍 Location not provided","https://www.reed.co.uk/jobs/test-lead/56801432?source=searchResults&filter=%2Fjobs%2Ftesting-lead-jobs-in-united-kingdom",""
"Test Automation Lead","","","Reed","Testing Lead","🏢 Office | 📍 Location not provided","https://www.reed.co.uk/jobs/test-automation-lead/56804787?source=searchResults&filter=%2Fjobs%2Ftesting-lead-jobs-in-united-kingdom",""
"Test Lead","","","Reed","Testing Lead","🏢 Office | 📍 Location not provided","https://www.reed.co.uk/jobs/test-lead/56732007?source=searchResults&filter=%2Fjobs%2Ftesting-lead-jobs-in-united-kingdom",""
"Test Lead","","","Reed","Testing Lead","🏢 Office | 📍 Location not provided","https://www.reed.co.uk/jobs/test-lead/56652704?source=searchResults&filter=%2Fjobs%2Ftesting-lead-jobs-in-united-kingdom",""
"Test Lead","","","Reed","Testing Lead","🏢 Office | 📍 Location not provided","https://www.reed.co.uk/jobs/test-lead/56689532?source=searchResults&filter=%2Fjobs%2Ftesting-lead-jobs-in-united-kingdom",""
"Software Test Lead","","","Reed","Testing Lead","🏢 Office | 📍 Location not provided","https://www.reed.co.uk/jobs/software-test-lead/56698262?source=searchResults&filter=%2Fjobs%2Ftesting-lead-jobs-in-united-kingdom",""
"Security Test Lead","","","Reed","Testing Lead","🏢 Office | 📍 Location not provided","https://www.reed.co.uk/jobs/security-test-lead/56752614?source=searchResults&filter=%2Fjobs%2Ftesting-lead-jobs-in-united-kingdom",""
"Penetration Test Lead","","","Reed","Testing Lead","🏢 Office | 📍 Location not provided","https://www.reed.co.uk/jobs/penetration-test-lead/56694853?source=searchResults&filter=%2Fjobs%2Ftesting-lead-jobs-in-united-kingdom",""
"Electronics Test Lead","","","Reed","Testing Lead","🏢 Office | 📍 Location not provided","https://www.reed.co.uk/jobs/electronics-test-lead/56719905?source=searchResults&filter=%2Fjobs%2Ftesting-lead-jobs-in-united-kingdom",""
"Test Lead with Active SC Clearance - London/Corsham, UK","","","Reed","Testing Lead","🏢 Office | 📍 Location not provided","https://www.reed.co.uk/jobs/test-lead-with-active-sc-clearance-london-corsham-uk/56818623?source=searchResults&filter=%2Fjobs%2Ftesting-lead-jobs-in-united-kingdom",""
"Test Engineer","","","Reed","Testing Lead","🏢 Office | 📍 Location not provided","https://www.reed.co.uk/jobs/test-engineer/56822662?source=searchResults&filter=%2Fjobs%2Ftesting-lead-jobs-in-united-kingdom",""
"Principal Test Engineer","","","Reed","Testing Lead","🏢 Office | 📍 Location not provided","https://www.reed.co.uk/jobs/principal-test-engineer/56732543?source=searchResults&filter=%2Fjobs%2Ftesting-lead-jobs-in-united-kingdom",""
"Principal Test Engineer","","","Reed","Testing Lead","🏢 Office | 📍 Location not provided","https://www.reed.co.uk/jobs/principal-test-engineer/56814594?source=searchResults&filter=%2Fjobs%2Ftesting-lead-jobs-in-united-kingdom",""
"Project Test Manager","","","Reed","Testing Lead","🏢 Office | 📍 Location not provided","https://www.reed.co.uk/jobs/project-test-manager/56764892?source=searchResults&filter=%2Fjobs%2Ftesting-lead-jobs-in-united-kingdom",""
"QA Chapter Lead","","","Reed","Testing Lead","🏢 Office | 📍 Location not provided","https://www.reed.co.uk/jobs/qa-chapter-lead/56718142?source=searchResults&filter=%2Fjobs%2Ftesting-lead-jobs-in-united-kingdom",""
"Lead Quality Assurance - Salesforce","","","Reed","Testing Lead","🏢 Office | 📍 Location not provided","https://www.reed.co.uk/jobs/lead-quality-assurance-salesforce/56778952?source=searchResults&filter=%2Fjobs%2Ftesting-lead-jobs-in-united-kingdom",""
"Lead Electronic Test Engineer","","","Reed","Testing Lead","🏢 Office | 📍 Location not provided","https://www.reed.co.uk/jobs/lead-electronic-test-engineer/56460201?source=searchResults&filter=%2Fjobs%2Ftesting-lead-jobs-in-united-kingdom",""
"Test and Release Manager","","","Reed","Testing Lead","🏢 Office | 📍 Location not provided","https://www.reed.co.uk/jobs/test-and-release-manager/56764062?source=searchResults&filter=%2Fjobs%2Ftesting-lead-jobs-in-united-kingdom",""
"Test Manager","","","Reed","Testing Lead","🏢 Office | 📍 Location not provided","https://www.reed.co.uk/jobs/test-manager/56698090?source=searchResults&filter=%2Fjobs%2Ftesting-lead-jobs-in-united-kingdom",""
"Automation Tester - Outside IR35","","","Reed","Testing Lead","🏢 Office | 📍 Location not provided","https://www.reed.co.uk/jobs/automation-tester-outside-ir35/56736295?source=searchResults&filter=%2Fjobs%2Ftesting-lead-jobs-in-united-kingdom",""
"Software Test Engineer","","","Reed","Testing Lead","🏢 Office | 📍 Location not provided","https://www.reed.co.uk/jobs/software-test-engineer/56818780?source=searchResults&filter=%2Fjobs%2Ftesting-lead-jobs-in-united-kingdom",""
"Lead QA Engineer","","","Reed","Testing Lead","🏢 Office | 📍 Location not provided","https://www.reed.co.uk/jobs/lead-qa-engineer/56664665?source=searchResults&filter=%2Fjobs%2Ftesting-lead-jobs-in-united-kingdom",""
"Automation Software Test Engineer","","","Reed","Testing Lead","🏢 Office | 📍 Location not provided","https://www.reed.co.uk/jobs/automation-software-test-engineer/56806646?source=searchResults&filter=%2Fjobs%2Ftesting-lead-jobs-in-united-kingdom",""
"Test Automation Manager","","","Reed","Testing Lead","🏢 Office | 📍 Location not provided","https://www.reed.co.uk/jobs/test-automation-manager/56769563?source=searchResults&filter=%2Fjobs%2Ftesting-lead-jobs-in-united-kingdom",""
"Test Lead","","","Reed","Test Lead","🏢 Office | 📍 Location not provided","https://www.reed.co.uk/jobs/test-lead/56801432?source=searchResults&filter=%2Fjobs%2Ftest-lead-jobs-in-united-kingdom",""
"QA Test Lead","","","Reed","Test Lead","🏢 Office | 📍 Location not provided","https://www.reed.co.uk/jobs/qa-test-lead/56821661?source=searchResults&filter=%2Fjobs%2Ftest-lead-jobs-in-united-kingdom",""
"Test Automation Lead","","","Reed","Test Lead","🏢 Office | 📍 Location not provided","https://www.reed.co.uk/jobs/test-automation-lead/56804787?source=searchResults&filter=%2Fjobs%2Ftest-lead-jobs-in-united-kingdom",""
"Test Lead","","","Reed","Test Lead","🏢 Office | 📍 Location not provided","https://www.reed.co.uk/jobs/test-lead/56732007?source=searchResults&filter=%2Fjobs%2Ftest-lead-jobs-in-united-kingdom",""
"Test Lead","","","Reed","Test Lead","🏢 Office | 📍 Location not provided","https://www.reed.co.uk/jobs/test-lead/56652704?source=searchResults&filter=%2Fjobs%2Ftest-lead-jobs-in-united-kingdom",""
"Test Lead","","","Reed","Test Lead","🏢 Office | 📍 Location not provided","https://www.reed.co.uk/jobs/test-lead/56689532?source=searchResults&filter=%2Fjobs%2Ftest-lead-jobs-in-united-kingdom",""
"Software Test Lead","","","Reed","Test Lead","🏢 Office | 📍 Location not provided","https://www.reed.co.uk/jobs/software-test-lead/56698262?source=searchResults&filter=%2Fjobs%2Ftest-lead-jobs-in-united-kingdom",""
"Security Test Lead","","","Reed","Test Lead","🏢 Office | 📍 Location not provided","https://www.reed.co.uk/jobs/security-test-lead/56752614?source=searchResults&filter=%2Fjobs%2Ftest-lead-jobs-in-united-kingdom",""
"Penetration Test Lead","","","Reed","Test Lead","🏢 Office | 📍 Location not provided","https://www.reed.co.uk/jobs/penetration-test-lead/56694853?source=searchResults&filter=%2Fjobs%2Ftest-lead-jobs-in-united-kingdom",""
"Electronics Test Lead","","","Reed","Test Lead","🏢 Office | 📍 Location not provided","https://www.reed.co.uk/jobs/electronics-test-lead/56719905?source=searchResults&filter=%2Fjobs%2Ftest-lead-jobs-in-united-kingdom",""
"Test Engineer","","","Reed","Test Lead","🏢 Office | 📍 Location not provided","https://www.reed.co.uk/jobs/test-engineer/56822662?source=searchResults&filter=%2Fjobs%2Ftest-lead-jobs-in-united-kingdom",""
"Test Lead with Active SC Clearance - London/Corsham, UK","","","Reed","Test Lead","🏢 Office | 📍 Location not provided","https://www.reed.co.uk/jobs/test-lead-with-active-sc-clearance-london-corsham-uk/56818623?source=searchResults&filter=%2Fjobs%2Ftest-lead-jobs-in-united-kingdom",""
"Principal Test Engineer","","","Reed","Test Lead","🏢 Office | 📍 Location not provided","https://www.reed.co.uk/jobs/principal-test-engineer/56732543?source=searchResults&filter=%2Fjobs%2Ftest-lead-jobs-in-united-kingdom",""
"Principal Test Engineer","","","Reed","Test Lead","🏢 Office | 📍 Location not provided","https://www.reed.co.uk/jobs/principal-test-engineer/56814594?source=searchResults&filter=%2Fjobs%2Ftest-lead-jobs-in-united-kingdom",""
"Project Test Manager","","","Reed","Test Lead","🏢 Office | 📍 Location not provided","https://www.reed.co.uk/jobs/project-test-manager/56764892?source=searchResults&filter=%2Fjobs%2Ftest-lead-jobs-in-united-kingdom",""
"QA Chapter Lead","","","Reed","Test Lead","🏢 Office | 📍 Location not provided","https://www.reed.co.uk/jobs/qa-chapter-lead/56718142?source=searchResults&filter=%2Fjobs%2Ftest-lead-jobs-in-united-kingdom",""
"Lead Quality Assurance - Salesforce","","","Reed","Test Lead","🏢 Office | 📍 Location not provided","https://www.reed.co.uk/jobs/lead-quality-assurance-salesforce/56778952?source=searchResults&filter=%2Fjobs%2Ftest-lead-jobs-in-united-kingdom",""
"Lead Electronic Test Engineer","","","Reed","Test Lead","🏢 Office | 📍 Location not provided","https://www.reed.co.uk/jobs/lead-electronic-test-engineer/56460201?source=searchResults&filter=%2Fjobs%2Ftest-lead-jobs-in-united-kingdom",""
"Test and Release Manager","","","Reed","Test Lead","🏢 Office | 📍 Location not provided","https://www.reed.co.uk/jobs/test-and-release-manager/56764062?source=searchResults&filter=%2Fjobs%2Ftest-lead-jobs-in-united-kingdom",""
"Test Manager","","","Reed","Test Lead","🏢 Office | 📍 Location not provided","https://www.reed.co.uk/jobs/test-manager/56698090?source=searchResults&filter=%2Fjobs%2Ftest-lead-jobs-in-united-kingdom",""
"Automation Tester - Outside IR35","","","Reed","Test Lead","🏢 Office | 📍 Location not provided","https://www.reed.co.uk/jobs/automation-tester-outside-ir35/56736295?source=searchResults&filter=%2Fjobs%2Ftest-lead-jobs-in-united-kingdom",""
"Software Test Engineer","","","Reed","Test Lead","🏢 Office | 📍 Location not provided","https://www.reed.co.uk/jobs/software-test-engineer/56818780?source=searchResults&filter=%2Fjobs%2Ftest-lead-jobs-in-united-kingdom",""
"Automation Software Test Engineer","","","Reed","Test Lead","🏢 Office | 📍 Location not provided","https://www.reed.co.uk/jobs/automation-software-test-engineer/56806646?source=searchResults&filter=%2Fjobs%2Ftest-lead-jobs-in-united-kingdom",""
"Lead QA Engineer","","","Reed","Test Lead","🏢 Office | 📍 Location not provided","https://www.reed.co.uk/jobs/lead-qa-engineer/56664665?source=searchResults&filter=%2Fjobs%2Ftest-lead-jobs-in-united-kingdom",""
"Test Automation Manager","","","Reed","Test Lead","🏢 Office | 📍 Location not provided","https://www.reed.co.uk/jobs/test-automation-manager/56769563?source=searchResults&filter=%2Fjobs%2Ftest-lead-jobs-in-united-kingdom",""
"QA Automation Engineer","","","Reed","QA Engineer","🏢 Office | 📍 Location not provided","https://www.reed.co.uk/jobs/qa-automation-engineer/56815148?source=searchResults&filter=%2Fjobs%2Fqa-engineer-jobs-in-united-kingdom",""
"QA Engineer","","","Reed","QA Engineer","🏢 Office | 📍 Location not provided","https://www.reed.co.uk/jobs/qa-engineer/56793724?source=searchResults&filter=%2Fjobs%2Fqa-engineer-jobs-in-united-kingdom",""
"QA Engineer","","","Reed","QA Engineer","🏢 Office | 📍 Location not provided","https://www.reed.co.uk/jobs/qa-engineer/56814982?source=searchResults&filter=%2Fjobs%2Fqa-engineer-jobs-in-united-kingdom",""
"QA Engineer","","","Reed","QA Engineer","🏢 Office | 📍 Location not provided","https://www.reed.co.uk/jobs/qa-engineer/56779691?source=searchResults&filter=%2Fjobs%2Fqa-engineer-jobs-in-united-kingdom",""
"QA Engineer","","","Reed","QA Engineer","🏢 Office | 📍 Location not provided","https://www.reed.co.uk/jobs/qa-engineer/56815141?source=searchResults&filter=%2Fjobs%2Fqa-engineer-jobs-in-united-kingdom",""
"QA Engineer","","","Reed","QA Engineer","🏢 Office | 📍 Location not provided","https://www.reed.co.uk/jobs/qa-engineer/56736133?source=searchResults&filter=%2Fjobs%2Fqa-engineer-jobs-in-united-kingdom",""
"QA Engineer","","","Reed","QA Engineer","🏢 Office | 📍 Location not provided","https://www.reed.co.uk/jobs/qa-engineer/56789104?source=searchResults&filter=%2Fjobs%2Fqa-engineer-jobs-in-united-kingdom",""
"Quality Assurance Engineer","","","Reed","QA Engineer","🏢 Office | 📍 Location not provided","https://www.reed.co.uk/jobs/quality-assurance-engineer/56682160?source=searchResults&filter=%2Fjobs%2Fqa-engineer-jobs-in-united-kingdom",""
"QA/Test Engineer","","","Reed","QA Engineer","🏢 Office | 📍 Location not provided","https://www.reed.co.uk/jobs/qa-test-engineer/56789929?source=searchResults&filter=%2Fjobs%2Fqa-engineer-jobs-in-united-kingdom",""
"QA Automation Engineer","","","Reed","QA Engineer","🏢 Office | 📍 Location not provided","https://www.reed.co.uk/jobs/qa-automation-engineer/56688980?source=searchResults&filter=%2Fjobs%2Fqa-engineer-jobs-in-united-kingdom",""
"Quality Assurance Engineer","","","Reed","QA Engineer","🏢 Office | 📍 Location not provided","https://www.reed.co.uk/jobs/quality-assurance-engineer/56788684?source=searchResults&filter=%2Fjobs%2Fqa-engineer-jobs-in-united-kingdom",""
"Quality Assurance Engineer","","","Reed","QA Engineer","🏢 Office | 📍 Location not provided","https://www.reed.co.uk/jobs/quality-assurance-engineer/56817300?source=searchResults&filter=%2Fjobs%2Fqa-engineer-jobs-in-united-kingdom",""
"Software QA Engineer","","","Reed","QA Engineer","🏢 Office | 📍 Location not provided","https://www.reed.co.uk/jobs/software-qa-engineer/56812917?source=searchResults&filter=%2Fjobs%2Fqa-engineer-jobs-in-united-kingdom",""
"Performance QA Engineer","","","Reed","QA Engineer","🏢 Office | 📍 Location not provided","https://www.reed.co.uk/jobs/performance-qa-engineer/56758383?source=searchResults&filter=%2Fjobs%2Fqa-engineer-jobs-in-united-kingdom",""
"Lead QA Engineer","","","Reed","QA Engineer","🏢 Office | 📍 Location not provided","https://www.reed.co.uk/jobs/lead-qa-engineer/56664665?source=searchResults&filter=%2Fjobs%2Fqa-engineer-jobs-in-united-kingdom",""
"Senior QA Engineer","","","Reed","QA Engineer","🏢 Office | 📍 Location not provided","https://www.reed.co.uk/jobs/senior-qa-engineer/56818312?source=searchResults&filter=%2Fjobs%2Fqa-engineer-jobs-in-united-kingdom",""
"Senior QA Engineer","","","Reed","QA Engineer","🏢 Office | 📍 Location not provided","https://www.reed.co.uk/jobs/senior-qa-engineer/56673614?source=searchResults&filter=%2Fjobs%2Fqa-engineer-jobs-in-united-kingdom",""
"Senior Quality Assurance Engineer","","","Reed","QA Engineer","🏢 Office | 📍 Location not provided","https://www.reed.co.uk/jobs/senior-quality-assurance-engineer/56824839?source=searchResults&filter=%2Fjobs%2Fqa-engineer-jobs-in-united-kingdom",""
"Hardware/QA Test Engineer","","","Reed","QA Engineer","🏢 Office | 📍 Location not provided","https://www.reed.co.uk/jobs/hardware-qa-test-engineer/56759489?source=searchResults&filter=%2Fjobs%2Fqa-engineer-jobs-in-united-kingdom",""
"Operations Quality Assurance Engineer","","","Reed","QA Engineer","🏢 Office | 📍 Location not provided","https://www.reed.co.uk/jobs/operations-quality-assurance-engineer/56795068?source=searchResults&filter=%2Fjobs%2Fqa-engineer-jobs-in-united-kingdom",""
"QA Engineer- Selenium Experience","","","Reed","QA Engineer","🏢 Office | 📍 Location not provided","https://www.reed.co.uk/jobs/qa-engineer-selenium-experience/56765039?source=searchResults&filter=%2Fjobs%2Fqa-engineer-jobs-in-united-kingdom",""
"Junior Automation QA Engineer","","","Reed","QA Engineer","🏢 Office | 📍 Location not provided","https://www.reed.co.uk/jobs/junior-automation-qa-engineer/56812839?source=searchResults&filter=%2Fjobs%2Fqa-engineer-jobs-in-united-kingdom",""
"QA Engineer (Automation) - Manchester","","","Reed","QA Engineer","🏢 Office | 📍 Location not provided","https://www.reed.co.uk/jobs/qa-engineer-automation-manchester/56791497?source=searchResults&filter=%2Fjobs%2Fqa-engineer-jobs-in-united-kingdom",""
"Principal Quality Assurance Engineer - Stevenage","","","Reed","QA Engineer","🏢 Office | 📍 Location not provided","https://www.reed.co.uk/jobs/principal-quality-assurance-engineer-stevenage/56752744?source=searchResults&filter=%2Fjobs%2Fqa-engineer-jobs-in-united-kingdom",""
"Principal Quality Assurance Engineer - Bolton","","","Reed","QA Engineer","🏢 Office | 📍 Location not provided","https://www.reed.co.uk/jobs/principal-quality-assurance-engineer-bolton/56752767?source=searchResults&filter=%2Fjobs%2Fqa-engineer-jobs-in-united-kingdom",""
"QA Automation Engineer","","","Reed","QA Automation Engineer","🏢 Office | 📍 Location not provided","https://www.reed.co.uk/jobs/qa-automation-engineer/56815148?source=searchResults&filter=%2Fjobs%2Fqa-automation-engineer-jobs-in-united-kingdom",""
"QA Automation Engineer","","","Reed","QA Automation Engineer","🏢 Office | 📍 Location not provided","https://www.reed.co.uk/jobs/qa-automation-engineer/56688980?source=searchResults&filter=%2Fjobs%2Fqa-automation-engineer-jobs-in-united-kingdom",""
"Senior QA Automation Engineer | Oxford/Hybrid | £55,000 - £65,000 |","","","Reed","QA Automation Engineer","🔀 Hybrid | 📍 Location not provided","https://www.reed.co.uk/jobs/senior-qa-automation-engineer--oxford-hybrid--55000-65000-/56686950?source=searchResults&filter=%2Fjobs%2Fqa-automation-engineer-jobs-in-united-kingdom",""
"Junior Automation QA Engineer","","","Reed","QA Automation Engineer","🏢 Office | 📍 Location not provided","https://www.reed.co.uk/jobs/junior-automation-qa-engineer/56812839?source=searchResults&filter=%2Fjobs%2Fqa-automation-engineer-jobs-in-united-kingdom",""
"QA Engineer (Automation) - Manchester","","","Reed","QA Automation Engineer","🏢 Office | 📍 Location not provided","https://www.reed.co.uk/jobs/qa-engineer-automation-manchester/56791497?source=searchResults&filter=%2Fjobs%2Fqa-automation-engineer-jobs-in-united-kingdom",""
"Automation Software Test Engineer","","","Reed","QA Automation Engineer","🏢 Office | 📍 Location not provided","https://www.reed.co.uk/jobs/automation-software-test-engineer/56806646?source=searchResults&filter=%2Fjobs%2Fqa-automation-engineer-jobs-in-united-kingdom",""
"Mobile Test Automation Engineer (QA Engineer)","","","Reed","QA Automation Engineer","🏢 Office | 📍 Location not provided","https://www.reed.co.uk/jobs/mobile-test-automation-engineer-qa-engineer/56796132?source=searchResults&filter=%2Fjobs%2Fqa-automation-engineer-jobs-in-united-kingdom",""
"QA Automation Architect","","","Reed","QA Automation Engineer","🏢 Office | 📍 Location not provided","https://www.reed.co.uk/jobs/qa-automation-architect/56707904?source=searchResults&filter=%2Fjobs%2Fqa-automation-engineer-jobs-in-united-kingdom",""
"Senior Automation engineer","","","Reed","QA Automation Engineer","🏢 Office | 📍 Location not provided","https://www.reed.co.uk/jobs/senior-automation-engineer/56689593?source=searchResults&filter=%2Fjobs%2Fqa-automation-engineer-jobs-in-united-kingdom",""
"Lead QA Engineer","","","Reed","QA Automation Engineer","🏢 Office | 📍 Location not provided","https://www.reed.co.uk/jobs/lead-qa-engineer/56664665?source=searchResults&filter=%2Fjobs%2Fqa-automation-engineer-jobs-in-united-kingdom",""
"QA Engineer","","","Reed","QA Automation Engineer","🏢 Office | 📍 Location not provided","https://www.reed.co.uk/jobs/qa-engineer/56793724?source=searchResults&filter=%2Fjobs%2Fqa-automation-engineer-jobs-in-united-kingdom",""
"QA Engineer- Selenium Experience","","","Reed","QA Automation Engineer","🏢 Office | 📍 Location not provided","https://www.reed.co.uk/jobs/qa-engineer-selenium-experience/56765039?source=searchResults&filter=%2Fjobs%2Fqa-automation-engineer-jobs-in-united-kingdom",""
"Software QA Engineer","","","Reed","QA Automation Engineer","🏢 Office | 📍 Location not provided","https://www.reed.co.uk/jobs/software-qa-engineer/56812917?source=searchResults&filter=%2Fjobs%2Fqa-automation-engineer-jobs-in-united-kingdom",""
"QA Engineer","","","Reed","QA Automation Engineer","🏢 Office | 📍 Location not provided","https://www.reed.co.uk/jobs/qa-engineer/56736133?source=searchResults&filter=%2Fjobs%2Fqa-automation-engineer-jobs-in-united-kingdom",""
"QA/Test Engineer","","","Reed","QA Automation Engineer","🏢 Office | 📍 Location not provided","https://www.reed.co.uk/jobs/qa-test-engineer/56789929?source=searchResults&filter=%2Fjobs%2Fqa-automation-engineer-jobs-in-united-kingdom",""
"QA Engineer","","","Reed","QA Automation Engineer","🏢 Office | 📍 Location not provided","https://www.reed.co.uk/jobs/qa-engineer/56815141?source=searchResults&filter=%2Fjobs%2Fqa-automation-engineer-jobs-in-united-kingdom",""
"Senior QA Engineer","","","Reed","QA Automation Engineer","🏢 Office | 📍 Location not provided","https://www.reed.co.uk/jobs/senior-qa-engineer/56818312?source=searchResults&filter=%2Fjobs%2Fqa-automation-engineer-jobs-in-united-kingdom",""
"QA Engineer – Insurance Claims system","","","Reed","QA Automation Engineer","🏢 Office | 📍 Location not provided","https://www.reed.co.uk/jobs/qa-engineer--insurance-claims-system/56822673?source=searchResults&filter=%2Fjobs%2Fqa-automation-engineer-jobs-in-united-kingdom",""
"QA Engineer","","","Reed","QA Automation Engineer","🏢 Office | 📍 Location not provided","https://www.reed.co.uk/jobs/qa-engineer/56789104?source=searchResults&filter=%2Fjobs%2Fqa-automation-engineer-jobs-in-united-kingdom",""
"Software/Firmware Test Engineer","","","Reed","QA Automation Engineer","🏢 Office | 📍 Location not provided","https://www.reed.co.uk/jobs/software-firmware-test-engineer/56735761?source=searchResults&filter=%2Fjobs%2Fqa-automation-engineer-jobs-in-united-kingdom",""
"Q&A Test Engineer","","","Reed","QA Automation Engineer","🏢 Office | 📍 Location not provided","https://www.reed.co.uk/jobs/q-a-test-engineer/56759740?source=searchResults&filter=%2Fjobs%2Fqa-automation-engineer-jobs-in-united-kingdom",""
"Q&A Test Engineer","","","Reed","QA Automation Engineer","🏢 Office | 📍 Location not provided","https://www.reed.co.uk/jobs/q-a-test-engineer/56686434?source=searchResults&filter=%2Fjobs%2Fqa-automation-engineer-jobs-in-united-kingdom",""
"Q&A Test Engineer","","","Reed","QA Automation Engineer","🏢 Office | 📍 Location not provided","https://www.reed.co.uk/jobs/q-a-test-engineer/56749452?source=searchResults&filter=%2Fjobs%2Fqa-automation-engineer-jobs-in-united-kingdom",""
"Q&A Test Engineer","","","Reed","QA Automation Engineer","🏢 Office | 📍 Location not provided","https://www.reed.co.uk/jobs/q-a-test-engineer/56772091?source=searchResults&filter=%2Fjobs%2Fqa-automation-engineer-jobs-in-united-kingdom",""
"Senior QA Engineer","","","Reed","QA Automation Engineer","🏢 Office | 📍 Location not provided","https://www.reed.co.uk/jobs/senior-qa-engineer/56673614?source=searchResults&filter=%2Fjobs%2Fqa-automation-engineer-jobs-in-united-kingdom",""
"Automation Software Test Engineer","","","Reed","Test Automation Engineer","🏢 Office | 📍 Location not provided","https://www.reed.co.uk/jobs/automation-software-test-engineer/56806646?source=searchResults&filter=%2Fjobs%2Ftest-automation-engineer-jobs-in-united-kingdom",""
"Senior Test Automation Engineer (Data)","","","Reed","Test Automation Engineer","🏢 Office | 📍 Location not provided","https://www.reed.co.uk/jobs/senior-test-automation-engineer-data/56778238?source=searchResults&filter=%2Fjobs%2Ftest-automation-engineer-jobs-in-united-kingdom",""
"Mobile Test Automation Engineer (QA Engineer)","","","Reed","Test Automation Engineer","🏢 Office | 📍 Location not provided","https://www.reed.co.uk/jobs/mobile-test-automation-engineer-qa-engineer/56796132?source=searchResults&filter=%2Fjobs%2Ftest-automation-engineer-jobs-in-united-kingdom",""
"Principal Test Engineer","","","Reed","Test Automation Engineer","🏢 Office | 📍 Location not provided","https://www.reed.co.uk/jobs/principal-test-engineer/56732543?source=searchResults&filter=%2Fjobs%2Ftest-automation-engineer-jobs-in-united-kingdom",""
"Principal Test Engineer","","","Reed","Test Automation Engineer","🏢 Office | 📍 Location not provided","https://www.reed.co.uk/jobs/principal-test-engineer/56814594?source=searchResults&filter=%2Fjobs%2Ftest-automation-engineer-jobs-in-united-kingdom",""
"Automation test engineer playwright","","","Reed","Test Automation Engineer","🏢 Office | 📍 Location not provided","https://www.reed.co.uk/jobs/automation-test-engineer-playwright/56713869?source=searchResults&filter=%2Fjobs%2Ftest-automation-engineer-jobs-in-united-kingdom",""
"Software Test Engineer","","","Reed","Test Automation Engineer","🏢 Office | 📍 Location not provided","https://www.reed.co.uk/jobs/software-test-engineer/56818780?source=searchResults&filter=%2Fjobs%2Ftest-automation-engineer-jobs-in-united-kingdom",""
"Test Engineer","","","Reed","Test Automation Engineer","🏢 Office | 📍 Location not provided","https://www.reed.co.uk/jobs/test-engineer/56822662?source=searchResults&filter=%2Fjobs%2Ftest-automation-engineer-jobs-in-united-kingdom",""
"Senior Propulsion Test Engineer","","","Reed","Test Automation Engineer","🏢 Office | 📍 Location not provided","https://www.reed.co.uk/jobs/senior-propulsion-test-engineer/56691564?source=searchResults&filter=%2Fjobs%2Ftest-automation-engineer-jobs-in-united-kingdom",""
"Test Engineer- 3-6 month contract","","","Reed","Test Automation Engineer","🏢 Office | 📍 Location not provided","https://www.reed.co.uk/jobs/test-engineer-3-6-month-contract/56811942?source=searchResults&filter=%2Fjobs%2Ftest-automation-engineer-jobs-in-united-kingdom",""
"QA Automation Engineer","","","Reed","Test Automation Engineer","🏢 Office | 📍 Location not provided","https://www.reed.co.uk/jobs/qa-automation-engineer/56815148?source=searchResults&filter=%2Fjobs%2Ftest-automation-engineer-jobs-in-united-kingdom",""
"Automation Maintenance Engineer","","","Reed","Test Automation Engineer","🏢 Office | 📍 Location not provided","https://www.reed.co.uk/jobs/automation-maintenance-engineer/56718232?source=searchResults&filter=%2Fjobs%2Ftest-automation-engineer-jobs-in-united-kingdom",""
"QA Automation Engineer","","","Reed","Test Automation Engineer","🏢 Office | 📍 Location not provided","https://www.reed.co.uk/jobs/qa-automation-engineer/56688980?source=searchResults&filter=%2Fjobs%2Ftest-automation-engineer-jobs-in-united-kingdom",""
"Senior QA Automation Engineer | Oxford/Hybrid | £55,000 - £65,000 |","","","Reed","Test Automation Engineer","🔀 Hybrid | 📍 Location not provided","https://www.reed.co.uk/jobs/senior-qa-automation-engineer--oxford-hybrid--55000-65000-/56686950?source=searchResults&filter=%2Fjobs%2Ftest-automation-engineer-jobs-in-united-kingdom",""
"QA Engineer (Automation) - Manchester","","","Reed","Test Automation Engineer","🏢 Office | 📍 Location not provided","https://www.reed.co.uk/jobs/qa-engineer-automation-manchester/56791497?source=searchResults&filter=%2Fjobs%2Ftest-automation-engineer-jobs-in-united-kingdom",""
"Junior Automation QA Engineer","","","Reed","Test Automation Engineer","🏢 Office | 📍 Location not provided","https://www.reed.co.uk/jobs/junior-automation-qa-engineer/56812839?source=searchResults&filter=%2Fjobs%2Ftest-automation-engineer-jobs-in-united-kingdom",""
"Electrical Testing Engineer","","","Reed","Test Automation Engineer","🏢 Office | 📍 Location not provided","https://www.reed.co.uk/jobs/electrical-testing-engineer/56124681?source=searchResults&filter=%2Fjobs%2Ftest-automation-engineer-jobs-in-united-kingdom",""
"Test Lead","","","Reed","Test Automation Engineer","🏢 Office | 📍 Location not provided","https://www.reed.co.uk/jobs/test-lead/56801432?source=searchResults&filter=%2Fjobs%2Ftest-automation-engineer-jobs-in-united-kingdom",""
"Automation Test Analyst","","","Reed","Test Automation Engineer","🏢 Office | 📍 Location not provided","https://www.reed.co.uk/jobs/automation-test-analyst/56809701?source=searchResults&filter=%2Fjobs%2Ftest-automation-engineer-jobs-in-united-kingdom",""
"Test Engineer","","","Reed","Test Automation Engineer","🏢 Office | 📍 Location not provided","https://www.reed.co.uk/jobs/test-engineer/56800625?source=searchResults&filter=%2Fjobs%2Ftest-automation-engineer-jobs-in-united-kingdom",""
"Software Test Engineer","","","Reed","Test Automation Engineer","🏢 Office | 📍 Location not provided","https://www.reed.co.uk/jobs/software-test-engineer/56666538?source=searchResults&filter=%2Fjobs%2Ftest-automation-engineer-jobs-in-united-kingdom",""
"QA/Test Engineer","","","Reed","Test Automation Engineer","🏢 Office | 📍 Location not provided","https://www.reed.co.uk/jobs/qa-test-engineer/56789929?source=searchResults&filter=%2Fjobs%2Ftest-automation-engineer-jobs-in-united-kingdom",""
"Software Engineer In Test (SDET)","","","Reed","Test Automation Engineer","🏢 Office | 📍 Location not provided","https://www.reed.co.uk/jobs/software-engineer-in-test-sdet/56786135?source=searchResults&filter=%2Fjobs%2Ftest-automation-engineer-jobs-in-united-kingdom",""
"Senior Software Engineer (Test)","","","Reed","Test Automation Engineer","🏢 Office | 📍 Location not provided","https://www.reed.co.uk/jobs/senior-software-engineer-test/56758314?source=searchResults&filter=%2Fjobs%2Ftest-automation-engineer-jobs-in-united-kingdom",""
"QA Engineer- Selenium Experience","","","Reed","Test Automation Engineer","🏢 Office | 📍 Location not provided","https://www.reed.co.uk/jobs/qa-engineer-selenium-experience/56765039?source=searchResults&filter=%2Fjobs%2Ftest-automation-engineer-jobs-in-united-kingdom",""
"Software Engineer In Test (SDET)","","","Reed","SDET","🏢 Office | 📍 Location not provided","https://www.reed.co.uk/jobs/software-engineer-in-test-sdet/56786135?source=searchResults&filter=%2Fjobs%2Fsdet-jobs-in-united-kingdom",""
"QA Automation Engineer","","","Reed","SDET","🏢 Office | 📍 Location not provided","https://www.reed.co.uk/jobs/qa-automation-engineer/56815148?source=searchResults&filter=%2Fjobs%2Fsdet-jobs-in-united-kingdom",""
"SIEM Engineer","","","Reed","SDET","🏢 Office | 📍 Location not provided","https://www.reed.co.uk/jobs/siem-engineer/56822589?source=searchResults&filter=%2Fjobs%2Fsdet-jobs-in-united-kingdom",""
"QA Test Lead","","","Reed","SDET","🏢 Office | 📍 Location not provided","https://www.reed.co.uk/jobs/qa-test-lead/56821661?source=searchResults&filter=%2Fjobs%2Fsdet-jobs-in-united-kingdom",""
"Senior Automation engineer","","","Reed","SDET","🏢 Office | 📍 Location not provided","https://www.reed.co.uk/jobs/senior-automation-engineer/56689593?source=searchResults&filter=%2Fjobs%2Fsdet-jobs-in-united-kingdom",""
"QA Engineer- Selenium Experience","","","Reed","SDET","🏢 Office | 📍 Location not provided","https://www.reed.co.uk/jobs/qa-engineer-selenium-experience/56765039?source=searchResults&filter=%2Fjobs%2Fsdet-jobs-in-united-kingdom",""
"DevOps Tester (SC Cleared)","","","Reed","SDET","🏢 Office | 📍 Location not provided","https://www.reed.co.uk/jobs/devops-tester-sc-cleared/56815635?source=searchResults&filter=%2Fjobs%2Fsdet-jobs-in-united-kingdom",""
"QA Automation Architect","","","Reed","SDET","🏢 Office | 📍 Location not provided","https://www.reed.co.uk/jobs/qa-automation-architect/56754689?source=searchResults&filter=%2Fjobs%2Fsdet-jobs-in-united-kingdom",""
"QA Automation Architect","","","Reed","SDET","🏢 Office | 📍 Location not provided","https://www.reed.co.uk/jobs/qa-automation-architect/56707904?source=searchResults&filter=%2Fjobs%2Fsdet-jobs-in-united-kingdom",""
"DevOps Tester","","","Reed","SDET","🏢 Office | 📍 Location not provided","https://www.reed.co.uk/jobs/devops-tester/56784029?source=searchResults&filter=%2Fjobs%2Fsdet-jobs-in-united-kingdom",""
"Software Automation QA","","","Reed","SDET","🏢 Office | 📍 Location not provided","https://www.reed.co.uk/jobs/software-automation-qa/56813259?source=searchResults&filter=%2Fjobs%2Fsdet-jobs-in-united-kingdom",""
"Software Automation QA","","","Reed","SDET","🏢 Office | 📍 Location not provided","https://www.reed.co.uk/jobs/software-automation-qa/56718374?source=searchResults&filter=%2Fjobs%2Fsdet-jobs-in-united-kingdom",""
"Software Automation QA","","","Reed","SDET","🏢 Office | 📍 Location not provided","https://www.reed.co.uk/jobs/software-automation-qa/56658307?source=searchResults&filter=%2Fjobs%2Fsdet-jobs-in-united-kingdom",""
"Senior QA Engineer","","","Reed","SDET","🏢 Office | 📍 Location not provided","https://www.reed.co.uk/jobs/senior-qa-engineer/56818312?source=searchResults&filter=%2Fjobs%2Fsdet-jobs-in-united-kingdom",""
"Senior QA Engineer","","","Reed","SDET","🏢 Office | 📍 Location not provided","https://www.reed.co.uk/jobs/senior-qa-engineer/56673614?source=searchResults&filter=%2Fjobs%2Fsdet-jobs-in-united-kingdom",""
"QA Automation Engineer","","","Reed","SDET","🏢 Office | 📍 Location not provided","https://www.reed.co.uk/jobs/qa-automation-engineer/56688980?source=searchResults&filter=%2Fjobs%2Fsdet-jobs-in-united-kingdom",""
"Test Development Engineer","","","Reed","SDET","🏢 Office | 📍 Location not provided","https://www.reed.co.uk/jobs/test-development-engineer/56817667?source=searchResults&filter=%2Fjobs%2Fsdet-jobs-in-united-kingdom",""
"Test Development Engineer","","","Reed","SDET","🏢 Office | 📍 Location not provided","https://www.reed.co.uk/jobs/test-development-engineer/56769482?source=searchResults&filter=%2Fjobs%2Fsdet-jobs-in-united-kingdom",""
"Test Development Engineer","","","Reed","SDET","🏢 Office | 📍 Location not provided","https://www.reed.co.uk/jobs/test-development-engineer/56722326?source=searchResults&filter=%2Fjobs%2Fsdet-jobs-in-united-kingdom",""
"Test Lead with Active SC Clearance - London/Corsham, UK","","","Reed","SDET","🏢 Office | 📍 Location not provided","https://www.reed.co.uk/jobs/test-lead-with-active-sc-clearance-london-corsham-uk/56818623?source=searchResults&filter=%2Fjobs%2Fsdet-jobs-in-united-kingdom",""
"Hardware/QA Test Engineer","","","Reed","SDET","🏢 Office | 📍 Location not provided","https://www.reed.co.uk/jobs/hardware-qa-test-engineer/56759489?source=searchResults&filter=%2Fjobs%2Fsdet-jobs-in-united-kingdom",""
"Performance QA Engineer","","","Reed","SDET","🏢 Office | 📍 Location not provided","https://www.reed.co.uk/jobs/performance-qa-engineer/56758383?source=searchResults&filter=%2Fjobs%2Fsdet-jobs-in-united-kingdom",""
"Software QA Engineer","","","Reed","SDET","🏢 Office | 📍 Location not provided","https://www.reed.co.uk/jobs/software-qa-engineer/56812917?source=searchResults&filter=%2Fjobs%2Fsdet-jobs-in-united-kingdom",""
"QA Engineer","","","Reed","SDET","🏢 Office | 📍 Location not provided","https://www.reed.co.uk/jobs/qa-engineer/56793724?source=searchResults&filter=%2Fjobs%2Fsdet-jobs-in-united-kingdom",""
"QA Engineer","","","Reed","SDET","🏢 Office | 📍 Location not provided","https://www.reed.co.uk/jobs/qa-engineer/56815141?source=searchResults&filter=%2Fjobs%2Fsdet-jobs-in-united-kingdom",""
"Software Engineer In Test (SDET)","","","Reed","Software Engineer in Test","🏢 Office | 📍 Location not provided","https://www.reed.co.uk/jobs/software-engineer-in-test-sdet/56786135?source=searchResults&filter=%2Fjobs%2Fsoftware-engineer-in-test-jobs-in-united-kingdom",""
"Senior Software Engineer (Test)","","","Reed","Software Engineer in Test","🏢 Office | 📍 Location not provided","https://www.reed.co.uk/jobs/senior-software-engineer-test/56758314?source=searchResults&filter=%2Fjobs%2Fsoftware-engineer-in-test-jobs-in-united-kingdom",""
"Automation Software Test Engineer","","","Reed","Software Engineer in Test","🏢 Office | 📍 Location not provided","https://www.reed.co.uk/jobs/automation-software-test-engineer/56806646?source=searchResults&filter=%2Fjobs%2Fsoftware-engineer-in-test-jobs-in-united-kingdom",""
"Firmware/Software Engineer","","","Reed","Software Engineer in Test","🏢 Office | 📍 Location not provided","https://www.reed.co.uk/jobs/firmware-software-engineer/56735707?source=searchResults&filter=%2Fjobs%2Fsoftware-engineer-in-test-jobs-in-united-kingdom",""
"Software Developer","","","Reed","Software Engineer in Test","🏢 Office | 📍 Location not provided","https://www.reed.co.uk/jobs/software-developer/56820608?source=searchResults&filter=%2Fjobs%2Fsoftware-engineer-in-test-jobs-in-united-kingdom",""
"Software Engineer","","","Reed","Software Engineer in Test","🏢 Office | 📍 Location not provided","https://www.reed.co.uk/jobs/software-engineer/56785467?source=searchResults&filter=%2Fjobs%2Fsoftware-engineer-in-test-jobs-in-united-kingdom",""
"Technical Graduate - Software Development","","","Reed","Software Engineer in Test","🏢 Office | 📍 Location not provided","https://www.reed.co.uk/jobs/technical-graduate-software-development/56738072?source=searchResults&filter=%2Fjobs%2Fsoftware-engineer-in-test-jobs-in-united-kingdom",""
"Full Stack Software Engineer","","","Reed","Software Engineer in Test","🏢 Office | 📍 Location not provided","https://www.reed.co.uk/jobs/full-stack-software-engineer/56687480?source=searchResults&filter=%2Fjobs%2Fsoftware-engineer-in-test-jobs-in-united-kingdom",""
"Software Developer Apprentice","","","Reed","Software Engineer in Test","🏢 Office | 📍 Location not provided","https://www.reed.co.uk/jobs/software-developer-apprentice/56781721?source=searchResults&filter=%2Fjobs%2Fsoftware-engineer-in-test-jobs-in-united-kingdom",""
"Graduate Full Stack Software Engineer","","","Reed","Software Engineer in Test","🏢 Office | 📍 Location not provided","https://www.reed.co.uk/jobs/graduate-full-stack-software-engineer/56787007?source=searchResults&filter=%2Fjobs%2Fsoftware-engineer-in-test-jobs-in-united-kingdom",""
"Senior Full Stack Developer","","","Reed","Software Engineer in Test","🏢 Office | 📍 Location not provided","https://www.reed.co.uk/jobs/senior-full-stack-developer/56802938?source=searchResults&filter=%2Fjobs%2Fsoftware-engineer-in-test-jobs-in-united-kingdom",""
"Software Engineer","","","Reed","Software Engineer in Test","🏢 Office | 📍 Location not provided","https://www.reed.co.uk/jobs/software-engineer/56741995?source=searchResults&filter=%2Fjobs%2Fsoftware-engineer-in-test-jobs-in-united-kingdom",""
"Software Deveopler","","","Reed","Software Engineer in Test","🏢 Office | 📍 Location not provided","https://www.reed.co.uk/jobs/software-deveopler/56738146?source=searchResults&filter=%2Fjobs%2Fsoftware-engineer-in-test-jobs-in-united-kingdom",""
"Principal Software Engineer","","","Reed","Software Engineer in Test","🏢 Office | 📍 Location not provided","https://www.reed.co.uk/jobs/principal-software-engineer/56795408?source=searchResults&filter=%2Fjobs%2Fsoftware-engineer-in-test-jobs-in-united-kingdom",""
"DevOps Engineer","","","Reed","Software Engineer in Test","🏢 Office | 📍 Location not provided","https://www.reed.co.uk/jobs/devops-engineer/56755953?source=searchResults&filter=%2Fjobs%2Fsoftware-engineer-in-test-jobs-in-united-kingdom",""
"Senior Software Engineer","","","Reed","Software Engineer in Test","🏢 Office | 📍 Location not provided","https://www.reed.co.uk/jobs/senior-software-engineer/55768379?source=searchResults&filter=%2Fjobs%2Fsoftware-engineer-in-test-jobs-in-united-kingdom",""
"Principal Software Engineer","","","Reed","Software Engineer in Test","🏢 Office | 📍 Location not provided","https://www.reed.co.uk/jobs/principal-software-engineer/56811998?source=searchResults&filter=%2Fjobs%2Fsoftware-engineer-in-test-jobs-in-united-kingdom",""
"Lead Software Engineer","","","Reed","Software Engineer in Test","🏢 Office | 📍 Location not provided","https://www.reed.co.uk/jobs/lead-software-engineer/56729951?source=searchResults&filter=%2Fjobs%2Fsoftware-engineer-in-test-jobs-in-united-kingdom",""
"Software Developer Apprentice","","","Reed","Software Engineer in Test","🏢 Office | 📍 Location not provided","https://www.reed.co.uk/jobs/software-developer-apprentice/56813539?source=searchResults&filter=%2Fjobs%2Fsoftware-engineer-in-test-jobs-in-united-kingdom",""
"Senior Flutter Engineer","","","Reed","Software Engineer in Test","🏢 Office | 📍 Location not provided","https://www.reed.co.uk/jobs/senior-flutter-engineer/56680306?source=searchResults&filter=%2Fjobs%2Fsoftware-engineer-in-test-jobs-in-united-kingdom",""
"Avionic System Development & Test Engineer","","","Reed","Software Engineer in Test","🏢 Office | 📍 Location not provided","https://www.reed.co.uk/jobs/avionic-system-development-test-engineer/56714583?source=searchResults&filter=%2Fjobs%2Fsoftware-engineer-in-test-jobs-in-united-kingdom",""
"Senior Software Engineer","","","Reed","Software Engineer in Test","🏢 Office | 📍 Location not provided","https://www.reed.co.uk/jobs/senior-software-engineer/56817566?source=searchResults&filter=%2Fjobs%2Fsoftware-engineer-in-test-jobs-in-united-kingdom",""
"Senior Software Developer","","","Reed","Software Engineer in Test","🏢 Office | 📍 Location not provided","https://www.reed.co.uk/jobs/senior-software-developer/56782846?source=searchResults&filter=%2Fjobs%2Fsoftware-engineer-in-test-jobs-in-united-kingdom",""
"Software Engineer","","","Reed","Software Engineer in Test","🏢 Office | 📍 Location not provided","https://www.reed.co.uk/jobs/software-engineer/56791506?source=searchResults&filter=%2Fjobs%2Fsoftware-engineer-in-test-jobs-in-united-kingdom",""
"Graduate No Code App and Software Engineer","","","Reed","Software Engineer in Test","🏢 Office | 📍 Location not provided","https://www.reed.co.uk/jobs/graduate-no-code-app-and-software-engineer/56804544?source=searchResults&filter=%2Fjobs%2Fsoftware-engineer-in-test-jobs-in-united-kingdom",""
"Principal Test Engineer","","","Reed","Test Engineer","🏢 Office | 📍 Location not provided","https://www.reed.co.uk/jobs/principal-test-engineer/56814594?source=searchResults&filter=%2Fjobs%2Ftest-engineer-jobs-in-united-kingdom",""
"Test Engineer","","","Reed","Test Engineer","🏢 Office | 📍 Location not provided","https://www.reed.co.uk/jobs/test-engineer/56822662?source=searchResults&filter=%2Fjobs%2Ftest-engineer-jobs-in-united-kingdom",""
"Software Test Engineer","","","Reed","Test Engineer","🏢 Office | 📍 Location not provided","https://www.reed.co.uk/jobs/software-test-engineer/56818780?source=searchResults&filter=%2Fjobs%2Ftest-engineer-jobs-in-united-kingdom",""
"Principal Test Engineer","","","Reed","Test Engineer","🏢 Office | 📍 Location not provided","https://www.reed.co.uk/jobs/principal-test-engineer/56732543?source=searchResults&filter=%2Fjobs%2Ftest-engineer-jobs-in-united-kingdom",""
"Electrical Testing Engineer","","","Reed","Test Engineer","🏢 Office | 📍 Location not provided","https://www.reed.co.uk/jobs/electrical-testing-engineer/56124681?source=searchResults&filter=%2Fjobs%2Ftest-engineer-jobs-in-united-kingdom",""
"Software/Firmware Test Engineer","","","Reed","Test Engineer","🏢 Office | 📍 Location not provided","https://www.reed.co.uk/jobs/software-firmware-test-engineer/56735761?source=searchResults&filter=%2Fjobs%2Ftest-engineer-jobs-in-united-kingdom",""
"Automation Software Test Engineer","","","Reed","Test Engineer","🏢 Office | 📍 Location not provided","https://www.reed.co.uk/jobs/automation-software-test-engineer/56806646?source=searchResults&filter=%2Fjobs%2Ftest-engineer-jobs-in-united-kingdom",""
"Senior Propulsion Test Engineer","","","Reed","Test Engineer","🏢 Office | 📍 Location not provided","https://www.reed.co.uk/jobs/senior-propulsion-test-engineer/56691564?source=searchResults&filter=%2Fjobs%2Ftest-engineer-jobs-in-united-kingdom",""
"Avionic System Development & Test Engineer","","","Reed","Test Engineer","🏢 Office | 📍 Location not provided","https://www.reed.co.uk/jobs/avionic-system-development-test-engineer/56714583?source=searchResults&filter=%2Fjobs%2Ftest-engineer-jobs-in-united-kingdom",""
"Test Engineer","","","Reed","Test Engineer","🏢 Office | 📍 Location not provided","https://www.reed.co.uk/jobs/test-engineer/56689778?source=searchResults&filter=%2Fjobs%2Ftest-engineer-jobs-in-united-kingdom",""
"Test Engineer","","","Reed","Test Engineer","🏢 Office | 📍 Location not provided","https://www.reed.co.uk/jobs/test-engineer/56800625?source=searchResults&filter=%2Fjobs%2Ftest-engineer-jobs-in-united-kingdom",""
"Test Engineer","","","Reed","Test Engineer","🏢 Office | 📍 Location not provided","https://www.reed.co.uk/jobs/test-engineer/56686322?source=searchResults&filter=%2Fjobs%2Ftest-engineer-jobs-in-united-kingdom",""
"Test Engineer","","","Reed","Test Engineer","🏢 Office | 📍 Location not provided","https://www.reed.co.uk/jobs/test-engineer/56829042?source=searchResults&filter=%2Fjobs%2Ftest-engineer-jobs-in-united-kingdom",""
"Testing Engineer","","","Reed","Test Engineer","🏢 Office | 📍 Location not provided","https://www.reed.co.uk/jobs/testing-engineer/56659224?source=searchResults&filter=%2Fjobs%2Ftest-engineer-jobs-in-united-kingdom",""
"Test Engineer","","","Reed","Test Engineer","🏢 Office | 📍 Location not provided","https://www.reed.co.uk/jobs/test-engineer/56789437?source=searchResults&filter=%2Fjobs%2Ftest-engineer-jobs-in-united-kingdom",""
"Test Engineer","","","Reed","Test Engineer","🏢 Office | 📍 Location not provided","https://www.reed.co.uk/jobs/test-engineer/56824230?source=searchResults&filter=%2Fjobs%2Ftest-engineer-jobs-in-united-kingdom",""
"Test Engineer","","","Reed","Test Engineer","🏢 Office | 📍 Location not provided","https://www.reed.co.uk/jobs/test-engineer/56778791?source=searchResults&filter=%2Fjobs%2Ftest-engineer-jobs-in-united-kingdom",""
"Test Engineer","","","Reed","Test Engineer","🏢 Office | 📍 Location not provided","https://www.reed.co.uk/jobs/test-engineer/56797334?source=searchResults&filter=%2Fjobs%2Ftest-engineer-jobs-in-united-kingdom",""
"Manufacturing Test Engineer","","","Reed","Test Engineer","🏢 Office | 📍 Location not provided","https://www.reed.co.uk/jobs/manufacturing-test-engineer/56722191?source=searchResults&filter=%2Fjobs%2Ftest-engineer-jobs-in-united-kingdom",""
"Transducer Test Engineer","","","Reed","Test Engineer","🏢 Office | 📍 Location not provided","https://www.reed.co.uk/jobs/transducer-test-engineer/56728155?source=searchResults&filter=%2Fjobs%2Ftest-engineer-jobs-in-united-kingdom",""
"Production Test Engineer","","","Reed","Test Engineer","🏢 Office | 📍 Location not provided","https://www.reed.co.uk/jobs/production-test-engineer/56773660?source=searchResults&filter=%2Fjobs%2Ftest-engineer-jobs-in-united-kingdom",""
"EMC Test Engineer","","","Reed","Test Engineer","🏢 Office | 📍 Location not provided","https://www.reed.co.uk/jobs/emc-test-engineer/56794233?source=searchResults&filter=%2Fjobs%2Ftest-engineer-jobs-in-united-kingdom",""
"Transducer Test Engineer","","","Reed","Test Engineer","🏢 Office | 📍 Location not provided","https://www.reed.co.uk/jobs/transducer-test-engineer/56773040?source=searchResults&filter=%2Fjobs%2Ftest-engineer-jobs-in-united-kingdom",""
"Manufacturing Test Engineer","","","Reed","Test Engineer","🏢 Office | 📍 Location not provided","https://www.reed.co.uk/jobs/manufacturing-test-engineer/56790162?source=searchResults&filter=%2Fjobs%2Ftest-engineer-jobs-in-united-kingdom",""
"Manufacturing Test Engineer","","","Reed","Test Engineer","🏢 Office | 📍 Location not provided","https://www.reed.co.uk/jobs/manufacturing-test-engineer/56815486?source=searchResults&filter=%2Fjobs%2Ftest-engineer-jobs-in-united-kingdom",""
"QA Chapter Lead","","","Reed","QA Lead","🏢 Office | 📍 Location not provided","https://www.reed.co.uk/jobs/qa-chapter-lead/56718142?source=searchResults&filter=%2Fjobs%2Fqa-lead-jobs-in-united-kingdom",""
"QA Test Lead","","","Reed","QA Lead","🏢 Office | 📍 Location not provided","https://www.reed.co.uk/jobs/qa-test-lead/56821661?source=searchResults&filter=%2Fjobs%2Fqa-lead-jobs-in-united-kingdom",""
"QA Chapter Lead","","","Reed","QA Lead","🏢 Office | 📍 Location not provided","https://www.reed.co.uk/jobs/qa-chapter-lead/56693754?source=searchResults&filter=%2Fjobs%2Fqa-lead-jobs-in-united-kingdom",""
"Lead Quality Assurance - Salesforce","","","Reed","QA Lead","🏢 Office | 📍 Location not provided","https://www.reed.co.uk/jobs/lead-quality-assurance-salesforce/56778952?source=searchResults&filter=%2Fjobs%2Fqa-lead-jobs-in-united-kingdom",""
"QA Lead / Senior QA Tester","","","Reed","QA Lead","🏢 Office | 📍 Location not provided","https://www.reed.co.uk/jobs/qa-lead-senior-qa-tester/56710772?source=searchResults&filter=%2Fjobs%2Fqa-lead-jobs-in-united-kingdom",""
"Lead QA Engineer","","","Reed","QA Lead","🏢 Office | 📍 Location not provided","https://www.reed.co.uk/jobs/lead-qa-engineer/56664665?source=searchResults&filter=%2Fjobs%2Fqa-lead-jobs-in-united-kingdom",""
"QA Supervisor/ QC Manager","","","Reed","QA Lead","🏢 Office | 📍 Location not provided","https://www.reed.co.uk/jobs/qa-supervisor-qc-manager/56791456?source=searchResults&filter=%2Fjobs%2Fqa-lead-jobs-in-united-kingdom",""
"Quality Team Leader - Supplier Pillar","","","Reed","QA Lead","🏢 Office | 📍 Location not provided","https://www.reed.co.uk/jobs/quality-team-leader-supplier-pillar/56793626?source=searchResults&filter=%2Fjobs%2Fqa-lead-jobs-in-united-kingdom",""
"Contract QA Consultant","","","Reed","QA Lead","🏢 Office | 📍 Location not provided","https://www.reed.co.uk/jobs/contract-qa-consultant/56796290?source=searchResults&filter=%2Fjobs%2Fqa-lead-jobs-in-united-kingdom",""
"Test Lead","","","Reed","QA Lead","🏢 Office | 📍 Location not provided","https://www.reed.co.uk/jobs/test-lead/56689532?source=searchResults&filter=%2Fjobs%2Fqa-lead-jobs-in-united-kingdom",""
"QA Officer","","","Reed","QA Lead","🏢 Office | 📍 Location not provided","https://www.reed.co.uk/jobs/qa-officer/56792905?source=searchResults&filter=%2Fjobs%2Fqa-lead-jobs-in-united-kingdom",""
"QA Officer","","","Reed","QA Lead","🏢 Office | 📍 Location not provided","https://www.reed.co.uk/jobs/qa-officer/56792518?source=searchResults&filter=%2Fjobs%2Fqa-lead-jobs-in-united-kingdom",""
"Quality Assurance Analyst","","","Reed","QA Lead","🏢 Office | 📍 Location not provided","https://www.reed.co.uk/jobs/quality-assurance-analyst/56711570?source=searchResults&filter=%2Fjobs%2Fqa-lead-jobs-in-united-kingdom",""
"Quality Assurance Supervisor","","","Reed","QA Lead","🏢 Office | 📍 Location not provided","https://www.reed.co.uk/jobs/quality-assurance-supervisor/56812931?source=searchResults&filter=%2Fjobs%2Fqa-lead-jobs-in-united-kingdom",""
"QA Officer (West Midlands/Birmingham)","","","Reed","QA Lead","🏢 Office | 📍 Location not provided","https://www.reed.co.uk/jobs/qa-officer-west-midlands-birmingham/56669578?source=searchResults&filter=%2Fjobs%2Fqa-lead-jobs-in-united-kingdom",""
"QA Automation Engineer","","","Reed","QA Lead","🏢 Office | 📍 Location not provided","https://www.reed.co.uk/jobs/qa-automation-engineer/56815148?source=searchResults&filter=%2Fjobs%2Fqa-lead-jobs-in-united-kingdom",""
"Inventory Control and Quality Assurance Manager (18:00 - 06:00) 4 On 4 Off","","","Reed","QA Lead","🏢 Office | 📍 Location not provided","https://www.reed.co.uk/jobs/inventory-control-and-quality-assurance-manager-1800-0600-4-on-4-off/56683684?source=searchResults&filter=%2Fjobs%2Fqa-lead-jobs-in-united-kingdom",""
"Inventory Control and Quality Assurance Manager (06:00 - 18:00) 4 On 4 Off","","","Reed","QA Lead","🏢 Office | 📍 Location not provided","https://www.reed.co.uk/jobs/inventory-control-and-quality-assurance-manager-0600-1800-4-on-4-off/56683690?source=searchResults&filter=%2Fjobs%2Fqa-lead-jobs-in-united-kingdom",""
"Quality Assurance Manager","","","Reed","QA Lead","🏢 Office | 📍 Location not provided","https://www.reed.co.uk/jobs/quality-assurance-manager/56801984?source=searchResults&filter=%2Fjobs%2Fqa-lead-jobs-in-united-kingdom",""
"Quality Assurance Manager","","","Reed","QA Lead","🏢 Office | 📍 Location not provided","https://www.reed.co.uk/jobs/quality-assurance-manager/56802062?source=searchResults&filter=%2Fjobs%2Fqa-lead-jobs-in-united-kingdom",""
"Quality Assurance Manager","","","Reed","QA Lead","🏢 Office | 📍 Location not provided","https://www.reed.co.uk/jobs/quality-assurance-manager/56801923?source=searchResults&filter=%2Fjobs%2Fqa-lead-jobs-in-united-kingdom",""
"Senior Quality Assurance Engineer","","","Reed","QA Lead","🏢 Office | 📍 Location not provided","https://www.reed.co.uk/jobs/senior-quality-assurance-engineer/56824839?source=searchResults&filter=%2Fjobs%2Fqa-lead-jobs-in-united-kingdom",""
"QA Engineer","","","Reed","QA Lead","🏢 Office | 📍 Location not provided","https://www.reed.co.uk/jobs/qa-engineer/56736133?source=searchResults&filter=%2Fjobs%2Fqa-lead-jobs-in-united-kingdom",""
"Lead Quality Engineer","","","Reed","QA Lead","🏢 Office | 📍 Location not provided","https://www.reed.co.uk/jobs/lead-quality-engineer/56812312?source=searchResults&filter=%2Fjobs%2Fqa-lead-jobs-in-united-kingdom",""
"Chief Executive Officer","","","Reed","QA Lead","🏢 Office | 📍 Location not provided","https://www.reed.co.uk/jobs/chief-executive-officer/56816149?source=searchResults&filter=%2Fjobs%2Fqa-lead-jobs-in-united-kingdom",""
"RF Test Engineer","Rowden","Bristol, South West England","Adzuna (TotalJobs+)","Software QA Engineer","🏢 Office | 🚗 1h 52min | 🚌 ~2h 37min","https://www.adzuna.co.uk/jobs/land/ad/5708447613?se=NGFPDjdC8RG60p_fUSdYlA&utm_medium=api&utm_source=fec81443&v=BDB39D976345D483B8441CFEB83A92F55ECB0BC3","2026-04-23"
"Lead Quality Engineer","Preservica","Dry Sandford, Abingdon","Adzuna (TotalJobs+)","Software QA Engineer","🏢 Office | 🚗 2h 49min ❌ | 🚌 ~3h 57min","https://www.adzuna.co.uk/jobs/land/ad/5707213055?se=NGFPDjdC8RG60p_fUSdYlA&utm_medium=api&utm_source=fec81443&v=B8423DD4475FB6ABF8788FAFEF8BFB5E6DBCCCBF","2026-04-22"
"Software Team Lead","Smartbox Assistive Technology","Bristol, South West England","Adzuna (TotalJobs+)","Software QA Engineer","🏢 Office | 🚗 1h 52min | 🚌 ~2h 37min","https://www.adzuna.co.uk/jobs/land/ad/5701274891?se=NGFPDjdC8RG60p_fUSdYlA&utm_medium=api&utm_source=fec81443&v=F366B76A249FF8F65E7D67EC47F2BE5CCD068DF4","2026-04-16"
"Software Team Lead","GET STAFFED ONLINE RECRUITMENT LIMITED","Bristol, South West England","Adzuna (TotalJobs+)","Software QA Engineer","🏢 Office | 🚗 1h 52min | 🚌 ~2h 37min","https://www.adzuna.co.uk/jobs/land/ad/5701149402?se=NGFPDjdC8RG60p_fUSdYlA&utm_medium=api&utm_source=fec81443&v=8F5B212BB76CAFDC3E3575D615734075C7830380","2026-04-16"
"Software Team Lead","Smartbox Assistive Technology","UK","Adzuna (TotalJobs+)","Software QA Engineer","🏢 Office | 📍 Location not provided","https://www.adzuna.co.uk/jobs/details/5700008193?utm_medium=api&utm_source=fec81443","2026-04-15"
"Senior Project Manager","NuBreed Hotels Ltd.","Leeds, West Yorkshire","Adzuna (TotalJobs+)","Software QA Engineer","🏢 Office | 🚗 2h 4min ❌ | 🚌 ~2h 53min","https://www.adzuna.co.uk/jobs/details/5700008007?utm_medium=api&utm_source=fec81443","2026-04-15"
"Software Team Lead","Get Staffed Online Recruitment","Bristol, South West England","Adzuna (TotalJobs+)","Software QA Engineer","🏢 Office | 🚗 1h 52min | 🚌 ~2h 37min","https://www.adzuna.co.uk/jobs/details/5699487430?utm_medium=api&utm_source=fec81443","2026-04-15"
"Senior Software Tester","Fazer Recruitment","Manchester, Greater Manchester","Adzuna (TotalJobs+)","Software QA Engineer","🏢 Office | 🚗 1h 27min | 🚌 ~2h 36min","https://www.adzuna.co.uk/jobs/land/ad/5698200684?se=NGFPDjdC8RG60p_fUSdYlA&utm_medium=api&utm_source=fec81443&v=0475A518AE39072390C7FA301F2AC3E86DEE137C","2026-04-13"
"Software/Firmware Test Engineer","Hireful","Stockport, Greater Manchester","Adzuna (TotalJobs+)","Software QA Engineer","🏢 Office | 🚗 1h 21min | 🚌 ~2h 26min","https://www.adzuna.co.uk/jobs/details/5689348209?utm_medium=api&utm_source=fec81443","2026-04-04"
"Software/Firmware Test Engineer","Unipart","Stockport, Greater Manchester","Adzuna (TotalJobs+)","Software QA Engineer","🏢 Office | 🚗 1h 21min | 🚌 ~2h 26min","https://www.adzuna.co.uk/jobs/details/5688363443?utm_medium=api&utm_source=fec81443","2026-04-03"
"Software/Firmware Test Engineer","Unipart","Newtown, Disley","Adzuna (TotalJobs+)","Software QA Engineer","🏢 Office | 🚗 1h 12min | 🚌 ~2h 10min","https://www.adzuna.co.uk/jobs/land/ad/5687125422?se=NGFPDjdC8RG60p_fUSdYlA&utm_medium=api&utm_source=fec81443&v=15D40871AE877ED62DE16BC7118D30DFEEFF8555","2026-04-02"
"Senior Test Engineer","Cox Automotive","UK","Adzuna (TotalJobs+)","Software QA Engineer","🏢 Office | 📍 Location not provided","https://www.adzuna.co.uk/jobs/details/5683446123?utm_medium=api&utm_source=fec81443","2026-03-30"
"Senior QA Engineer (Remote)","The Investigo Group","UK","Adzuna (TotalJobs+)","Software QA Engineer","🏢 Office | 📍 Location not provided","https://www.adzuna.co.uk/jobs/details/5680332224?utm_medium=api&utm_source=fec81443","2026-03-27"
"Senior QA Engineer","The Investigo Group","Liverpool, Merseyside","Adzuna (TotalJobs+)","Software QA Engineer","🏢 Office | 🚗 54min | 🚌 ~1h 37min","https://www.adzuna.co.uk/jobs/details/5680332218?utm_medium=api&utm_source=fec81443","2026-03-27"
"Software Engineer","Low Carbon Contracts Company","Birmingham, West Midlands","Adzuna (TotalJobs+)","Software QA Engineer","🏢 Office | 🚗 1h 44min | 🚌 ~2h 25min","https://www.adzuna.co.uk/jobs/details/5679308285?utm_medium=api&utm_source=fec81443","2026-03-26"
"Software Test Analyst","Erin Associates","Chorley, Lancashire","Adzuna (TotalJobs+)","Software QA Engineer","🏢 Office | 🚗 1h 24min | 🚌 ~2h 32min","https://www.adzuna.co.uk/jobs/details/5676919240?utm_medium=api&utm_source=fec81443","2026-03-24"
"Senior Delivery Manager","Informed Solutions","Altrincham, Greater Manchester","Adzuna (TotalJobs+)","Software QA Automation Engineer","🏢 Office | 🚗 1h 3min | 🚌 ~1h 54min","https://www.adzuna.co.uk/jobs/details/5457262885?utm_medium=api&utm_source=fec81443","2025-10-21"
"Information Security Consultant","Digital Waffle","UK","Adzuna (TotalJobs+)","Test Lead","🏢 Office | 📍 Location not provided","https://www.adzuna.co.uk/jobs/land/ad/5711535443?se=thMAJDdC8RG559CN95vx2w&utm_medium=api&utm_source=fec81443&v=6BD8B839B71A06CE52E73A4733FE2FE4044B8501","2026-04-27"
"Head of Performance Marketing","Zachary Daniels","Speke, Liverpool","Adzuna (TotalJobs+)","Test Lead","🏢 Office | 🚗 53min | 🚌 ~1h 36min","https://www.adzuna.co.uk/jobs/land/ad/5711518970?se=thMAJDdC8RG559CN95vx2w&utm_medium=api&utm_source=fec81443&v=4C765705375B0ED88E40EDA54899A719A00CC1BD","2026-04-27"
"Operational Risk Lead (Financial Services)","Sopra Steria","UK","Adzuna (TotalJobs+)","Test Lead","🏢 Office | 📍 Location not provided","https://www.adzuna.co.uk/jobs/details/5711512135?utm_medium=api&utm_source=fec81443","2026-04-27"
"Customer Outcome Manager","Capital One UK","Halam, Newark","Adzuna (TotalJobs+)","Test Lead","🏢 Office | 🚗 2h 29min ❌ | 🚌 ~3h 29min","https://www.adzuna.co.uk/jobs/details/5711409444?utm_medium=api&utm_source=fec81443","2026-04-27"
"Customer Outcome Manager","Capital One UK","Calwich, Ashbourne","Adzuna (TotalJobs+)","Test Lead","🏢 Office | 🚗 1h 34min | 🚌 ~2h 49min","https://www.adzuna.co.uk/jobs/details/5711409355?utm_medium=api&utm_source=fec81443","2026-04-27"
"Customer Outcome Manager","Capital One UK","Sneinton, Nottingham","Adzuna (TotalJobs+)","Test Lead","🏢 Office | 🚗 2h 11min ❌ | 🚌 ~3h 3min","https://www.adzuna.co.uk/jobs/details/5711409357?utm_medium=api&utm_source=fec81443","2026-04-27"
"Manager, Software Development","Liverpool FC","Low Hill, Liverpool","Adzuna (TotalJobs+)","Test Lead","🏢 Office | 🚗 55min | 🚌 ~1h 39min","https://www.adzuna.co.uk/jobs/details/5711388552?utm_medium=api&utm_source=fec81443","2026-04-27"
"Senior Quality Engineer","TXP","Hockley, Birmingham","Adzuna (TotalJobs+)","Test Lead","🏢 Office | 🚗 1h 47min | 🚌 ~2h 30min","https://www.adzuna.co.uk/jobs/details/5711366872?utm_medium=api&utm_source=fec81443","2026-04-27"
"SAP Time Functional Consultant","Guidant Global","Broughton, Brigg","Adzuna (TotalJobs+)","Test Lead","🏢 Office | 🚗 2h 37min ❌ | 🚌 ~3h 40min","https://www.adzuna.co.uk/jobs/details/5711366513?utm_medium=api&utm_source=fec81443","2026-04-27"
"Product Test Lead","Rullion - Eon","The Park, Nottingham","Adzuna (TotalJobs+)","Test Lead","🏢 Office | 🚗 2h 7min ❌ | 🚌 ~2h 58min","https://www.adzuna.co.uk/jobs/details/5711366422?utm_medium=api&utm_source=fec81443","2026-04-27"
"Senior Test Engineer","Access Computer Consulting","Holbeck, Leeds","Adzuna (TotalJobs+)","Test Lead","🏢 Office | 🚗 1h 56min | 🚌 ~2h 42min","https://www.adzuna.co.uk/jobs/details/5711366433?utm_medium=api&utm_source=fec81443","2026-04-27"
"Senior Automation Engineer Contract Dublin","Adecco","UK","Adzuna (TotalJobs+)","Test Lead","🏢 Office | 📍 Location not provided","https://www.adzuna.co.uk/jobs/details/5711366334?utm_medium=api&utm_source=fec81443","2026-04-27"
"Test Driven Development Lead","Tatton Recruitment","Brooklands, Sale","Adzuna (TotalJobs+)","Test Lead","🏢 Office | 🚗 1h 9min | 🚌 ~2h 4min","https://www.adzuna.co.uk/jobs/details/5711366318?utm_medium=api&utm_source=fec81443","2026-04-27"
"Senior Developer - Embedded Software - Acoustic Positioning Lead","DCS Recruitment Limited","Brooklands, Sale","Adzuna (TotalJobs+)","Test Lead","🏢 Office | 🚗 1h 9min | 🚌 ~2h 4min","https://www.adzuna.co.uk/jobs/details/5711366158?utm_medium=api&utm_source=fec81443","2026-04-27"
"Full Stack Engineer","Adria Solutions Ltd","Bewsey, Warrington","Adzuna (TotalJobs+)","Test Lead","🏢 Office | 🚗 1h 1min | 🚌 ~1h 50min","https://www.adzuna.co.uk/jobs/details/5711366123?utm_medium=api&utm_source=fec81443","2026-04-27"
"Lead Financial ERP Consultant","Chapman Tate Associates","Ladywood, Birmingham","Adzuna (TotalJobs+)","Test Lead","🏢 Office | 🚗 1h 49min | 🚌 ~2h 32min","https://www.adzuna.co.uk/jobs/details/5711365987?utm_medium=api&utm_source=fec81443","2026-04-27"
"Senior Test Engineer","Cadent","Ansty, Rugby","Adzuna (TotalJobs+)","Test Lead","🏢 Office | 🚗 2h 13min ❌ | 🚌 ~3h 6min","https://www.adzuna.co.uk/jobs/details/5711365413?utm_medium=api&utm_source=fec81443","2026-04-27"
"Test and Release Manager","VIQU IT","Ladywood, Birmingham","Adzuna (TotalJobs+)","Test Lead","🏢 Office | 🚗 1h 49min | 🚌 ~2h 32min","https://www.adzuna.co.uk/jobs/details/5711365322?utm_medium=api&utm_source=fec81443","2026-04-27"
"Customer Outcome Manager","Capital One UK","Sneinton, Nottingham","Adzuna (TotalJobs+)","Test Lead","🏢 Office | 🚗 2h 11min ❌ | 🚌 ~3h 3min","https://www.adzuna.co.uk/jobs/land/ad/5711283498?se=thMAJDdC8RG559CN95vx2w&utm_medium=api&utm_source=fec81443&v=D9E7D8F642941062E27E23DB63913872902DCFE7","2026-04-27"
"Customer Outcome Manager","Capital One UK","Calwich, Ashbourne","Adzuna (TotalJobs+)","Test Lead","🏢 Office | 🚗 1h 34min | 🚌 ~2h 49min","https://www.adzuna.co.uk/jobs/land/ad/5711283483?se=thMAJDdC8RG559CN95vx2w&utm_medium=api&utm_source=fec81443&v=B1DF80C2039A25A1157056DEFF61114ECCB0001F","2026-04-27"
"Customer Outcome Manager","Capital One UK","Halam, Newark","Adzuna (TotalJobs+)","Test Lead","🏢 Office | 🚗 2h 29min ❌ | 🚌 ~3h 29min","https://www.adzuna.co.uk/jobs/land/ad/5711283456?se=thMAJDdC8RG559CN95vx2w&utm_medium=api&utm_source=fec81443&v=45116064E8AC0ED05635389D4E08300B7B65FE2C","2026-04-27"
"IMS Core Engineer","Samsung","UK","Adzuna (TotalJobs+)","Test Lead","🏢 Office | 📍 Location not provided","https://www.adzuna.co.uk/jobs/details/5711123940?utm_medium=api&utm_source=fec81443","2026-04-26"
"Technical Product Owner","Calisen Group Holdings","Manchester Science Park, Manchester","Adzuna (TotalJobs+)","Test Lead","🏢 Office | 🚗 1h 18min | 🚌 ~2h 21min","https://www.adzuna.co.uk/jobs/details/5711123089?utm_medium=api&utm_source=fec81443","2026-04-26"
"Senior Electronic Hardware Engineer","GE Vernova","Stafford, Staffordshire","Adzuna (TotalJobs+)","Test Lead","🏢 Office | 🚗 1h 17min | 🚌 ~2h 18min","https://www.adzuna.co.uk/jobs/land/ad/5711122427?se=thMAJDdC8RG559CN95vx2w&utm_medium=api&utm_source=fec81443&v=6973D04B0E0D92C41866279E73CC9EDC526DCC95","2026-04-26"
"R&D Formulation Scientist","PZ Cussons","UK","Adzuna (TotalJobs+)","Test Lead","🏢 Office | 📍 Location not provided","https://www.adzuna.co.uk/jobs/details/5711122107?utm_medium=api&utm_source=fec81443","2026-04-26"
"Digital Analytics Manager","Hastings Insurance Services","UK","Adzuna (TotalJobs+)","Test Lead","🏢 Office | 📍 Location not provided","https://www.adzuna.co.uk/jobs/details/5711115500?utm_medium=api&utm_source=fec81443","2026-04-26"
"Senior Engineer","James Lambeth Limited","UK","Adzuna (TotalJobs+)","QA Engineer","🏢 Office | 📍 Location not provided","https://www.adzuna.co.uk/jobs/land/ad/5711518184?se=2OPaJDdC8RGaBsAY5Xz_HA&utm_medium=api&utm_source=fec81443&v=1B9FD8318FBC0EA1D8ED939F4861CFD4BB5059A0","2026-04-27"
"Head of Design Engineering","Coburg Banks Limited","The Park, Nottingham","Adzuna (TotalJobs+)","QA Engineer","🏢 Office | 🚗 2h 7min ❌ | 🚌 ~2h 58min","https://www.adzuna.co.uk/jobs/land/ad/5711512104?se=2OPaJDdC8RGaBsAY5Xz_HA&utm_medium=api&utm_source=fec81443&v=4CA5186F116138A4EDBE7D010EAD7860072C273B","2026-04-27"
"Senior Front End Developer - Birmingham","TXP","Hockley, Birmingham","Adzuna (TotalJobs+)","QA Engineer","🏢 Office | 🚗 1h 47min | 🚌 ~2h 30min","https://www.adzuna.co.uk/jobs/details/5711366843?utm_medium=api&utm_source=fec81443","2026-04-27"
"Senior Python Developer","Mploy Group","UK","Adzuna (TotalJobs+)","QA Engineer","🏢 Office | 📍 Location not provided","https://www.adzuna.co.uk/jobs/details/5711365721?utm_medium=api&utm_source=fec81443","2026-04-27"
"Quality Assurance Engineer - Filton","MBDA UK","Filton, Bristol","Adzuna (TotalJobs+)","QA Engineer","🏢 Office | 🚗 2h 49min ❌ | 🚌 ~3h 57min","https://www.adzuna.co.uk/jobs/details/5711365412?utm_medium=api&utm_source=fec81443","2026-04-27"
"Operations Manager","Sonoco","UK","Adzuna (TotalJobs+)","QA Engineer","🏢 Office | 📍 Location not provided","https://www.adzuna.co.uk/jobs/details/5711123163?utm_medium=api&utm_source=fec81443","2026-04-26"
"QA Analyst","CMap","Hulme, Manchester","Adzuna (TotalJobs+)","QA Engineer","🏢 Office | 🚗 1h 19min | 🚌 ~2h 22min","https://www.adzuna.co.uk/jobs/details/5711120703?utm_medium=api&utm_source=fec81443","2026-04-26"
"Sr. Quality Assurance Engineer w/Detox Testing Experience","Concentrix","UK","Adzuna (TotalJobs+)","QA Engineer","🏢 Office | 📍 Location not provided","https://www.adzuna.co.uk/jobs/land/ad/5711116799?se=2OPaJDdC8RGaBsAY5Xz_HA&utm_medium=api&utm_source=fec81443&v=F71EA2295CEF4A0B99E730E3FFBB639AD9F83C61","2026-04-26"
"QA/QC Engineer – Data Centre Construction","Breagh Recruitment","UK","Adzuna (TotalJobs+)","QA Engineer","🏢 Office | 📍 Location not provided","https://www.adzuna.co.uk/jobs/details/5710704297?utm_medium=api&utm_source=fec81443","2026-04-26"
"QA Automation Engineer","Amex","Manchester, Greater Manchester","Adzuna (TotalJobs+)","QA Engineer","🏢 Office | 🚗 1h 27min | 🚌 ~2h 36min","https://www.adzuna.co.uk/jobs/details/5710436257?utm_medium=api&utm_source=fec81443","2026-04-25"
"Plant Manager","Stanbroke Beef","Grantham, Lincolnshire","Adzuna (TotalJobs+)","QA Engineer","🏢 Office | 🚗 2h 38min ❌ | 🚌 ~3h 41min","https://www.adzuna.co.uk/jobs/details/5710435594?utm_medium=api&utm_source=fec81443","2026-04-25"
"Quality Engineer (Data)","OneSavings Bank PLC","Coven Heath, Wolverhampton","Adzuna (TotalJobs+)","QA Engineer","🏢 Office | 🚗 1h 11min | 🚌 ~2h 7min","https://www.adzuna.co.uk/jobs/details/5710402801?utm_medium=api&utm_source=fec81443","2026-04-25"
"Mobile QA Engineer - Health App - Up to £45k","Few&Far","UK","Adzuna (TotalJobs+)","QA Engineer","🏢 Office | 📍 Location not provided","https://www.adzuna.co.uk/jobs/land/ad/5710394749?se=2OPaJDdC8RGaBsAY5Xz_HA&utm_medium=api&utm_source=fec81443&v=26A58CCCD1476C4610D4F0EF9795C661C2AE760F","2026-04-25"
"Senior Software Quality Assurance Engineer","iPro Suite","UK","Adzuna (TotalJobs+)","QA Engineer","🏢 Office | 📍 Location not provided","https://www.adzuna.co.uk/jobs/land/ad/5710394707?se=2OPaJDdC8RGaBsAY5Xz_HA&utm_medium=api&utm_source=fec81443&v=F0701CEFD17C8D084F140078F00317C1335A3B13","2026-04-25"
"Frontend Developer (React)","Recann","UK","Adzuna (TotalJobs+)","QA Engineer","🏢 Office | 📍 Location not provided","https://www.adzuna.co.uk/jobs/land/ad/5710394245?se=2OPaJDdC8RGaBsAY5Xz_HA&utm_medium=api&utm_source=fec81443&v=49FD4E506106F3E85AABD0679008D51D8FA5FB8D","2026-04-25"
"Lead Quality Assurance Analyst","Coforge","Telford, Shropshire","Adzuna (TotalJobs+)","QA Engineer","🏢 Office | 🚗 1h 6min | 🚌 ~1h 59min","https://www.adzuna.co.uk/jobs/land/ad/5710393432?se=2OPaJDdC8RGaBsAY5Xz_HA&utm_medium=api&utm_source=fec81443&v=5F2AC044B68658F8C93FF718A7A23033BD459D4D","2026-04-25"
"Senior Site Engineer","TM Green Group","Northwich, Cheshire","Adzuna (TotalJobs+)","QA Engineer","🏢 Office | 🚗 53min | 🚌 ~1h 36min","https://www.adzuna.co.uk/jobs/land/ad/5710393308?se=2OPaJDdC8RGaBsAY5Xz_HA&utm_medium=api&utm_source=fec81443&v=08D46B667EF9D2692691074079308BBB3D92CBD0","2026-04-25"
"QA Engineer - £50,000 - £60,000","Opus Recruitment Solutions","Oxfordshire, South East England","Adzuna (TotalJobs+)","QA Engineer","🏢 Office | 🚗 2h 48min ❌ | 🚌 ~3h 55min","https://www.adzuna.co.uk/jobs/land/ad/5710393166?se=2OPaJDdC8RGaBsAY5Xz_HA&utm_medium=api&utm_source=fec81443&v=5D049029708BC323A08FA6FEA592F54BC8C967F2","2026-04-25"
"Sr. Quality Assurance Engineer w/Detox Testing Experience","Concentrix","UK","Adzuna (TotalJobs+)","QA Automation Engineer","🏢 Office | 📍 Location not provided","https://www.adzuna.co.uk/jobs/land/ad/5711116799?se=DCK9JTdC8RGaBsAY5Xz_HA&utm_medium=api&utm_source=fec81443&v=F71EA2295CEF4A0B99E730E3FFBB639AD9F83C61","2026-04-26"
"QA Engineer - £50,000 - £60,000","Opus Recruitment Solutions","Oxfordshire, South East England","Adzuna (TotalJobs+)","QA Automation Engineer","🏢 Office | 🚗 2h 48min ❌ | 🚌 ~3h 55min","https://www.adzuna.co.uk/jobs/land/ad/5710393166?se=DCK9JTdC8RGaBsAY5Xz_HA&utm_medium=api&utm_source=fec81443&v=5D049029708BC323A08FA6FEA592F54BC8C967F2","2026-04-25"
"Quality Assurance Analyst","Coforge","Telford, Shropshire","Adzuna (TotalJobs+)","QA Automation Engineer","🏢 Office | 🚗 1h 6min | 🚌 ~1h 59min","https://www.adzuna.co.uk/jobs/land/ad/5709976913?se=DCK9JTdC8RGaBsAY5Xz_HA&utm_medium=api&utm_source=fec81443&v=EBB5DB979FB4740B87B5F75718AFBF9E21C23A16","2026-04-25"
"QA Engineer (Manual & Automation)","Pinewood.AI","Solihull, West Midlands","Adzuna (TotalJobs+)","QA Automation Engineer","🏢 Office | 🚗 1h 51min | 🚌 ~2h 36min","https://www.adzuna.co.uk/jobs/details/5709442473?utm_medium=api&utm_source=fec81443","2026-04-24"
"Senior QA Automation Engineer","Future Publishing","UK","Adzuna (TotalJobs+)","QA Automation Engineer","🏢 Office | 📍 Location not provided","https://www.adzuna.co.uk/jobs/details/5708371923?utm_medium=api&utm_source=fec81443","2026-04-23"
"DevOps Engineer","DXC Technology","UK","Adzuna (TotalJobs+)","QA Automation Engineer","🏢 Office | 📍 Location not provided","https://www.adzuna.co.uk/jobs/details/5707198284?utm_medium=api&utm_source=fec81443","2026-04-22"
"Devops QA Engineer","Avensys Consulting","UK","Adzuna (TotalJobs+)","QA Automation Engineer","🏢 Office | 📍 Location not provided","https://www.adzuna.co.uk/jobs/land/ad/5704597247?se=DCK9JTdC8RGaBsAY5Xz_HA&utm_medium=api&utm_source=fec81443&v=1D9C16E67D0719F183E5C351A1EB7463A59C5892","2026-04-19"
"Lead Quality Assurance Engineer","Station","UK","Adzuna (TotalJobs+)","QA Automation Engineer","🏢 Office | 📍 Location not provided","https://www.adzuna.co.uk/jobs/land/ad/5704597193?se=DCK9JTdC8RGaBsAY5Xz_HA&utm_medium=api&utm_source=fec81443&v=A3B769EC8CF598C455986B8FB563D7826B782004","2026-04-19"
"Software Test Engineer","TRIA","Milton Keynes, Buckinghamshire","Adzuna (TotalJobs+)","QA Automation Engineer","🏢 Office | 🚗 2h 37min ❌ | 🚌 ~3h 40min","https://www.adzuna.co.uk/jobs/land/ad/5704596495?se=DCK9JTdC8RGaBsAY5Xz_HA&utm_medium=api&utm_source=fec81443&v=2F3DC54E41CC53BBDBBA7C43C5541D4C09FF6CDE","2026-04-19"
"QA Automation Engineer - London Stock Exchange Group","London Stock Exchange Group","Nottingham, Nottinghamshire","Adzuna (TotalJobs+)","QA Automation Engineer","🏢 Office | 🚗 2h 11min ❌ | 🚌 ~3h 4min","https://www.adzuna.co.uk/jobs/land/ad/5702619583?se=DCK9JTdC8RGaBsAY5Xz_HA&utm_medium=api&utm_source=fec81443&v=D0E6D7B541E6A3859A1744E393995A5B41ED4933","2026-04-17"
"Senior Qa Engineer","coforge","Hinkshay, Telford","Adzuna (TotalJobs+)","QA Automation Engineer","🏢 Office | 🚗 1h 12min | 🚌 ~2h 9min","https://www.adzuna.co.uk/jobs/details/5701573622?utm_medium=api&utm_source=fec81443","2026-04-16"
"QA Engineer (Automation) - Manchester","Forward Role","Manchester, Greater Manchester","Adzuna (TotalJobs+)","QA Automation Engineer","🏢 Office | 🚗 1h 27min | 🚌 ~2h 36min","https://www.adzuna.co.uk/jobs/details/5701541532?utm_medium=api&utm_source=fec81443","2026-04-16"
"Senior Automation QA Engineer (Data Engineering)","IntaPeople","UK","Adzuna (TotalJobs+)","QA Automation Engineer","🏢 Office | 📍 Location not provided","https://www.adzuna.co.uk/jobs/land/ad/5701480520?se=DCK9JTdC8RGaBsAY5Xz_HA&utm_medium=api&utm_source=fec81443&v=27BDACD79ED24EA476819ECC5AEAD27F697E1827","2026-04-16"
"QA Automation Architect / Automation Practice Lead","Experis UK","UK","Adzuna (TotalJobs+)","QA Automation Engineer","🏢 Office | 📍 Location not provided","https://www.adzuna.co.uk/jobs/details/5700383716?utm_medium=api&utm_source=fec81443","2026-04-15"
"Senior AI Fullstack Engineer","Etera Technologies FZCO","UK","Adzuna (TotalJobs+)","QA Automation Engineer","🏢 Office | 📍 Location not provided","https://www.adzuna.co.uk/jobs/details/5698222701?utm_medium=api&utm_source=fec81443","2026-04-13"
"Senior QA Automation Engineer","StorMagic","Bristol, South West England","Adzuna (TotalJobs+)","QA Automation Engineer","🏢 Office | 🚗 1h 52min | 🚌 ~2h 37min","https://www.adzuna.co.uk/jobs/details/5698054360?utm_medium=api&utm_source=fec81443","2026-04-13"
"Automation Test Engineer","Howden","UK","Adzuna (TotalJobs+)","QA Automation Engineer","🏢 Office | 📍 Location not provided","https://www.adzuna.co.uk/jobs/land/ad/5697410417?se=DCK9JTdC8RGaBsAY5Xz_HA&utm_medium=api&utm_source=fec81443&v=8BF4726A00F906E1E59458E7EEB9DAA08AC5E21C","2026-04-12"
"Infrastructure Test Automation Engineers","CGI","UK","Adzuna (TotalJobs+)","Test Automation Engineer","🏢 Office | 📍 Location not provided","https://www.adzuna.co.uk/jobs/details/5711122709?utm_medium=api&utm_source=fec81443","2026-04-26"
"Sr. Test Engineer (Cypress)","Mastek","Leeds, West Yorkshire","Adzuna (TotalJobs+)","Test Automation Engineer","🏢 Office | 🚗 2h 4min ❌ | 🚌 ~2h 53min","https://www.adzuna.co.uk/jobs/land/ad/5710394631?se=rA68JjdC8RG60p_fUSdYlA&utm_medium=api&utm_source=fec81443&v=75F52130E69230DA59A6A0AB335C963DC17CECA5","2026-04-25"
"QA Engineer - £50,000 - £60,000","Opus Recruitment Solutions","Oxfordshire, South East England","Adzuna (TotalJobs+)","Test Automation Engineer","🏢 Office | 🚗 2h 48min ❌ | 🚌 ~3h 55min","https://www.adzuna.co.uk/jobs/land/ad/5710393166?se=rA68JjdC8RG60p_fUSdYlA&utm_medium=api&utm_source=fec81443&v=5D049029708BC323A08FA6FEA592F54BC8C967F2","2026-04-25"
"Automation Test Engineer","Morson Edge","Chester, Cheshire","Adzuna (TotalJobs+)","Test Automation Engineer","🏢 Office | 🚗 31min | 🚌 ~56min","https://www.adzuna.co.uk/jobs/details/5710205710?utm_medium=api&utm_source=fec81443","2026-04-25"
"Quality Assurance Analyst","Coforge","Telford, Shropshire","Adzuna (TotalJobs+)","Test Automation Engineer","🏢 Office | 🚗 1h 6min | 🚌 ~1h 59min","https://www.adzuna.co.uk/jobs/land/ad/5709976913?se=rA68JjdC8RG60p_fUSdYlA&utm_medium=api&utm_source=fec81443&v=EBB5DB979FB4740B87B5F75718AFBF9E21C23A16","2026-04-25"
"Quality Engineer","TXP Technology x People","Birmingham, West Midlands","Adzuna (TotalJobs+)","Test Automation Engineer","🏢 Office | 🚗 1h 44min | 🚌 ~2h 25min","https://www.adzuna.co.uk/jobs/land/ad/5709491872?se=rA68JjdC8RG60p_fUSdYlA&utm_medium=api&utm_source=fec81443&v=E639CA863B3FA79DB376B96E5349F698467B7390","2026-04-24"
"Team Lead, QA","Intradiem","UK","Adzuna (TotalJobs+)","Test Automation Engineer","🏢 Office | 📍 Location not provided","https://www.adzuna.co.uk/jobs/details/5709491491?utm_medium=api&utm_source=fec81443","2026-04-24"
"Quality Engineer","TXP","Balsall Heath, Birmingham","Adzuna (TotalJobs+)","Test Automation Engineer","🏢 Office | 🚗 1h 51min | 🚌 ~2h 35min","https://www.adzuna.co.uk/jobs/land/ad/5709443325?se=rA68JjdC8RG60p_fUSdYlA&utm_medium=api&utm_source=fec81443&v=C9C759CC31C5C2F1550ABB81355B7385B8134133","2026-04-24"
"Embedded Software Verification and Validation Engineer","MBDA","Bristol, South West England","Adzuna (TotalJobs+)","Test Automation Engineer","🏢 Office | 🚗 1h 52min | 🚌 ~2h 37min","https://www.adzuna.co.uk/jobs/land/ad/5708447267?se=rA68JjdC8RG60p_fUSdYlA&utm_medium=api&utm_source=fec81443&v=3B260024ADCF7F0DCE273EA23F6961E819CBF9AF","2026-04-23"
"Senior Manufacturing Test Engineer","Engineering","Congleton, Cheshire","Adzuna (TotalJobs+)","Test Automation Engineer","🏢 Office | 🚗 1h 15min | 🚌 ~2h 14min","https://www.adzuna.co.uk/jobs/land/ad/5708138411?se=rA68JjdC8RG60p_fUSdYlA&utm_medium=api&utm_source=fec81443&v=11A2AEA0BF9A201CEF5F300EF509B96ADD1BBE86","2026-04-23"
"Senior Automation Test Engineer - eSC or eDV Required","IBM","Leicester, Leicestershire","Adzuna (TotalJobs+)","Test Automation Engineer","🏢 Office | 🚗 2h 19min ❌ | 🚌 ~3h 15min","https://www.adzuna.co.uk/jobs/details/5707685707?utm_medium=api&utm_source=fec81443","2026-04-23"
"Senior Automation Test Engineer - eSC or eDV Required","IBM","Cheltenham, Gloucestershire","Adzuna (TotalJobs+)","Test Automation Engineer","🏢 Office | 🚗 2h 27min ❌ | 🚌 ~3h 25min","https://www.adzuna.co.uk/jobs/details/5707685706?utm_medium=api&utm_source=fec81443","2026-04-23"
"Senior Automation Test Engineer - eSC or eDV Required","IBM","Manchester, Greater Manchester","Adzuna (TotalJobs+)","Test Automation Engineer","🏢 Office | 🚗 1h 27min | 🚌 ~2h 36min","https://www.adzuna.co.uk/jobs/details/5707685709?utm_medium=api&utm_source=fec81443","2026-04-23"
"Principal Test Automation Engineer","Danaher","UK","Adzuna (TotalJobs+)","Test Automation Engineer","🏢 Office | 📍 Location not provided","https://www.adzuna.co.uk/jobs/details/5707200990?utm_medium=api&utm_source=fec81443","2026-04-22"
"Automation Test Architect","DXC Technology","UK","Adzuna (TotalJobs+)","Test Automation Engineer","🏢 Office | 📍 Location not provided","https://www.adzuna.co.uk/jobs/details/5707197878?utm_medium=api&utm_source=fec81443","2026-04-22"
"Freelance Agent Evaluation Engineer","Mindrift","UK","Adzuna (TotalJobs+)","Test Automation Engineer","🏢 Office | 📍 Location not provided","https://www.adzuna.co.uk/jobs/details/5707128531?utm_medium=api&utm_source=fec81443","2026-04-22"
"Freelance Agent Evaluation Engineer","Mindrift","Manchester, Greater Manchester","Adzuna (TotalJobs+)","Test Automation Engineer","🏢 Office | 🚗 1h 27min | 🚌 ~2h 36min","https://www.adzuna.co.uk/jobs/details/5707128511?utm_medium=api&utm_source=fec81443","2026-04-22"
"Freelance Agent Evaluation Engineer","Mindrift","Birmingham, West Midlands","Adzuna (TotalJobs+)","Test Automation Engineer","🏢 Office | 🚗 1h 44min | 🚌 ~2h 25min","https://www.adzuna.co.uk/jobs/details/5707128551?utm_medium=api&utm_source=fec81443","2026-04-22"
"Devops QA Engineer","Avensys Consulting","UK","Adzuna (TotalJobs+)","SDET","🏢 Office | 📍 Location not provided","https://www.adzuna.co.uk/jobs/land/ad/5704597247?se=KmWgJzdC8RG60p_fUSdYlA&utm_medium=api&utm_source=fec81443&v=1D9C16E67D0719F183E5C351A1EB7463A59C5892","2026-04-19"
"Software Test Engineer","TRIA","Milton Keynes, Buckinghamshire","Adzuna (TotalJobs+)","SDET","🏢 Office | 🚗 2h 37min ❌ | 🚌 ~3h 40min","https://www.adzuna.co.uk/jobs/land/ad/5704596495?se=KmWgJzdC8RG60p_fUSdYlA&utm_medium=api&utm_source=fec81443&v=2F3DC54E41CC53BBDBBA7C43C5541D4C09FF6CDE","2026-04-19"
"Lead Performance Tester (SDET)","Vonage","UK","Adzuna (TotalJobs+)","SDET","🏢 Office | 📍 Location not provided","https://www.adzuna.co.uk/jobs/details/5701318532?utm_medium=api&utm_source=fec81443","2026-04-16"
"Software Engineer In Test (SDET)","The Portfolio Group","Rusholme, Manchester","Adzuna (TotalJobs+)","SDET","🏢 Office | 🚗 1h 17min | 🚌 ~2h 18min","https://www.adzuna.co.uk/jobs/land/ad/5700243952?se=KmWgJzdC8RG60p_fUSdYlA&utm_medium=api&utm_source=fec81443&v=56FB6C4814651A1D29A73C730026D826F5296DED","2026-04-15"
"Software Engineer In Test (SDET)","The Portfolio Group","Manchester, Greater Manchester","Adzuna (TotalJobs+)","SDET","🏢 Office | 🚗 1h 27min | 🚌 ~2h 36min","https://www.adzuna.co.uk/jobs/land/ad/5700240426?se=KmWgJzdC8RG60p_fUSdYlA&utm_medium=api&utm_source=fec81443&v=9ED003D63A38D7E2008A417EC551FC6EE5D3507E","2026-04-15"
"Senior SDET","Semble","UK","Adzuna (TotalJobs+)","SDET","🏢 Office | 📍 Location not provided","https://www.adzuna.co.uk/jobs/details/5700006196?utm_medium=api&utm_source=fec81443","2026-04-15"
"Team Lead, Software Developer in Test","Intermedia Intelligent Communications","UK","Adzuna (TotalJobs+)","SDET","🏢 Office | 📍 Location not provided","https://www.adzuna.co.uk/jobs/details/5688572890?utm_medium=api&utm_source=fec81443","2026-04-03"
"Software Development Engineer in Test (SDET)","Commify","Nottingham, Nottinghamshire","Adzuna (TotalJobs+)","SDET","🏢 Office | 🚗 2h 11min ❌ | 🚌 ~3h 4min","https://www.adzuna.co.uk/jobs/details/5684266231?utm_medium=api&utm_source=fec81443","2026-03-31"
"SDET / QA Lead","Saris AI","UK","Adzuna (TotalJobs+)","SDET","🏢 Office | 📍 Location not provided","https://www.adzuna.co.uk/jobs/details/5681250433?utm_medium=api&utm_source=fec81443","2026-03-28"
"Lead QA","Stackstudio Digital Ltd.","UK","Adzuna (TotalJobs+)","SDET","🏢 Office | 📍 Location not provided","https://www.adzuna.co.uk/jobs/details/5673627946?utm_medium=api&utm_source=fec81443","2026-03-20"
"Software Development Test Engineer","Premea","Lillington, Leamington Spa","Adzuna (TotalJobs+)","Software Engineer in Test","🏢 Office | 🚗 2h 11min ❌ | 🚌 ~3h 4min","https://www.adzuna.co.uk/jobs/details/5711366234?utm_medium=api&utm_source=fec81443","2026-04-27"
"Senior Software Developer","VIQU IT","Ladywood, Birmingham","Adzuna (TotalJobs+)","Software Engineer in Test","🏢 Office | 🚗 1h 49min | 🚌 ~2h 32min","https://www.adzuna.co.uk/jobs/details/5711366174?utm_medium=api&utm_source=fec81443","2026-04-27"
"Senior Technical Business Analyst","Vital Human Resources","Hulme, Manchester","Adzuna (TotalJobs+)","Software Engineer in Test","🏢 Office | 🚗 1h 19min | 🚌 ~2h 22min","https://www.adzuna.co.uk/jobs/details/5711365962?utm_medium=api&utm_source=fec81443","2026-04-27"
"Software Development Test Engineer","Jonathan Lee Recruitment Ltd","Stoneclough, Radcliffe","Adzuna (TotalJobs+)","Software Engineer in Test","🏢 Office | 🚗 1h 14min | 🚌 ~2h 13min","https://www.adzuna.co.uk/jobs/details/5711365952?utm_medium=api&utm_source=fec81443","2026-04-27"
"Senior Software Engineer - Manchester","Adecco","Hulme, Manchester","Adzuna (TotalJobs+)","Software Engineer in Test","🏢 Office | 🚗 1h 19min | 🚌 ~2h 22min","https://www.adzuna.co.uk/jobs/details/5711366056?utm_medium=api&utm_source=fec81443","2026-04-27"
"Senior Software Engineer – Quality Engineering & Testing","Sophos","UK","Adzuna (TotalJobs+)","Software Engineer in Test","🏢 Office | 📍 Location not provided","https://www.adzuna.co.uk/jobs/details/5710434956?utm_medium=api&utm_source=fec81443","2026-04-25"
"C# Software Engineer","Motorola Solutions","UK","Adzuna (TotalJobs+)","Software Engineer in Test","🏢 Office | 📍 Location not provided","https://www.adzuna.co.uk/jobs/land/ad/5710433195?se=uguHKDdC8RG559CN95vx2w&utm_medium=api&utm_source=fec81443&v=A8658EF40F5373DE062B1E224503B71A8584CCE9","2026-04-25"
"CBSP SATCOM - Information Systems Security Specialist","Centurum","UK","Adzuna (TotalJobs+)","Software Engineer in Test","🏢 Office | 📍 Location not provided","https://www.adzuna.co.uk/jobs/details/5709493261?utm_medium=api&utm_source=fec81443","2026-04-24"
"Senior Quality Engineer","TXP Technology x People","Birmingham, West Midlands","Adzuna (TotalJobs+)","Software Engineer in Test","🏢 Office | 🚗 1h 44min | 🚌 ~2h 25min","https://www.adzuna.co.uk/jobs/land/ad/5709491951?se=uguHKDdC8RG559CN95vx2w&utm_medium=api&utm_source=fec81443&v=F815A3F920CA443BD237CE3D8F1FDDFF11361BD3","2026-04-24"
"Software Engineer","Leonardo","UK","Adzuna (TotalJobs+)","Software Engineer in Test","🏢 Office | 📍 Location not provided","https://www.adzuna.co.uk/jobs/details/5709488695?utm_medium=api&utm_source=fec81443","2026-04-24"
"Software Engineer","Leonardo","UK","Adzuna (TotalJobs+)","Software Engineer in Test","🏢 Office | 📍 Location not provided","https://www.adzuna.co.uk/jobs/details/5709486441?utm_medium=api&utm_source=fec81443","2026-04-24"
"Senior Software Test Engineer","Hexwired Recruitment Limited","UK","Adzuna (TotalJobs+)","Software Engineer in Test","🏢 Office | 📍 Location not provided","https://www.adzuna.co.uk/jobs/land/ad/5709443316?se=uguHKDdC8RG559CN95vx2w&utm_medium=api&utm_source=fec81443&v=63AE3125C6D25839F57B4C33A3E54319476D91B4","2026-04-24"
"Senior Quality Engineer","TXP","Balsall Heath, Birmingham","Adzuna (TotalJobs+)","Software Engineer in Test","🏢 Office | 🚗 1h 51min | 🚌 ~2h 35min","https://www.adzuna.co.uk/jobs/land/ad/5709408071?se=uguHKDdC8RG559CN95vx2w&utm_medium=api&utm_source=fec81443&v=A9C2006D641CBB67C5399FBD2A9B379532FAC1CF","2026-04-24"
"Software Test Engineer","AJ Bell","Manchester, Greater Manchester","Adzuna (TotalJobs+)","Software Engineer in Test","🏢 Office | 🚗 1h 27min | 🚌 ~2h 36min","https://www.adzuna.co.uk/jobs/details/5708924134?utm_medium=api&utm_source=fec81443","2026-04-24"
"ML Ops Engineer | York Hybrid","Oliver James","Hull, East Riding Of Yorkshire","Adzuna (TotalJobs+)","Software Engineer in Test","🔀 Hybrid | 🚗 2h 42min ❌ | 🚌 ~3h 46min","https://www.adzuna.co.uk/jobs/land/ad/5708776065?se=uguHKDdC8RG559CN95vx2w&utm_medium=api&utm_source=fec81443&v=EC21DE73EA7A3757BE8A242A717F3917F45DD31C","2026-04-23"
"Software Test Engineer","AJ Bell","Salford, Greater Manchester","Adzuna (TotalJobs+)","Software Engineer in Test","🏢 Office | 🚗 1h 15min | 🚌 ~2h 15min","https://www.adzuna.co.uk/jobs/land/ad/5708448540?se=uguHKDdC8RG559CN95vx2w&utm_medium=api&utm_source=fec81443&v=F06BE846F91DDF68637A5694A991A30DD3AA0DC5","2026-04-23"
"RF Test Engineer","Rowden","Bristol, South West England","Adzuna (TotalJobs+)","Software Engineer in Test","🏢 Office | 🚗 1h 52min | 🚌 ~2h 37min","https://www.adzuna.co.uk/jobs/land/ad/5708447613?se=uguHKDdC8RG559CN95vx2w&utm_medium=api&utm_source=fec81443&v=BDB39D976345D483B8441CFEB83A92F55ECB0BC3","2026-04-23"
"MLOPS Lead","MLOPS Lead near York","York, North Yorkshire","Adzuna (TotalJobs+)","Software Engineer in Test","🏢 Office | 🚗 2h 25min ❌ | 🚌 ~3h 22min","https://www.adzuna.co.uk/jobs/details/5708447496?utm_medium=api&utm_source=fec81443","2026-04-23"
"Senior Quality Engineer","Ligentia","Leeds, West Yorkshire","Adzuna (TotalJobs+)","Software Engineer in Test","🏢 Office | 🚗 2h 4min ❌ | 🚌 ~2h 53min","https://www.adzuna.co.uk/jobs/land/ad/5708331681?se=uguHKDdC8RG559CN95vx2w&utm_medium=api&utm_source=fec81443&v=F06630B57E34393E41A3C8A95FD1A02B44698913","2026-04-23"
"Test Engineer","DWP Digital","Staining, Lancashire","Adzuna (TotalJobs+)","Test Engineer","🏢 Office | 🚗 1h 39min | 🚌 ~2h 18min","https://www.adzuna.co.uk/jobs/details/5711539187?utm_medium=api&utm_source=fec81443","2026-04-27"
"Installation Engineer - Parking Systems","Utilise Recruitment","Bermuda Park, Nuneaton","Adzuna (TotalJobs+)","Test Engineer","🏢 Office | 🚗 1h 51min | 🚌 ~2h 35min","https://www.adzuna.co.uk/jobs/land/ad/5711528685?se=VnRyKTdC8RG559CN95vx2w&utm_medium=api&utm_source=fec81443&v=70C271E69D900F9E0E07E6D295E1D5C00AF3095D","2026-04-27"
"Industrial Electrician","Interaction Recruitment","Leeds, West Yorkshire","Adzuna (TotalJobs+)","Test Engineer","🏢 Office | 🚗 2h 4min ❌ | 🚌 ~2h 53min","https://www.adzuna.co.uk/jobs/land/ad/5711528546?se=VnRyKTdC8RG559CN95vx2w&utm_medium=api&utm_source=fec81443&v=2D17D86C0B81C8432B87B4821660F2C54E8037A5","2026-04-27"
"Embedded Software Engineer","Saxon Recruitment Solutions","Barnsley, South Yorkshire","Adzuna (TotalJobs+)","Test Engineer","🏢 Office | 🚗 2h 10min ❌ | 🚌 ~3h 2min","https://www.adzuna.co.uk/jobs/land/ad/5711519284?se=VnRyKTdC8RG559CN95vx2w&utm_medium=api&utm_source=fec81443&v=F33AD3505870EA2A84A716176076337BF8B70EC7","2026-04-27"
"Food Manufacturing Engineer - Mechanical & Electrical (Nights)","Gafoor","Preston, Lancashire","Adzuna (TotalJobs+)","Test Engineer","🏢 Office | 🚗 1h 28min | 🚌 ~2h 3min","https://www.adzuna.co.uk/jobs/land/ad/5711518380?se=VnRyKTdC8RG559CN95vx2w&utm_medium=api&utm_source=fec81443&v=2FC7E07441AB2570A3B2F0402D9B50022A4A6121","2026-04-27"
"Maintenance Engineer","NMC Recruitment Ltd","Sheffield, South Yorkshire","Adzuna (TotalJobs+)","Test Engineer","🏢 Office | 🚗 2h 19min ❌ | 🚌 ~3h 15min","https://www.adzuna.co.uk/jobs/land/ad/5711512154?se=VnRyKTdC8RG559CN95vx2w&utm_medium=api&utm_source=fec81443&v=AC279C2B2812E3D51B60D271F0D4EDED6E77C7AD","2026-04-27"
"Senior Software Engineering Manager","Tilt Recruitment","Brooklands, Sale","Adzuna (TotalJobs+)","Test Engineer","🏢 Office | 🚗 1h 9min | 🚌 ~2h 4min","https://www.adzuna.co.uk/jobs/details/5711366919?utm_medium=api&utm_source=fec81443","2026-04-27"
"AI Engineer","Rerooters Limited t/a Certus Recruitment","Milton, Brampton","Adzuna (TotalJobs+)","Test Engineer","🏢 Office | 🚗 2h 49min ❌ | 🚌 ~3h 57min","https://www.adzuna.co.uk/jobs/details/5711366272?utm_medium=api&utm_source=fec81443","2026-04-27"
"Head of Design Engineering","Coburg Banks Limited","The Park, Nottingham","Adzuna (TotalJobs+)","QA Lead","🏢 Office | 🚗 2h 7min ❌ | 🚌 ~2h 58min","https://www.adzuna.co.uk/jobs/land/ad/5711512104?se=WgscKzdC8RG559CN95vx2w&utm_medium=api&utm_source=fec81443&v=4CA5186F116138A4EDBE7D010EAD7860072C273B","2026-04-27"
"Senior Python Developer","Tech4 Ltd","Newbridge, Wolverhampton","Adzuna (TotalJobs+)","QA Lead","🏢 Office | 🚗 1h 19min | 🚌 ~2h 22min","https://www.adzuna.co.uk/jobs/details/5711366802?utm_medium=api&utm_source=fec81443","2026-04-27"
"Quality Manager","GI Group Main Account","Barrowford, Nelson","Adzuna (TotalJobs+)","QA Lead","🏢 Office | 🚗 1h 40min | 🚌 ~2h 20min","https://www.adzuna.co.uk/jobs/details/5711083942?utm_medium=api&utm_source=fec81443","2026-04-26"
"Mobile QA Engineer - Health App - Up to £45k","Few&Far","UK","Adzuna (TotalJobs+)","QA Lead","🏢 Office | 📍 Location not provided","https://www.adzuna.co.uk/jobs/land/ad/5710394749?se=WgscKzdC8RG559CN95vx2w&utm_medium=api&utm_source=fec81443&v=26A58CCCD1476C4610D4F0EF9795C661C2AE760F","2026-04-25"
"Senior Software Quality Assurance Engineer","iPro Suite","UK","Adzuna (TotalJobs+)","QA Lead","🏢 Office | 📍 Location not provided","https://www.adzuna.co.uk/jobs/land/ad/5710394707?se=WgscKzdC8RG559CN95vx2w&utm_medium=api&utm_source=fec81443&v=F0701CEFD17C8D084F140078F00317C1335A3B13","2026-04-25"
"Lead Quality Assurance Analyst","Coforge","Telford, Shropshire","Adzuna (TotalJobs+)","QA Lead","🏢 Office | 🚗 1h 6min | 🚌 ~1h 59min","https://www.adzuna.co.uk/jobs/land/ad/5710393432?se=WgscKzdC8RG559CN95vx2w&utm_medium=api&utm_source=fec81443&v=5F2AC044B68658F8C93FF718A7A23033BD459D4D","2026-04-25"
"Head of QA/RA","PROJECTUS","Gloucester, Gloucestershire","Adzuna (TotalJobs+)","QA Lead","🏢 Office | 🚗 2h 26min ❌ | 🚌 ~3h 24min","https://www.adzuna.co.uk/jobs/land/ad/5709979721?se=WgscKzdC8RG559CN95vx2w&utm_medium=api&utm_source=fec81443&v=4EF29F5DF387256502A9C52A6FA462DF7D1E66C8","2026-04-25"
"Technical Manager","Ballantine Recruitment","Elland, West Yorkshire","Adzuna (TotalJobs+)","QA Lead","🏢 Office | 🚗 1h 39min | 🚌 ~2h 18min","https://www.adzuna.co.uk/jobs/land/ad/5709978074?se=WgscKzdC8RG559CN95vx2w&utm_medium=api&utm_source=fec81443&v=4FB08FB7ABA9DC8F66D235280223A2200B7F6DDD","2026-04-25"
"Solar Installations Manager","Community Home Solutions","Nottingham, Nottinghamshire","Adzuna (TotalJobs+)","QA Lead","🏢 Office | 🚗 2h 11min ❌ | 🚌 ~3h 4min","https://www.adzuna.co.uk/jobs/land/ad/5709977253?se=WgscKzdC8RG559CN95vx2w&utm_medium=api&utm_source=fec81443&v=CF12BEBD2693BFBDA31276B7D6548237DC2F5080","2026-04-25"
"Content Developer","Pearson","UK","Adzuna (TotalJobs+)","QA Lead","🏢 Office | 📍 Location not provided","https://www.adzuna.co.uk/jobs/details/5709489331?utm_medium=api&utm_source=fec81443","2026-04-24"
"Trainee QA Test Analyst Apprenticeship","interactive investor","Leeds, West Yorkshire","Adzuna (TotalJobs+)","QA Lead","🏢 Office | 🚗 2h 4min ❌ | 🚌 ~2h 53min","https://www.adzuna.co.uk/jobs/details/5709455591?utm_medium=api&utm_source=fec81443","2026-04-24"
"Quality Manager","Gi Group","Bardsea, Ulverston","Adzuna (TotalJobs+)","QA Lead","🏢 Office | 🚗 2h 23min ❌ | 🚌 ~3h 20min","https://www.adzuna.co.uk/jobs/land/ad/5709443704?se=WgscKzdC8RG559CN95vx2w&utm_medium=api&utm_source=fec81443&v=727B7FCAD6DA911DF5973889B5D77F1DB900702A","2026-04-24"
"Early Years Tutor/Assessor","Kids Planet Day Nurseries","Buttershaw, Bradford","Adzuna (TotalJobs+)","QA Lead","🏢 Office | 🚗 1h 50min | 🚌 ~2h 34min","https://www.adzuna.co.uk/jobs/land/ad/5709409215?se=WgscKzdC8RG559CN95vx2w&utm_medium=api&utm_source=fec81443&v=36FF107DB7A1E5472EECC522AF78AB3AC7240AD3","2026-04-24"
"Configuration Suite Manager","GreenSafeIT","Kidderminster, Worcestershire","Adzuna (TotalJobs+)","QA Lead","🏢 Office | 🚗 1h 44min | 🚌 ~2h 26min","https://www.adzuna.co.uk/jobs/land/ad/5709357546?se=WgscKzdC8RG559CN95vx2w&utm_medium=api&utm_source=fec81443&v=464E109632DBA61FC2C223E3BCE7D09218B7F357","2026-04-24"
"Quality Assurance Manager Awarding Organisation (Vocational Educati","Career Poster","Manvers, Rotherham","Adzuna (TotalJobs+)","QA Lead","🏢 Office | 🚗 2h 15min ❌ | 🚌 ~3h 9min","https://www.adzuna.co.uk/jobs/land/ad/5709250103?se=WgscKzdC8RG559CN95vx2w&utm_medium=api&utm_source=fec81443&v=A1BA97B36C24A86E5A884FE2B91B38DB12E9DE8E","2026-04-24"
"Operations Planning Analyst","Workforce Planning","Ladywood, Birmingham","Adzuna (TotalJobs+)","QA Lead","🏢 Office | 🚗 1h 49min | 🚌 ~2h 32min","https://www.adzuna.co.uk/jobs/details/5708909040?utm_medium=api&utm_source=fec81443","2026-04-24"
"Content Developer","Pearson","UK","Adzuna (TotalJobs+)","QA Lead","🏢 Office | 📍 Location not provided","https://www.adzuna.co.uk/jobs/details/5708802153?utm_medium=api&utm_source=fec81443","2026-04-24"
"Head of Design Engineering","Coburg Banks Limited","Bestwood Village, Nottingham","Adzuna (TotalJobs+)","QA Lead","🏢 Office | 🚗 2h 8min ❌ | 🚌 ~2h 59min","https://www.adzuna.co.uk/jobs/land/ad/5708450937?se=WgscKzdC8RG559CN95vx2w&utm_medium=api&utm_source=fec81443&v=F84E0D51E5DABA99CB4F3FCFB17BF1E47418CC2C","2026-04-23"
"Head of Design Engineering","Coburg Banks Limited","Nottingham, Nottinghamshire","Adzuna (TotalJobs+)","QA Lead","🏢 Office | 🚗 2h 11min ❌ | 🚌 ~3h 4min","https://www.adzuna.co.uk/jobs/land/ad/5708450061?se=WgscKzdC8RG559CN95vx2w&utm_medium=api&utm_source=fec81443&v=4790DE9679FC244BEBC04B7D861913DF2E516CA3","2026-04-23"
"Software Engineer III - RMX Dispatch","Command Alkon USA","UK","Adzuna (TotalJobs+)","QA Lead","🏢 Office | 📍 Location not provided","https://www.adzuna.co.uk/jobs/details/5708449549?utm_medium=api&utm_source=fec81443","2026-04-23"
"SHEQ Advisor","FFW Site Services Ltd","Hyde Park, Leeds","Adzuna (TotalJobs+)","QA Lead","🏢 Office | 🚗 1h 59min | 🚌 ~2h 47min","https://www.adzuna.co.uk/jobs/land/ad/5708448469?se=WgscKzdC8RG559CN95vx2w&utm_medium=api&utm_source=fec81443&v=FEC123565A23FC2C1A1BE7612C1776256C7C6A0E","2026-04-23"
"Product Owner","Wren Kitchens","Hoe Hill, Barton-Upon-Humber","Adzuna (TotalJobs+)","QA Lead","🏢 Office | 🚗 2h 46min ❌ | 🚌 ~3h 52min","https://www.adzuna.co.uk/jobs/details/5708446837?utm_medium=api&utm_source=fec81443","2026-04-23"
"Lead .Net Engineer","Experian","Nottingham, Nottinghamshire","Adzuna (TotalJobs+)","QA Lead","🏢 Office | 🚗 2h 11min ❌ | 🚌 ~3h 4min","https://www.adzuna.co.uk/jobs/details/5708344111?utm_medium=api&utm_source=fec81443","2026-04-23"
"QA Engineer","","Manchester, England","Glassdoor","Software QA Engineer","🏢 Office | 🚗 1h 27min | 🚌 ~2h 36min","https://www.glassdoor.co.uk/job-listing/qa-engineer-clio-JV_IC2691218_KO0,11_KE12,16.htm?jl=1010076335947",""
"QA Engineer - UK","","United Kingdom","Glassdoor","Software QA Engineer","🏢 Office | 📍 Location not provided","https://www.glassdoor.co.uk/job-listing/qa-engineer-uk-sourcewhale-JV_KO0,14_KE15,26.htm?jl=1010068320315",""
"Software Engineer (Developer in Test)","","United Kingdom","Glassdoor","Software QA Engineer","🏢 Office | 📍 Location not provided","https://www.glassdoor.co.uk/job-listing/software-engineer-developer-in-test-bighand-JV_KO0,35_KE36,43.htm?jl=1010061537122",""
"Software Development Engineer in Test (SDET)","","United Kingdom","Glassdoor","Software QA Engineer","🏢 Office | 📍 Location not provided","https://www.glassdoor.co.uk/job-listing/software-development-engineer-in-test-sdet-fxc-intelligence-JV_KO0,42_KE43,59.htm?jl=1009936784765",""