Title,Company,Location,Board,Search Term,Commute,URL,Posted
"QA Engineer (Remote)","","Remote","Glassdoor","Software QA Automation Engineer","🌐 Remote","https://www.glassdoor.co.uk/job-listing/qa-engineer-remote-remotestar-JV_KO0,18_KE19,29.htm?jl=1009426005158",""
"QA Engineer - Core Database (remote)","","Remote","Glassdoor","Software QA Automation Engineer","🌐 Remote","https://www.glassdoor.co.uk/job-listing/qa-engineer-core-database-remote-clickhouse-JV_KO0,32_KE33,43.htm?jl=1009950493128",""
"Software QA Engineer","","","Reed","Software QA Engineer","🏢 Office | 📍 Brak lokalizacji","https://www.reed.co.uk/jobs/software-qa-engineer/56878054?source=searchResults&filter=%2Fjobs%2Fsoftware-qa-engineer-jobs-in-united-kingdom",""
"Software/Firmware Test Engineer","","","Reed","Software QA Engineer","🏢 Office | 📍 Brak lokalizacji","https://www.reed.co.uk/jobs/software-firmware-test-engineer/56735761?source=searchResults&filter=%2Fjobs%2Fsoftware-qa-engineer-jobs-in-united-kingdom",""
"QA Engineer- Selenium Experience","","","Reed","Software QA Engineer","🏢 Office | 📍 Brak lokalizacji","https://www.reed.co.uk/jobs/qa-engineer-selenium-experience/56765039?source=searchResults&filter=%2Fjobs%2Fsoftware-qa-engineer-jobs-in-united-kingdom",""
"Test Engineer","","","Reed","Software QA Engineer","🏢 Office | 📍 Brak lokalizacji","https://www.reed.co.uk/jobs/test-engineer/56855994?source=searchResults&filter=%2Fjobs%2Fsoftware-qa-engineer-jobs-in-united-kingdom",""
"Software Quality Engineer","","","Reed","Software QA Engineer","🏢 Office | 📍 Brak lokalizacji","https://www.reed.co.uk/jobs/software-quality-engineer/56698833?source=searchResults&filter=%2Fjobs%2Fsoftware-qa-engineer-jobs-in-united-kingdom",""
"Quality Engineer","","","Reed","Software QA Engineer","🏢 Office | 📍 Brak lokalizacji","https://www.reed.co.uk/jobs/quality-engineer/56841765?source=searchResults&filter=%2Fjobs%2Fsoftware-qa-engineer-jobs-in-united-kingdom",""
"Performance QA Engineer","","","Reed","Software QA Engineer","🏢 Office | 📍 Brak lokalizacji","https://www.reed.co.uk/jobs/performance-qa-engineer/56758383?source=searchResults&filter=%2Fjobs%2Fsoftware-qa-engineer-jobs-in-united-kingdom",""
"QA/Test Engineer","","","Reed","Software QA Engineer","🏢 Office | 📍 Brak lokalizacji","https://www.reed.co.uk/jobs/qa-test-engineer/56789929?source=searchResults&filter=%2Fjobs%2Fsoftware-qa-engineer-jobs-in-united-kingdom",""
"QA Engineer","","","Reed","Software QA Engineer","🏢 Office | 📍 Brak lokalizacji","https://www.reed.co.uk/jobs/qa-engineer/56793724?source=searchResults&filter=%2Fjobs%2Fsoftware-qa-engineer-jobs-in-united-kingdom",""
"Q&A Test Engineer","","","Reed","Software QA Engineer","🏢 Office | 📍 Brak lokalizacji","https://www.reed.co.uk/jobs/q-a-test-engineer/56772091?source=searchResults&filter=%2Fjobs%2Fsoftware-qa-engineer-jobs-in-united-kingdom",""
"Junior Automation QA Engineer","","","Reed","Software QA Engineer","🏢 Office | 📍 Brak lokalizacji","https://www.reed.co.uk/jobs/junior-automation-qa-engineer/56812839?source=searchResults&filter=%2Fjobs%2Fsoftware-qa-engineer-jobs-in-united-kingdom",""
"Quality Assurance Engineer","","","Reed","Software QA Engineer","🏢 Office | 📍 Brak lokalizacji","https://www.reed.co.uk/jobs/quality-assurance-engineer/56788684?source=searchResults&filter=%2Fjobs%2Fsoftware-qa-engineer-jobs-in-united-kingdom",""
"Q&A Test Engineer","","","Reed","Software QA Engineer","🏢 Office | 📍 Brak lokalizacji","https://www.reed.co.uk/jobs/q-a-test-engineer/56884409?source=searchResults&filter=%2Fjobs%2Fsoftware-qa-engineer-jobs-in-united-kingdom",""
"QA Engineer","","","Reed","Software QA Engineer","🏢 Office | 📍 Brak lokalizacji","https://www.reed.co.uk/jobs/qa-engineer/56789104?source=searchResults&filter=%2Fjobs%2Fsoftware-qa-engineer-jobs-in-united-kingdom",""
"QA Engineer - ServiceNow","","","Reed","Software QA Engineer","🏢 Office | 📍 Brak lokalizacji","https://www.reed.co.uk/jobs/qa-engineer-servicenow/56368015?source=searchResults&filter=%2Fjobs%2Fsoftware-qa-engineer-jobs-in-united-kingdom",""
"Lead Quality Engineer","","","Reed","Software QA Engineer","🏢 Office | 📍 Brak lokalizacji","https://www.reed.co.uk/jobs/lead-quality-engineer/56812312?source=searchResults&filter=%2Fjobs%2Fsoftware-qa-engineer-jobs-in-united-kingdom",""
"Test Quality Assurance Engineer","","","Reed","Software QA Engineer","🏢 Office | 📍 Brak lokalizacji","https://www.reed.co.uk/jobs/test-quality-assurance-engineer/56868487?source=searchResults&filter=%2Fjobs%2Fsoftware-qa-engineer-jobs-in-united-kingdom",""
"Senior Software Tester","","","Reed","Software QA Engineer","🏢 Office | 📍 Brak lokalizacji","https://www.reed.co.uk/jobs/senior-software-tester/56774708?source=searchResults&filter=%2Fjobs%2Fsoftware-qa-engineer-jobs-in-united-kingdom",""
"Quality Engineer","","","Reed","Software QA Engineer","🏢 Office | 📍 Brak lokalizacji","https://www.reed.co.uk/jobs/quality-engineer/56749696?source=searchResults&filter=%2Fjobs%2Fsoftware-qa-engineer-jobs-in-united-kingdom",""
"Test Engineer","","","Reed","Software QA Engineer","🏢 Office | 📍 Brak lokalizacji","https://www.reed.co.uk/jobs/test-engineer/56868490?source=searchResults&filter=%2Fjobs%2Fsoftware-qa-engineer-jobs-in-united-kingdom",""
"Lead Quality Engineer","","","Reed","Software QA Engineer","🏢 Office | 📍 Brak lokalizacji","https://www.reed.co.uk/jobs/lead-quality-engineer/56804612?source=searchResults&filter=%2Fjobs%2Fsoftware-qa-engineer-jobs-in-united-kingdom",""
"Senior Software Engineer (Test)","","","Reed","Software QA Engineer","🏢 Office | 📍 Brak lokalizacji","https://www.reed.co.uk/jobs/senior-software-engineer-test/56758314?source=searchResults&filter=%2Fjobs%2Fsoftware-qa-engineer-jobs-in-united-kingdom",""
"Tester/ Full Stack Quality Engineer - Katalon, Hybrid - London","","","Reed","Software QA Engineer","🔀 Hybrid | 📍 Brak lokalizacji","https://www.reed.co.uk/jobs/tester-full-stack-quality-engineer-katalon-hybrid-london/56782949?source=searchResults&filter=%2Fjobs%2Fsoftware-qa-engineer-jobs-in-united-kingdom",""
"Software Developer Apprentice","","","Reed","Software QA Engineer","🏢 Office | 📍 Brak lokalizacji","https://www.reed.co.uk/jobs/software-developer-apprentice/56813539?source=searchResults&filter=%2Fjobs%2Fsoftware-qa-engineer-jobs-in-united-kingdom",""
"Quality Engineer","","","Reed","Software QA Engineer","🏢 Office | 📍 Brak lokalizacji","https://www.reed.co.uk/jobs/quality-engineer/56793515?source=searchResults&filter=%2Fjobs%2Fsoftware-qa-engineer-jobs-in-united-kingdom",""
"Software/Firmware Test Engineer","","","Reed","Software QA Automation Engineer","🏢 Office | 📍 Brak lokalizacji","https://www.reed.co.uk/jobs/software-firmware-test-engineer/56735761?source=searchResults&filter=%2Fjobs%2Fsoftware-qa-automation-engineer-jobs-in-united-kingdom",""
"Software QA Engineer","","","Reed","Software QA Automation Engineer","🏢 Office | 📍 Brak lokalizacji","https://www.reed.co.uk/jobs/software-qa-engineer/56878054?source=searchResults&filter=%2Fjobs%2Fsoftware-qa-automation-engineer-jobs-in-united-kingdom",""
"QA Engineer- Selenium Experience","","","Reed","Software QA Automation Engineer","🏢 Office | 📍 Brak lokalizacji","https://www.reed.co.uk/jobs/qa-engineer-selenium-experience/56765039?source=searchResults&filter=%2Fjobs%2Fsoftware-qa-automation-engineer-jobs-in-united-kingdom",""
"Test Engineer","","","Reed","Software QA Automation Engineer","🏢 Office | 📍 Brak lokalizacji","https://www.reed.co.uk/jobs/test-engineer/56855994?source=searchResults&filter=%2Fjobs%2Fsoftware-qa-automation-engineer-jobs-in-united-kingdom",""
"Junior Automation QA Engineer","","","Reed","Software QA Automation Engineer","🏢 Office | 📍 Brak lokalizacji","https://www.reed.co.uk/jobs/junior-automation-qa-engineer/56812839?source=searchResults&filter=%2Fjobs%2Fsoftware-qa-automation-engineer-jobs-in-united-kingdom",""
"QA/Test Engineer","","","Reed","Software QA Automation Engineer","🏢 Office | 📍 Brak lokalizacji","https://www.reed.co.uk/jobs/qa-test-engineer/56789929?source=searchResults&filter=%2Fjobs%2Fsoftware-qa-automation-engineer-jobs-in-united-kingdom",""
"QA Engineer","","","Reed","Software QA Automation Engineer","🏢 Office | 📍 Brak lokalizacji","https://www.reed.co.uk/jobs/qa-engineer/56793724?source=searchResults&filter=%2Fjobs%2Fsoftware-qa-automation-engineer-jobs-in-united-kingdom",""
"Lead Quality Engineer","","","Reed","Software QA Automation Engineer","🏢 Office | 📍 Brak lokalizacji","https://www.reed.co.uk/jobs/lead-quality-engineer/56812312?source=searchResults&filter=%2Fjobs%2Fsoftware-qa-automation-engineer-jobs-in-united-kingdom",""
"Q&A Test Engineer","","","Reed","Software QA Automation Engineer","🏢 Office | 📍 Brak lokalizacji","https://www.reed.co.uk/jobs/q-a-test-engineer/56772091?source=searchResults&filter=%2Fjobs%2Fsoftware-qa-automation-engineer-jobs-in-united-kingdom",""
"Technical Customer Success Specialist - Graduate","","","Reed","Software QA Automation Engineer","🏢 Office | 📍 Brak lokalizacji","https://www.reed.co.uk/jobs/technical-customer-success-specialist-graduate/56865868?source=searchResults&filter=%2Fjobs%2Fsoftware-qa-automation-engineer-jobs-in-united-kingdom",""
"Q&A Test Engineer","","","Reed","Software QA Automation Engineer","🏢 Office | 📍 Brak lokalizacji","https://www.reed.co.uk/jobs/q-a-test-engineer/56884409?source=searchResults&filter=%2Fjobs%2Fsoftware-qa-automation-engineer-jobs-in-united-kingdom",""
"QA Engineer","","","Reed","Software QA Automation Engineer","🏢 Office | 📍 Brak lokalizacji","https://www.reed.co.uk/jobs/qa-engineer/56789104?source=searchResults&filter=%2Fjobs%2Fsoftware-qa-automation-engineer-jobs-in-united-kingdom",""
"AI & Digital Support Apprentice","","","Reed","Software QA Automation Engineer","🏢 Office | 📍 Brak lokalizacji","https://www.reed.co.uk/jobs/ai-digital-support-apprentice/56806607?source=searchResults&filter=%2Fjobs%2Fsoftware-qa-automation-engineer-jobs-in-united-kingdom",""
"Tester/ Full Stack Quality Engineer - Katalon, Hybrid - London","","","Reed","Software QA Automation Engineer","🔀 Hybrid | 📍 Brak lokalizacji","https://www.reed.co.uk/jobs/tester-full-stack-quality-engineer-katalon-hybrid-london/56782949?source=searchResults&filter=%2Fjobs%2Fsoftware-qa-automation-engineer-jobs-in-united-kingdom",""
"Senior Software Engineer (Test)","","","Reed","Software QA Automation Engineer","🏢 Office | 📍 Brak lokalizacji","https://www.reed.co.uk/jobs/senior-software-engineer-test/56758314?source=searchResults&filter=%2Fjobs%2Fsoftware-qa-automation-engineer-jobs-in-united-kingdom",""
"Test Automation Lead","","","Reed","Software QA Automation Engineer","🏢 Office | 📍 Brak lokalizacji","https://www.reed.co.uk/jobs/test-automation-lead/56804787?source=searchResults&filter=%2Fjobs%2Fsoftware-qa-automation-engineer-jobs-in-united-kingdom",""
"Quality Engineer","","","Reed","Software QA Automation Engineer","🏢 Office | 📍 Brak lokalizacji","https://www.reed.co.uk/jobs/quality-engineer/56812768?source=searchResults&filter=%2Fjobs%2Fsoftware-qa-automation-engineer-jobs-in-united-kingdom",""
"QA Test Lead","","","Reed","Software QA Automation Engineer","🏢 Office | 📍 Brak lokalizacji","https://www.reed.co.uk/jobs/qa-test-lead/56821661?source=searchResults&filter=%2Fjobs%2Fsoftware-qa-automation-engineer-jobs-in-united-kingdom",""
"QA Auditor","","","Reed","Software QA Automation Engineer","🏢 Office | 📍 Brak lokalizacji","https://www.reed.co.uk/jobs/qa-auditor/56839922?source=searchResults&filter=%2Fjobs%2Fsoftware-qa-automation-engineer-jobs-in-united-kingdom",""
"NPI Test Engineer","","","Reed","Software QA Automation Engineer","🏢 Office | 📍 Brak lokalizacji","https://www.reed.co.uk/jobs/npi-test-engineer/56877145?source=searchResults&filter=%2Fjobs%2Fsoftware-qa-automation-engineer-jobs-in-united-kingdom",""
"Test Analyst - Remote - UK","","","Reed","Software QA Automation Engineer","🏢 Office | 📍 Brak lokalizacji","https://www.reed.co.uk/jobs/test-analyst-remote-uk/56876821?source=searchResults&filter=%2Fjobs%2Fsoftware-qa-automation-engineer-jobs-in-united-kingdom",""
"Senior Test Analyst","","","Reed","Software QA Automation Engineer","🏢 Office | 📍 Brak lokalizacji","https://www.reed.co.uk/jobs/senior-test-analyst/56833369?source=searchResults&filter=%2Fjobs%2Fsoftware-qa-automation-engineer-jobs-in-united-kingdom",""
"Senior DevOps Engineer – Contract - Hybrid","","","Reed","Software QA Automation Engineer","🔀 Hybrid | 📍 Brak lokalizacji","https://www.reed.co.uk/jobs/senior-devops-engineer--contract-hybrid/56731742?source=searchResults&filter=%2Fjobs%2Fsoftware-qa-automation-engineer-jobs-in-united-kingdom",""
"Software Quality Engineer","","","Reed","Software QA Automation Engineer","🏢 Office | 📍 Brak lokalizacji","https://www.reed.co.uk/jobs/software-quality-engineer/56698833?source=searchResults&filter=%2Fjobs%2Fsoftware-qa-automation-engineer-jobs-in-united-kingdom",""
"Quality Assurance","","","Reed","Software QA Automation Engineer","🏢 Office | 📍 Brak lokalizacji","https://www.reed.co.uk/jobs/quality-assurance/56829104?source=searchResults&filter=%2Fjobs%2Fsoftware-qa-automation-engineer-jobs-in-united-kingdom",""
"QA Test Lead","","","Reed","Testing Lead","🏢 Office | 📍 Brak lokalizacji","https://www.reed.co.uk/jobs/qa-test-lead/56821661?source=searchResults&filter=%2Fjobs%2Ftesting-lead-jobs-in-united-kingdom",""
"Test Automation Lead","","","Reed","Testing Lead","🏢 Office | 📍 Brak lokalizacji","https://www.reed.co.uk/jobs/test-automation-lead/56804787?source=searchResults&filter=%2Fjobs%2Ftesting-lead-jobs-in-united-kingdom",""
"Test Lead","","","Reed","Testing Lead","🏢 Office | 📍 Brak lokalizacji","https://www.reed.co.uk/jobs/test-lead/56878121?source=searchResults&filter=%2Fjobs%2Ftesting-lead-jobs-in-united-kingdom",""
"Test Lead","","","Reed","Testing Lead","🏢 Office | 📍 Brak lokalizacji","https://www.reed.co.uk/jobs/test-lead/56689532?source=searchResults&filter=%2Fjobs%2Ftesting-lead-jobs-in-united-kingdom",""
"Test Lead","","","Reed","Testing Lead","🏢 Office | 📍 Brak lokalizacji","https://www.reed.co.uk/jobs/test-lead/56732007?source=searchResults&filter=%2Fjobs%2Ftesting-lead-jobs-in-united-kingdom",""
"Electronics Test Lead","","","Reed","Testing Lead","🏢 Office | 📍 Brak lokalizacji","https://www.reed.co.uk/jobs/electronics-test-lead/56719905?source=searchResults&filter=%2Fjobs%2Ftesting-lead-jobs-in-united-kingdom",""
"Security Test Lead","","","Reed","Testing Lead","🏢 Office | 📍 Brak lokalizacji","https://www.reed.co.uk/jobs/security-test-lead/56752614?source=searchResults&filter=%2Fjobs%2Ftesting-lead-jobs-in-united-kingdom",""
"Security & Infrastructure Test Lead","","","Reed","Testing Lead","🏢 Office | 📍 Brak lokalizacji","https://www.reed.co.uk/jobs/security-infrastructure-test-lead/56880373?source=searchResults&filter=%2Fjobs%2Ftesting-lead-jobs-in-united-kingdom",""
"Test Lead with Active SC Clearance - London/Corsham, UK","","","Reed","Testing Lead","🏢 Office | 📍 Brak lokalizacji","https://www.reed.co.uk/jobs/test-lead-with-active-sc-clearance-london-corsham-uk/56818623?source=searchResults&filter=%2Fjobs%2Ftesting-lead-jobs-in-united-kingdom",""
"Lead Test Architect","","","Reed","Testing Lead","🏢 Office | 📍 Brak lokalizacji","https://www.reed.co.uk/jobs/lead-test-architect/56878784?source=searchResults&filter=%2Fjobs%2Ftesting-lead-jobs-in-united-kingdom",""
"Principal Test Engineer","","","Reed","Testing Lead","🏢 Office | 📍 Brak lokalizacji","https://www.reed.co.uk/jobs/principal-test-engineer/56814594?source=searchResults&filter=%2Fjobs%2Ftesting-lead-jobs-in-united-kingdom",""
"Lead Quality Assurance - Salesforce","","","Reed","Testing Lead","🏢 Office | 📍 Brak lokalizacji","https://www.reed.co.uk/jobs/lead-quality-assurance-salesforce/56778952?source=searchResults&filter=%2Fjobs%2Ftesting-lead-jobs-in-united-kingdom",""
"Lead Software Test Engineer","","","Reed","Testing Lead","🏢 Office | 📍 Brak lokalizacji","https://www.reed.co.uk/jobs/lead-software-test-engineer/56878350?source=searchResults&filter=%2Fjobs%2Ftesting-lead-jobs-in-united-kingdom",""
"Lead Test Engineer – 12 month – SC Cleared – Manchester","","","Reed","Testing Lead","🏢 Office | 📍 Brak lokalizacji","https://www.reed.co.uk/jobs/lead-test-engineer--12-month--sc-cleared--manchester/56876926?source=searchResults&filter=%2Fjobs%2Ftesting-lead-jobs-in-united-kingdom",""
"Test Manager","","","Reed","Testing Lead","🏢 Office | 📍 Brak lokalizacji","https://www.reed.co.uk/jobs/test-manager/56837852?source=searchResults&filter=%2Fjobs%2Ftesting-lead-jobs-in-united-kingdom",""
"Test and Release Manager","","","Reed","Testing Lead","🏢 Office | 📍 Brak lokalizacji","https://www.reed.co.uk/jobs/test-and-release-manager/56764062?source=searchResults&filter=%2Fjobs%2Ftesting-lead-jobs-in-united-kingdom",""
"Automation Tester - Outside IR35","","","Reed","Testing Lead","🏢 Office | 📍 Brak lokalizacji","https://www.reed.co.uk/jobs/automation-tester-outside-ir35/56736295?source=searchResults&filter=%2Fjobs%2Ftesting-lead-jobs-in-united-kingdom",""
"Programme Test Manager - Inside IR35 - REMOTE","","","Reed","Testing Lead","🏢 Office | 📍 Brak lokalizacji","https://www.reed.co.uk/jobs/programme-test-manager-inside-ir35-remote/56864530?source=searchResults&filter=%2Fjobs%2Ftesting-lead-jobs-in-united-kingdom",""
"Test Automation Manager","","","Reed","Testing Lead","🏢 Office | 📍 Brak lokalizacji","https://www.reed.co.uk/jobs/test-automation-manager/56769563?source=searchResults&filter=%2Fjobs%2Ftesting-lead-jobs-in-united-kingdom",""
"Internal Controls Tester","","","Reed","Testing Lead","🏢 Office | 📍 Brak lokalizacji","https://www.reed.co.uk/jobs/internal-controls-tester/56844404?source=searchResults&filter=%2Fjobs%2Ftesting-lead-jobs-in-united-kingdom",""
"Lead Internal Quality Assurer","","","Reed","Testing Lead","🏢 Office | 📍 Brak lokalizacji","https://www.reed.co.uk/jobs/lead-internal-quality-assurer/56852440?source=searchResults&filter=%2Fjobs%2Ftesting-lead-jobs-in-united-kingdom",""
"Head of Penetration Testing (Hands-on)","","","Reed","Testing Lead","🏢 Office | 📍 Brak lokalizacji","https://www.reed.co.uk/jobs/head-of-penetration-testing-hands-on/56761883?source=searchResults&filter=%2Fjobs%2Ftesting-lead-jobs-in-united-kingdom",""
"Senior Design Engineer","","","Reed","Testing Lead","🏢 Office | 📍 Brak lokalizacji","https://www.reed.co.uk/jobs/senior-design-engineer/56790406?source=searchResults&filter=%2Fjobs%2Ftesting-lead-jobs-in-united-kingdom",""
"Software QA Lead","","","Reed","Testing Lead","🏢 Office | 📍 Brak lokalizacji","https://www.reed.co.uk/jobs/software-qa-lead/56848224?source=searchResults&filter=%2Fjobs%2Ftesting-lead-jobs-in-united-kingdom",""
"Testing Manager","","","Reed","Testing Lead","🏢 Office | 📍 Brak lokalizacji","https://www.reed.co.uk/jobs/testing-manager/56752652?source=searchResults&filter=%2Fjobs%2Ftesting-lead-jobs-in-united-kingdom",""
"QA Test Lead","","","Reed","Test Lead","🏢 Office | 📍 Brak lokalizacji","https://www.reed.co.uk/jobs/qa-test-lead/56821661?source=searchResults&filter=%2Fjobs%2Ftest-lead-jobs-in-united-kingdom",""
"Test Automation Lead","","","Reed","Test Lead","🏢 Office | 📍 Brak lokalizacji","https://www.reed.co.uk/jobs/test-automation-lead/56804787?source=searchResults&filter=%2Fjobs%2Ftest-lead-jobs-in-united-kingdom",""
"Test Lead","","","Reed","Test Lead","🏢 Office | 📍 Brak lokalizacji","https://www.reed.co.uk/jobs/test-lead/56878121?source=searchResults&filter=%2Fjobs%2Ftest-lead-jobs-in-united-kingdom",""
"Test Lead","","","Reed","Test Lead","🏢 Office | 📍 Brak lokalizacji","https://www.reed.co.uk/jobs/test-lead/56689532?source=searchResults&filter=%2Fjobs%2Ftest-lead-jobs-in-united-kingdom",""
"Test Lead","","","Reed","Test Lead","🏢 Office | 📍 Brak lokalizacji","https://www.reed.co.uk/jobs/test-lead/56732007?source=searchResults&filter=%2Fjobs%2Ftest-lead-jobs-in-united-kingdom",""
"Electronics Test Lead","","","Reed","Test Lead","🏢 Office | 📍 Brak lokalizacji","https://www.reed.co.uk/jobs/electronics-test-lead/56719905?source=searchResults&filter=%2Fjobs%2Ftest-lead-jobs-in-united-kingdom",""
"Security Test Lead","","","Reed","Test Lead","🏢 Office | 📍 Brak lokalizacji","https://www.reed.co.uk/jobs/security-test-lead/56752614?source=searchResults&filter=%2Fjobs%2Ftest-lead-jobs-in-united-kingdom",""
"Security & Infrastructure Test Lead","","","Reed","Test Lead","🏢 Office | 📍 Brak lokalizacji","https://www.reed.co.uk/jobs/security-infrastructure-test-lead/56880373?source=searchResults&filter=%2Fjobs%2Ftest-lead-jobs-in-united-kingdom",""
"Test Lead with Active SC Clearance - London/Corsham, UK","","","Reed","Test Lead","🏢 Office | 📍 Brak lokalizacji","https://www.reed.co.uk/jobs/test-lead-with-active-sc-clearance-london-corsham-uk/56818623?source=searchResults&filter=%2Fjobs%2Ftest-lead-jobs-in-united-kingdom",""
"Lead Test Architect","","","Reed","Test Lead","🏢 Office | 📍 Brak lokalizacji","https://www.reed.co.uk/jobs/lead-test-architect/56878784?source=searchResults&filter=%2Fjobs%2Ftest-lead-jobs-in-united-kingdom",""
"Principal Test Engineer","","","Reed","Test Lead","🏢 Office | 📍 Brak lokalizacji","https://www.reed.co.uk/jobs/principal-test-engineer/56814594?source=searchResults&filter=%2Fjobs%2Ftest-lead-jobs-in-united-kingdom",""
"Lead Quality Assurance - Salesforce","","","Reed","Test Lead","🏢 Office | 📍 Brak lokalizacji","https://www.reed.co.uk/jobs/lead-quality-assurance-salesforce/56778952?source=searchResults&filter=%2Fjobs%2Ftest-lead-jobs-in-united-kingdom",""
"Lead Software Test Engineer","","","Reed","Test Lead","🏢 Office | 📍 Brak lokalizacji","https://www.reed.co.uk/jobs/lead-software-test-engineer/56878350?source=searchResults&filter=%2Fjobs%2Ftest-lead-jobs-in-united-kingdom",""
"Lead Test Engineer – 12 month – SC Cleared – Manchester","","","Reed","Test Lead","🏢 Office | 📍 Brak lokalizacji","https://www.reed.co.uk/jobs/lead-test-engineer--12-month--sc-cleared--manchester/56876926?source=searchResults&filter=%2Fjobs%2Ftest-lead-jobs-in-united-kingdom",""
"Test and Release Manager","","","Reed","Test Lead","🏢 Office | 📍 Brak lokalizacji","https://www.reed.co.uk/jobs/test-and-release-manager/56764062?source=searchResults&filter=%2Fjobs%2Ftest-lead-jobs-in-united-kingdom",""
"Test Manager","","","Reed","Test Lead","🏢 Office | 📍 Brak lokalizacji","https://www.reed.co.uk/jobs/test-manager/56837852?source=searchResults&filter=%2Fjobs%2Ftest-lead-jobs-in-united-kingdom",""
"Automation Tester - Outside IR35","","","Reed","Test Lead","🏢 Office | 📍 Brak lokalizacji","https://www.reed.co.uk/jobs/automation-tester-outside-ir35/56736295?source=searchResults&filter=%2Fjobs%2Ftest-lead-jobs-in-united-kingdom",""
"Programme Test Manager - Inside IR35 - REMOTE","","","Reed","Test Lead","🏢 Office | 📍 Brak lokalizacji","https://www.reed.co.uk/jobs/programme-test-manager-inside-ir35-remote/56864530?source=searchResults&filter=%2Fjobs%2Ftest-lead-jobs-in-united-kingdom",""
"Test Automation Manager","","","Reed","Test Lead","🏢 Office | 📍 Brak lokalizacji","https://www.reed.co.uk/jobs/test-automation-manager/56769563?source=searchResults&filter=%2Fjobs%2Ftest-lead-jobs-in-united-kingdom",""
"NPI Test Engineer","","","Reed","Test Lead","🏢 Office | 📍 Brak lokalizacji","https://www.reed.co.uk/jobs/npi-test-engineer/56877145?source=searchResults&filter=%2Fjobs%2Ftest-lead-jobs-in-united-kingdom",""
"Internal Controls Tester","","","Reed","Test Lead","🏢 Office | 📍 Brak lokalizacji","https://www.reed.co.uk/jobs/internal-controls-tester/56844404?source=searchResults&filter=%2Fjobs%2Ftest-lead-jobs-in-united-kingdom",""
"Software/Firmware Test Engineer","","","Reed","Test Lead","🏢 Office | 📍 Brak lokalizacji","https://www.reed.co.uk/jobs/software-firmware-test-engineer/56735761?source=searchResults&filter=%2Fjobs%2Ftest-lead-jobs-in-united-kingdom",""
"Head of Penetration Testing (Hands-on)","","","Reed","Test Lead","🏢 Office | 📍 Brak lokalizacji","https://www.reed.co.uk/jobs/head-of-penetration-testing-hands-on/56761883?source=searchResults&filter=%2Fjobs%2Ftest-lead-jobs-in-united-kingdom",""
"Senior Design Engineer","","","Reed","Test Lead","🏢 Office | 📍 Brak lokalizacji","https://www.reed.co.uk/jobs/senior-design-engineer/56790406?source=searchResults&filter=%2Fjobs%2Ftest-lead-jobs-in-united-kingdom",""
"Software QA Lead","","","Reed","Test Lead","🏢 Office | 📍 Brak lokalizacji","https://www.reed.co.uk/jobs/software-qa-lead/56848224?source=searchResults&filter=%2Fjobs%2Ftest-lead-jobs-in-united-kingdom",""
"QA Engineer","","","Reed","QA Engineer","🏢 Office | 📍 Brak lokalizacji","https://www.reed.co.uk/jobs/qa-engineer/56793724?source=searchResults&filter=%2Fjobs%2Fqa-engineer-jobs-in-united-kingdom",""
"QA Engineer","","","Reed","QA Engineer","🏢 Office | 📍 Brak lokalizacji","https://www.reed.co.uk/jobs/qa-engineer/56736133?source=searchResults&filter=%2Fjobs%2Fqa-engineer-jobs-in-united-kingdom",""
"QA Engineer","","","Reed","QA Engineer","🏢 Office | 📍 Brak lokalizacji","https://www.reed.co.uk/jobs/qa-engineer/56789104?source=searchResults&filter=%2Fjobs%2Fqa-engineer-jobs-in-united-kingdom",""
"QA Engineer","","","Reed","QA Engineer","🏢 Office | 📍 Brak lokalizacji","https://www.reed.co.uk/jobs/qa-engineer/56779691?source=searchResults&filter=%2Fjobs%2Fqa-engineer-jobs-in-united-kingdom",""
"QA Engineer","","","Reed","QA Engineer","🏢 Office | 📍 Brak lokalizacji","https://www.reed.co.uk/jobs/qa-engineer/56836249?source=searchResults&filter=%2Fjobs%2Fqa-engineer-jobs-in-united-kingdom",""
"QA/Test Engineer","","","Reed","QA Engineer","🏢 Office | 📍 Brak lokalizacji","https://www.reed.co.uk/jobs/qa-test-engineer/56789929?source=searchResults&filter=%2Fjobs%2Fqa-engineer-jobs-in-united-kingdom",""
"QA Automation Engineer","","","Reed","QA Engineer","🏢 Office | 📍 Brak lokalizacji","https://www.reed.co.uk/jobs/qa-automation-engineer/56848010?source=searchResults&filter=%2Fjobs%2Fqa-engineer-jobs-in-united-kingdom",""
"Quality Assurance Engineer","","","Reed","QA Engineer","🏢 Office | 📍 Brak lokalizacji","https://www.reed.co.uk/jobs/quality-assurance-engineer/56788684?source=searchResults&filter=%2Fjobs%2Fqa-engineer-jobs-in-united-kingdom",""
"Quality Assurance Engineer","","","Reed","QA Engineer","🏢 Office | 📍 Brak lokalizacji","https://www.reed.co.uk/jobs/quality-assurance-engineer/56817300?source=searchResults&filter=%2Fjobs%2Fqa-engineer-jobs-in-united-kingdom",""
"Quality Assurance Engineer","","","Reed","QA Engineer","🏢 Office | 📍 Brak lokalizacji","https://www.reed.co.uk/jobs/quality-assurance-engineer/56861589?source=searchResults&filter=%2Fjobs%2Fqa-engineer-jobs-in-united-kingdom",""
"Performance QA Engineer","","","Reed","QA Engineer","🏢 Office | 📍 Brak lokalizacji","https://www.reed.co.uk/jobs/performance-qa-engineer/56758383?source=searchResults&filter=%2Fjobs%2Fqa-engineer-jobs-in-united-kingdom",""
"QA Engineer - ServiceNow","","","Reed","QA Engineer","🏢 Office | 📍 Brak lokalizacji","https://www.reed.co.uk/jobs/qa-engineer-servicenow/56368015?source=searchResults&filter=%2Fjobs%2Fqa-engineer-jobs-in-united-kingdom",""
"Software QA Engineer","","","Reed","QA Engineer","🏢 Office | 📍 Brak lokalizacji","https://www.reed.co.uk/jobs/software-qa-engineer/56878054?source=searchResults&filter=%2Fjobs%2Fqa-engineer-jobs-in-united-kingdom",""
"Senior Quality Assurance Engineer","","","Reed","QA Engineer","🏢 Office | 📍 Brak lokalizacji","https://www.reed.co.uk/jobs/senior-quality-assurance-engineer/56824839?source=searchResults&filter=%2Fjobs%2Fqa-engineer-jobs-in-united-kingdom",""
"Operations Quality Assurance Engineer","","","Reed","QA Engineer","🏢 Office | 📍 Brak lokalizacji","https://www.reed.co.uk/jobs/operations-quality-assurance-engineer/56795068?source=searchResults&filter=%2Fjobs%2Fqa-engineer-jobs-in-united-kingdom",""
"Test Quality Assurance Engineer","","","Reed","QA Engineer","🏢 Office | 📍 Brak lokalizacji","https://www.reed.co.uk/jobs/test-quality-assurance-engineer/56868487?source=searchResults&filter=%2Fjobs%2Fqa-engineer-jobs-in-united-kingdom",""
"Hardware/QA Test Engineer","","","Reed","QA Engineer","🏢 Office | 📍 Brak lokalizacji","https://www.reed.co.uk/jobs/hardware-qa-test-engineer/56759489?source=searchResults&filter=%2Fjobs%2Fqa-engineer-jobs-in-united-kingdom",""
"QA Engineer- Selenium Experience","","","Reed","QA Engineer","🏢 Office | 📍 Brak lokalizacji","https://www.reed.co.uk/jobs/qa-engineer-selenium-experience/56765039?source=searchResults&filter=%2Fjobs%2Fqa-engineer-jobs-in-united-kingdom",""
"Junior Automation QA Engineer","","","Reed","QA Engineer","🏢 Office | 📍 Brak lokalizacji","https://www.reed.co.uk/jobs/junior-automation-qa-engineer/56812839?source=searchResults&filter=%2Fjobs%2Fqa-engineer-jobs-in-united-kingdom",""
"QA Engineer (Automation) - Manchester","","","Reed","QA Engineer","🏢 Office | 📍 Brak lokalizacji","https://www.reed.co.uk/jobs/qa-engineer-automation-manchester/56791497?source=searchResults&filter=%2Fjobs%2Fqa-engineer-jobs-in-united-kingdom",""
"Principal Quality Assurance Engineer - Stevenage","","","Reed","QA Engineer","🏢 Office | 📍 Brak lokalizacji","https://www.reed.co.uk/jobs/principal-quality-assurance-engineer-stevenage/56752744?source=searchResults&filter=%2Fjobs%2Fqa-engineer-jobs-in-united-kingdom",""
"Principal Quality Assurance Engineer - Bolton","","","Reed","QA Engineer","🏢 Office | 📍 Brak lokalizacji","https://www.reed.co.uk/jobs/principal-quality-assurance-engineer-bolton/56752767?source=searchResults&filter=%2Fjobs%2Fqa-engineer-jobs-in-united-kingdom",""
"Mobile Test Automation Engineer (QA Engineer)","","","Reed","QA Engineer","🏢 Office | 📍 Brak lokalizacji","https://www.reed.co.uk/jobs/mobile-test-automation-engineer-qa-engineer/56796132?source=searchResults&filter=%2Fjobs%2Fqa-engineer-jobs-in-united-kingdom",""
"Manufacturing Inspector/Quality Assurance Engineer","","","Reed","QA Engineer","🏢 Office | 📍 Brak lokalizacji","https://www.reed.co.uk/jobs/manufacturing-inspector-quality-assurance-engineer/56806514?source=searchResults&filter=%2Fjobs%2Fqa-engineer-jobs-in-united-kingdom",""
"Software/Firmware Test Engineer","","","Reed","QA Engineer","🏢 Office | 📍 Brak lokalizacji","https://www.reed.co.uk/jobs/software-firmware-test-engineer/56735761?source=searchResults&filter=%2Fjobs%2Fqa-engineer-jobs-in-united-kingdom",""
"QA Automation Engineer","","","Reed","QA Automation Engineer","🏢 Office | 📍 Brak lokalizacji","https://www.reed.co.uk/jobs/qa-automation-engineer/56848010?source=searchResults&filter=%2Fjobs%2Fqa-automation-engineer-jobs-in-united-kingdom",""
"Junior Automation QA Engineer","","","Reed","QA Automation Engineer","🏢 Office | 📍 Brak lokalizacji","https://www.reed.co.uk/jobs/junior-automation-qa-engineer/56812839?source=searchResults&filter=%2Fjobs%2Fqa-automation-engineer-jobs-in-united-kingdom",""
"QA Engineer (Automation) - Manchester","","","Reed","QA Automation Engineer","🏢 Office | 📍 Brak lokalizacji","https://www.reed.co.uk/jobs/qa-engineer-automation-manchester/56791497?source=searchResults&filter=%2Fjobs%2Fqa-automation-engineer-jobs-in-united-kingdom",""
"Mobile Test Automation Engineer (QA Engineer)","","","Reed","QA Automation Engineer","🏢 Office | 📍 Brak lokalizacji","https://www.reed.co.uk/jobs/mobile-test-automation-engineer-qa-engineer/56796132?source=searchResults&filter=%2Fjobs%2Fqa-automation-engineer-jobs-in-united-kingdom",""
"Software/Firmware Test Engineer","","","Reed","QA Automation Engineer","🏢 Office | 📍 Brak lokalizacji","https://www.reed.co.uk/jobs/software-firmware-test-engineer/56735761?source=searchResults&filter=%2Fjobs%2Fqa-automation-engineer-jobs-in-united-kingdom",""
"QA Engineer","","","Reed","QA Automation Engineer","🏢 Office | 📍 Brak lokalizacji","https://www.reed.co.uk/jobs/qa-engineer/56793724?source=searchResults&filter=%2Fjobs%2Fqa-automation-engineer-jobs-in-united-kingdom",""
"QA Engineer- Selenium Experience","","","Reed","QA Automation Engineer","🏢 Office | 📍 Brak lokalizacji","https://www.reed.co.uk/jobs/qa-engineer-selenium-experience/56765039?source=searchResults&filter=%2Fjobs%2Fqa-automation-engineer-jobs-in-united-kingdom",""
"Software QA Engineer","","","Reed","QA Automation Engineer","🏢 Office | 📍 Brak lokalizacji","https://www.reed.co.uk/jobs/software-qa-engineer/56878054?source=searchResults&filter=%2Fjobs%2Fqa-automation-engineer-jobs-in-united-kingdom",""
"QA Engineer","","","Reed","QA Automation Engineer","🏢 Office | 📍 Brak lokalizacji","https://www.reed.co.uk/jobs/qa-engineer/56736133?source=searchResults&filter=%2Fjobs%2Fqa-automation-engineer-jobs-in-united-kingdom",""
"QA/Test Engineer","","","Reed","QA Automation Engineer","🏢 Office | 📍 Brak lokalizacji","https://www.reed.co.uk/jobs/qa-test-engineer/56789929?source=searchResults&filter=%2Fjobs%2Fqa-automation-engineer-jobs-in-united-kingdom",""
"Test Engineer","","","Reed","QA Automation Engineer","🏢 Office | 📍 Brak lokalizacji","https://www.reed.co.uk/jobs/test-engineer/56855994?source=searchResults&filter=%2Fjobs%2Fqa-automation-engineer-jobs-in-united-kingdom",""
"Lead Automation Tester Engineer, C#, tyescript, Playwright","","","Reed","QA Automation Engineer","🏢 Office | 📍 Brak lokalizacji","https://www.reed.co.uk/jobs/lead-automation-tester-engineer-c-tyescript-playwright/56838448?source=searchResults&filter=%2Fjobs%2Fqa-automation-engineer-jobs-in-united-kingdom",""
"QA Engineer","","","Reed","QA Automation Engineer","🏢 Office | 📍 Brak lokalizacji","https://www.reed.co.uk/jobs/qa-engineer/56789104?source=searchResults&filter=%2Fjobs%2Fqa-automation-engineer-jobs-in-united-kingdom",""
"Q&A Test Engineer","","","Reed","QA Automation Engineer","🏢 Office | 📍 Brak lokalizacji","https://www.reed.co.uk/jobs/q-a-test-engineer/56772091?source=searchResults&filter=%2Fjobs%2Fqa-automation-engineer-jobs-in-united-kingdom",""
"Q&A Test Engineer","","","Reed","QA Automation Engineer","🏢 Office | 📍 Brak lokalizacji","https://www.reed.co.uk/jobs/q-a-test-engineer/56884409?source=searchResults&filter=%2Fjobs%2Fqa-automation-engineer-jobs-in-united-kingdom",""
"Lead Quality Engineer","","","Reed","QA Automation Engineer","🏢 Office | 📍 Brak lokalizacji","https://www.reed.co.uk/jobs/lead-quality-engineer/56812312?source=searchResults&filter=%2Fjobs%2Fqa-automation-engineer-jobs-in-united-kingdom",""
"Tester/ Full Stack Quality Engineer - Katalon, Hybrid - London","","","Reed","QA Automation Engineer","🔀 Hybrid | 📍 Brak lokalizacji","https://www.reed.co.uk/jobs/tester-full-stack-quality-engineer-katalon-hybrid-london/56782949?source=searchResults&filter=%2Fjobs%2Fqa-automation-engineer-jobs-in-united-kingdom",""
"Technical Customer Success Specialist - Graduate","","","Reed","QA Automation Engineer","🏢 Office | 📍 Brak lokalizacji","https://www.reed.co.uk/jobs/technical-customer-success-specialist-graduate/56865868?source=searchResults&filter=%2Fjobs%2Fqa-automation-engineer-jobs-in-united-kingdom",""
"Test Automation Lead","","","Reed","QA Automation Engineer","🏢 Office | 📍 Brak lokalizacji","https://www.reed.co.uk/jobs/test-automation-lead/56804787?source=searchResults&filter=%2Fjobs%2Fqa-automation-engineer-jobs-in-united-kingdom",""
"Automation Engineer","","","Reed","QA Automation Engineer","🏢 Office | 📍 Brak lokalizacji","https://www.reed.co.uk/jobs/automation-engineer/56675619?source=searchResults&filter=%2Fjobs%2Fqa-automation-engineer-jobs-in-united-kingdom",""
"Automation Tester","","","Reed","QA Automation Engineer","🏢 Office | 📍 Brak lokalizacji","https://www.reed.co.uk/jobs/automation-tester/56827466?source=searchResults&filter=%2Fjobs%2Fqa-automation-engineer-jobs-in-united-kingdom",""
"Associate (Electrical)","","","Reed","QA Automation Engineer","🏢 Office | 📍 Brak lokalizacji","https://www.reed.co.uk/jobs/associate-electrical/56819632?source=searchResults&filter=%2Fjobs%2Fqa-automation-engineer-jobs-in-united-kingdom",""
"Performance QA Engineer","","","Reed","QA Automation Engineer","🏢 Office | 📍 Brak lokalizacji","https://www.reed.co.uk/jobs/performance-qa-engineer/56758383?source=searchResults&filter=%2Fjobs%2Fqa-automation-engineer-jobs-in-united-kingdom",""
"Senior Quality Assurance Engineer","","","Reed","QA Automation Engineer","🏢 Office | 📍 Brak lokalizacji","https://www.reed.co.uk/jobs/senior-quality-assurance-engineer/56824839?source=searchResults&filter=%2Fjobs%2Fqa-automation-engineer-jobs-in-united-kingdom",""
"Applications Support Engineer","","","Reed","QA Automation Engineer","🏢 Office | 📍 Brak lokalizacji","https://www.reed.co.uk/jobs/applications-support-engineer/56728367?source=searchResults&filter=%2Fjobs%2Fqa-automation-engineer-jobs-in-united-kingdom",""
"Senior Test Automation Engineer (Data)","","","Reed","Test Automation Engineer","🏢 Office | 📍 Brak lokalizacji","https://www.reed.co.uk/jobs/senior-test-automation-engineer-data/56778238?source=searchResults&filter=%2Fjobs%2Ftest-automation-engineer-jobs-in-united-kingdom",""
"Mobile Test Automation Engineer (QA Engineer)","","","Reed","Test Automation Engineer","🏢 Office | 📍 Brak lokalizacji","https://www.reed.co.uk/jobs/mobile-test-automation-engineer-qa-engineer/56796132?source=searchResults&filter=%2Fjobs%2Ftest-automation-engineer-jobs-in-united-kingdom",""
"Test Automation Lead","","","Reed","Test Automation Engineer","🏢 Office | 📍 Brak lokalizacji","https://www.reed.co.uk/jobs/test-automation-lead/56804787?source=searchResults&filter=%2Fjobs%2Ftest-automation-engineer-jobs-in-united-kingdom",""
"Principal Test Engineer","","","Reed","Test Automation Engineer","🏢 Office | 📍 Brak lokalizacji","https://www.reed.co.uk/jobs/principal-test-engineer/56814594?source=searchResults&filter=%2Fjobs%2Ftest-automation-engineer-jobs-in-united-kingdom",""
"Software/Firmware Test Engineer","","","Reed","Test Automation Engineer","🏢 Office | 📍 Brak lokalizacji","https://www.reed.co.uk/jobs/software-firmware-test-engineer/56735761?source=searchResults&filter=%2Fjobs%2Ftest-automation-engineer-jobs-in-united-kingdom",""
"SC Cleared - Automation Test Engineer","","","Reed","Test Automation Engineer","🏢 Office | 📍 Brak lokalizacji","https://www.reed.co.uk/jobs/sc-cleared-automation-test-engineer/56864595?source=searchResults&filter=%2Fjobs%2Ftest-automation-engineer-jobs-in-united-kingdom",""
"Test Engineer- 3-6 month contract","","","Reed","Test Automation Engineer","🏢 Office | 📍 Brak lokalizacji","https://www.reed.co.uk/jobs/test-engineer-3-6-month-contract/56811942?source=searchResults&filter=%2Fjobs%2Ftest-automation-engineer-jobs-in-united-kingdom",""
"Automation Engineer","","","Reed","Test Automation Engineer","🏢 Office | 📍 Brak lokalizacji","https://www.reed.co.uk/jobs/automation-engineer/56675619?source=searchResults&filter=%2Fjobs%2Ftest-automation-engineer-jobs-in-united-kingdom",""
"NPI Test Engineer","","","Reed","Test Automation Engineer","🏢 Office | 📍 Brak lokalizacji","https://www.reed.co.uk/jobs/npi-test-engineer/56877145?source=searchResults&filter=%2Fjobs%2Ftest-automation-engineer-jobs-in-united-kingdom",""
"Warehouse Automation Maintenance Engineer","","","Reed","Test Automation Engineer","🏢 Office | 📍 Brak lokalizacji","https://www.reed.co.uk/jobs/warehouse-automation-maintenance-engineer/56838652?source=searchResults&filter=%2Fjobs%2Ftest-automation-engineer-jobs-in-united-kingdom",""
"Automation Analyst","","","Reed","Test Automation Engineer","🏢 Office | 📍 Brak lokalizacji","https://www.reed.co.uk/jobs/automation-analyst/56880337?source=searchResults&filter=%2Fjobs%2Ftest-automation-engineer-jobs-in-united-kingdom",""
"QA Automation Engineer","","","Reed","Test Automation Engineer","🏢 Office | 📍 Brak lokalizacji","https://www.reed.co.uk/jobs/qa-automation-engineer/56848010?source=searchResults&filter=%2Fjobs%2Ftest-automation-engineer-jobs-in-united-kingdom",""
"Avionic System Development & Test Engineer","","","Reed","Test Automation Engineer","🏢 Office | 📍 Brak lokalizacji","https://www.reed.co.uk/jobs/avionic-system-development-test-engineer/56714583?source=searchResults&filter=%2Fjobs%2Ftest-automation-engineer-jobs-in-united-kingdom",""
"QA Engineer (Automation) - Manchester","","","Reed","Test Automation Engineer","🏢 Office | 📍 Brak lokalizacji","https://www.reed.co.uk/jobs/qa-engineer-automation-manchester/56791497?source=searchResults&filter=%2Fjobs%2Ftest-automation-engineer-jobs-in-united-kingdom",""
"Junior Automation QA Engineer","","","Reed","Test Automation Engineer","🏢 Office | 📍 Brak lokalizacji","https://www.reed.co.uk/jobs/junior-automation-qa-engineer/56812839?source=searchResults&filter=%2Fjobs%2Ftest-automation-engineer-jobs-in-united-kingdom",""
"Lead Automation Tester Engineer, C#, tyescript, Playwright","","","Reed","Test Automation Engineer","🏢 Office | 📍 Brak lokalizacji","https://www.reed.co.uk/jobs/lead-automation-tester-engineer-c-tyescript-playwright/56838448?source=searchResults&filter=%2Fjobs%2Ftest-automation-engineer-jobs-in-united-kingdom",""
"Software Test Engineer","","","Reed","Test Automation Engineer","🏢 Office | 📍 Brak lokalizacji","https://www.reed.co.uk/jobs/software-test-engineer/56840898?source=searchResults&filter=%2Fjobs%2Ftest-automation-engineer-jobs-in-united-kingdom",""
"Automation Tester - Data","","","Reed","Test Automation Engineer","🏢 Office | 📍 Brak lokalizacji","https://www.reed.co.uk/jobs/automation-tester-data/56872864?source=searchResults&filter=%2Fjobs%2Ftest-automation-engineer-jobs-in-united-kingdom",""
"Automation Tester","","","Reed","Test Automation Engineer","🏢 Office | 📍 Brak lokalizacji","https://www.reed.co.uk/jobs/automation-tester/56827466?source=searchResults&filter=%2Fjobs%2Ftest-automation-engineer-jobs-in-united-kingdom",""
"Test Development Engineer","","","Reed","Test Automation Engineer","🏢 Office | 📍 Brak lokalizacji","https://www.reed.co.uk/jobs/test-development-engineer/56817667?source=searchResults&filter=%2Fjobs%2Ftest-automation-engineer-jobs-in-united-kingdom",""
"Test Engineer","","","Reed","Test Automation Engineer","🏢 Office | 📍 Brak lokalizacji","https://www.reed.co.uk/jobs/test-engineer/56855994?source=searchResults&filter=%2Fjobs%2Ftest-automation-engineer-jobs-in-united-kingdom",""
"Software Development Engineer in Test","","","Reed","Test Automation Engineer","🏢 Office | 📍 Brak lokalizacji","https://www.reed.co.uk/jobs/software-development-engineer-in-test/56831121?source=searchResults&filter=%2Fjobs%2Ftest-automation-engineer-jobs-in-united-kingdom",""
"QA/Test Engineer","","","Reed","Test Automation Engineer","🏢 Office | 📍 Brak lokalizacji","https://www.reed.co.uk/jobs/qa-test-engineer/56789929?source=searchResults&filter=%2Fjobs%2Ftest-automation-engineer-jobs-in-united-kingdom",""
"Software Engineer In Test (SDET)","","","Reed","Test Automation Engineer","🏢 Office | 📍 Brak lokalizacji","https://www.reed.co.uk/jobs/software-engineer-in-test-sdet/56786135?source=searchResults&filter=%2Fjobs%2Ftest-automation-engineer-jobs-in-united-kingdom",""
"Lead Test Engineer – 12 month – SC Cleared – Manchester","","","Reed","Test Automation Engineer","🏢 Office | 📍 Brak lokalizacji","https://www.reed.co.uk/jobs/lead-test-engineer--12-month--sc-cleared--manchester/56876926?source=searchResults&filter=%2Fjobs%2Ftest-automation-engineer-jobs-in-united-kingdom",""
"Software Engineer In Test (SDET)","","","Reed","SDET","🏢 Office | 📍 Brak lokalizacji","https://www.reed.co.uk/jobs/software-engineer-in-test-sdet/56786135?source=searchResults&filter=%2Fjobs%2Fsdet-jobs-in-united-kingdom",""
"Principal SDET/SEIT","","","Reed","SDET","🏢 Office | 📍 Brak lokalizacji","https://www.reed.co.uk/jobs/principal-sdet-seit/56840805?source=searchResults&filter=%2Fjobs%2Fsdet-jobs-in-united-kingdom",""
"SIEM Engineer","","","Reed","SDET","🏢 Office | 📍 Brak lokalizacji","https://www.reed.co.uk/jobs/siem-engineer/56822589?source=searchResults&filter=%2Fjobs%2Fsdet-jobs-in-united-kingdom",""
"QA Test Lead","","","Reed","SDET","🏢 Office | 📍 Brak lokalizacji","https://www.reed.co.uk/jobs/qa-test-lead/56821661?source=searchResults&filter=%2Fjobs%2Fsdet-jobs-in-united-kingdom",""
"QA Automation Engineer","","","Reed","SDET","🏢 Office | 📍 Brak lokalizacji","https://www.reed.co.uk/jobs/qa-automation-engineer/56848010?source=searchResults&filter=%2Fjobs%2Fsdet-jobs-in-united-kingdom",""
"QA Engineer- Selenium Experience","","","Reed","SDET","🏢 Office | 📍 Brak lokalizacji","https://www.reed.co.uk/jobs/qa-engineer-selenium-experience/56765039?source=searchResults&filter=%2Fjobs%2Fsdet-jobs-in-united-kingdom",""
"SDR Manager","","","Reed","SDET","🏢 Office | 📍 Brak lokalizacji","https://www.reed.co.uk/jobs/sdr-manager/56861939?source=searchResults&filter=%2Fjobs%2Fsdet-jobs-in-united-kingdom",""
"DevOps Tester (SC Cleared)","","","Reed","SDET","🏢 Office | 📍 Brak lokalizacji","https://www.reed.co.uk/jobs/devops-tester-sc-cleared/56815635?source=searchResults&filter=%2Fjobs%2Fsdet-jobs-in-united-kingdom",""
"QA Automation Architect","","","Reed","SDET","🏢 Office | 📍 Brak lokalizacji","https://www.reed.co.uk/jobs/qa-automation-architect/56754689?source=searchResults&filter=%2Fjobs%2Fsdet-jobs-in-united-kingdom",""
"DevOps Tester","","","Reed","SDET","🏢 Office | 📍 Brak lokalizacji","https://www.reed.co.uk/jobs/devops-tester/56784029?source=searchResults&filter=%2Fjobs%2Fsdet-jobs-in-united-kingdom",""
"Software Automation QA","","","Reed","SDET","🏢 Office | 📍 Brak lokalizacji","https://www.reed.co.uk/jobs/software-automation-qa/56836529?source=searchResults&filter=%2Fjobs%2Fsdet-jobs-in-united-kingdom",""
"Software Automation QA","","","Reed","SDET","🏢 Office | 📍 Brak lokalizacji","https://www.reed.co.uk/jobs/software-automation-qa/56863180?source=searchResults&filter=%2Fjobs%2Fsdet-jobs-in-united-kingdom",""
"Software Automation QA","","","Reed","SDET","🏢 Office | 📍 Brak lokalizacji","https://www.reed.co.uk/jobs/software-automation-qa/56813259?source=searchResults&filter=%2Fjobs%2Fsdet-jobs-in-united-kingdom",""
"Software Automation QA","","","Reed","SDET","🏢 Office | 📍 Brak lokalizacji","https://www.reed.co.uk/jobs/software-automation-qa/56718374?source=searchResults&filter=%2Fjobs%2Fsdet-jobs-in-united-kingdom",""
"CREST Penetration Tester","","","Reed","SDET","🏢 Office | 📍 Brak lokalizacji","https://www.reed.co.uk/jobs/crest-penetration-tester/56872382?source=searchResults&filter=%2Fjobs%2Fsdet-jobs-in-united-kingdom",""
"Test Development Engineer","","","Reed","SDET","🏢 Office | 📍 Brak lokalizacji","https://www.reed.co.uk/jobs/test-development-engineer/56722326?source=searchResults&filter=%2Fjobs%2Fsdet-jobs-in-united-kingdom",""
"Test Development Engineer","","","Reed","SDET","🏢 Office | 📍 Brak lokalizacji","https://www.reed.co.uk/jobs/test-development-engineer/56817667?source=searchResults&filter=%2Fjobs%2Fsdet-jobs-in-united-kingdom",""
"Test Lead with Active SC Clearance - London/Corsham, UK","","","Reed","SDET","🏢 Office | 📍 Brak lokalizacji","https://www.reed.co.uk/jobs/test-lead-with-active-sc-clearance-london-corsham-uk/56818623?source=searchResults&filter=%2Fjobs%2Fsdet-jobs-in-united-kingdom",""
"Hardware/QA Test Engineer","","","Reed","SDET","🏢 Office | 📍 Brak lokalizacji","https://www.reed.co.uk/jobs/hardware-qa-test-engineer/56759489?source=searchResults&filter=%2Fjobs%2Fsdet-jobs-in-united-kingdom",""
"Senior Penetration Tester","","","Reed","SDET","🏢 Office | 📍 Brak lokalizacji","https://www.reed.co.uk/jobs/senior-penetration-tester/56858032?source=searchResults&filter=%2Fjobs%2Fsdet-jobs-in-united-kingdom",""
"DevSecOps","","","Reed","SDET","🏢 Office | 📍 Brak lokalizacji","https://www.reed.co.uk/jobs/devsecops/56843240?source=searchResults&filter=%2Fjobs%2Fsdet-jobs-in-united-kingdom",""
"SC Cleared Tester","","","Reed","SDET","🏢 Office | 📍 Brak lokalizacji","https://www.reed.co.uk/jobs/sc-cleared-tester/56852462?source=searchResults&filter=%2Fjobs%2Fsdet-jobs-in-united-kingdom",""
"Performance QA Engineer","","","Reed","SDET","🏢 Office | 📍 Brak lokalizacji","https://www.reed.co.uk/jobs/performance-qa-engineer/56758383?source=searchResults&filter=%2Fjobs%2Fsdet-jobs-in-united-kingdom",""
"Software QA Engineer","","","Reed","SDET","🏢 Office | 📍 Brak lokalizacji","https://www.reed.co.uk/jobs/software-qa-engineer/56878054?source=searchResults&filter=%2Fjobs%2Fsdet-jobs-in-united-kingdom",""
"QA Engineer","","","Reed","SDET","🏢 Office | 📍 Brak lokalizacji","https://www.reed.co.uk/jobs/qa-engineer/56836249?source=searchResults&filter=%2Fjobs%2Fsdet-jobs-in-united-kingdom",""
"Software Engineer In Test (SDET)","","","Reed","Software Engineer in Test","🏢 Office | 📍 Brak lokalizacji","https://www.reed.co.uk/jobs/software-engineer-in-test-sdet/56786135?source=searchResults&filter=%2Fjobs%2Fsoftware-engineer-in-test-jobs-in-united-kingdom",""
"Senior Software Engineer (Test)","","","Reed","Software Engineer in Test","🏢 Office | 📍 Brak lokalizacji","https://www.reed.co.uk/jobs/senior-software-engineer-test/56758314?source=searchResults&filter=%2Fjobs%2Fsoftware-engineer-in-test-jobs-in-united-kingdom",""
"Senior Test Software Engineer","","","Reed","Software Engineer in Test","🏢 Office | 📍 Brak lokalizacji","https://www.reed.co.uk/jobs/senior-test-software-engineer/56829834?source=searchResults&filter=%2Fjobs%2Fsoftware-engineer-in-test-jobs-in-united-kingdom",""
"Software Development Engineer in Test","","","Reed","Software Engineer in Test","🏢 Office | 📍 Brak lokalizacji","https://www.reed.co.uk/jobs/software-development-engineer-in-test/56831121?source=searchResults&filter=%2Fjobs%2Fsoftware-engineer-in-test-jobs-in-united-kingdom",""
"Firmware/Software Engineer","","","Reed","Software Engineer in Test","🏢 Office | 📍 Brak lokalizacji","https://www.reed.co.uk/jobs/firmware-software-engineer/56735707?source=searchResults&filter=%2Fjobs%2Fsoftware-engineer-in-test-jobs-in-united-kingdom",""
"ADA Software Engineer","","","Reed","Software Engineer in Test","🏢 Office | 📍 Brak lokalizacji","https://www.reed.co.uk/jobs/ada-software-engineer/56861138?source=searchResults&filter=%2Fjobs%2Fsoftware-engineer-in-test-jobs-in-united-kingdom",""
"Technical Graduate - Software Development","","","Reed","Software Engineer in Test","🏢 Office | 📍 Brak lokalizacji","https://www.reed.co.uk/jobs/technical-graduate-software-development/56738072?source=searchResults&filter=%2Fjobs%2Fsoftware-engineer-in-test-jobs-in-united-kingdom",""
"Software Applications Engineer","","","Reed","Software Engineer in Test","🏢 Office | 📍 Brak lokalizacji","https://www.reed.co.uk/jobs/software-applications-engineer/56852363?source=searchResults&filter=%2Fjobs%2Fsoftware-engineer-in-test-jobs-in-united-kingdom",""
"Full Stack Software Engineer","","","Reed","Software Engineer in Test","🏢 Office | 📍 Brak lokalizacji","https://www.reed.co.uk/jobs/full-stack-software-engineer/56843612?source=searchResults&filter=%2Fjobs%2Fsoftware-engineer-in-test-jobs-in-united-kingdom",""
"PHP Engineer","","","Reed","Software Engineer in Test","🏢 Office | 📍 Brak lokalizacji","https://www.reed.co.uk/jobs/php-engineer/56863040?source=searchResults&filter=%2Fjobs%2Fsoftware-engineer-in-test-jobs-in-united-kingdom",""
"Senior Software Engineer","","","Reed","Software Engineer in Test","🏢 Office | 📍 Brak lokalizacji","https://www.reed.co.uk/jobs/senior-software-engineer/56867019?source=searchResults&filter=%2Fjobs%2Fsoftware-engineer-in-test-jobs-in-united-kingdom",""
"Senior Software Engineer","","","Reed","Software Engineer in Test","🏢 Office | 📍 Brak lokalizacji","https://www.reed.co.uk/jobs/senior-software-engineer/56864801?source=searchResults&filter=%2Fjobs%2Fsoftware-engineer-in-test-jobs-in-united-kingdom",""
"Graduate Full Stack Software Engineer","","","Reed","Software Engineer in Test","🏢 Office | 📍 Brak lokalizacji","https://www.reed.co.uk/jobs/graduate-full-stack-software-engineer/56787007?source=searchResults&filter=%2Fjobs%2Fsoftware-engineer-in-test-jobs-in-united-kingdom",""
"Electronics Project Engineer","","","Reed","Software Engineer in Test","🏢 Office | 📍 Brak lokalizacji","https://www.reed.co.uk/jobs/electronics-project-engineer/56832555?source=searchResults&filter=%2Fjobs%2Fsoftware-engineer-in-test-jobs-in-united-kingdom",""
"Software Deveopler","","","Reed","Software Engineer in Test","🏢 Office | 📍 Brak lokalizacji","https://www.reed.co.uk/jobs/software-deveopler/56738146?source=searchResults&filter=%2Fjobs%2Fsoftware-engineer-in-test-jobs-in-united-kingdom",""
"Software Engineer","","","Reed","Software Engineer in Test","🏢 Office | 📍 Brak lokalizacji","https://www.reed.co.uk/jobs/software-engineer/56865105?source=searchResults&filter=%2Fjobs%2Fsoftware-engineer-in-test-jobs-in-united-kingdom",""
"Principal Software Engineer","","","Reed","Software Engineer in Test","🏢 Office | 📍 Brak lokalizacji","https://www.reed.co.uk/jobs/principal-software-engineer/56811998?source=searchResults&filter=%2Fjobs%2Fsoftware-engineer-in-test-jobs-in-united-kingdom",""
"Senior Software Engineer","","","Reed","Software Engineer in Test","🏢 Office | 📍 Brak lokalizacji","https://www.reed.co.uk/jobs/senior-software-engineer/55768379?source=searchResults&filter=%2Fjobs%2Fsoftware-engineer-in-test-jobs-in-united-kingdom",""
"Software Developer Apprentice","","","Reed","Software Engineer in Test","🏢 Office | 📍 Brak lokalizacji","https://www.reed.co.uk/jobs/software-developer-apprentice/56813539?source=searchResults&filter=%2Fjobs%2Fsoftware-engineer-in-test-jobs-in-united-kingdom",""
"Senior Flutter Engineer","","","Reed","Software Engineer in Test","🏢 Office | 📍 Brak lokalizacji","https://www.reed.co.uk/jobs/senior-flutter-engineer/56680306?source=searchResults&filter=%2Fjobs%2Fsoftware-engineer-in-test-jobs-in-united-kingdom",""
"Avionic System Development & Test Engineer","","","Reed","Software Engineer in Test","🏢 Office | 📍 Brak lokalizacji","https://www.reed.co.uk/jobs/avionic-system-development-test-engineer/56714583?source=searchResults&filter=%2Fjobs%2Fsoftware-engineer-in-test-jobs-in-united-kingdom",""
"Senior Software Engineer","","","Reed","Software Engineer in Test","🏢 Office | 📍 Brak lokalizacji","https://www.reed.co.uk/jobs/senior-software-engineer/56817566?source=searchResults&filter=%2Fjobs%2Fsoftware-engineer-in-test-jobs-in-united-kingdom",""
"Senior Software Developer","","","Reed","Software Engineer in Test","🏢 Office | 📍 Brak lokalizacji","https://www.reed.co.uk/jobs/senior-software-developer/56782846?source=searchResults&filter=%2Fjobs%2Fsoftware-engineer-in-test-jobs-in-united-kingdom",""
"Delivery Manager (Software)","","","Reed","Software Engineer in Test","🏢 Office | 📍 Brak lokalizacji","https://www.reed.co.uk/jobs/delivery-manager-software/56878082?source=searchResults&filter=%2Fjobs%2Fsoftware-engineer-in-test-jobs-in-united-kingdom",""
"Software Engineer","","","Reed","Software Engineer in Test","🏢 Office | 📍 Brak lokalizacji","https://www.reed.co.uk/jobs/software-engineer/56829515?source=searchResults&filter=%2Fjobs%2Fsoftware-engineer-in-test-jobs-in-united-kingdom",""
"Principal Test Engineer","","","Reed","Test Engineer","🏢 Office | 📍 Brak lokalizacji","https://www.reed.co.uk/jobs/principal-test-engineer/56814594?source=searchResults&filter=%2Fjobs%2Ftest-engineer-jobs-in-united-kingdom",""
"NPI Test Engineer","","","Reed","Test Engineer","🏢 Office | 📍 Brak lokalizacji","https://www.reed.co.uk/jobs/npi-test-engineer/56877145?source=searchResults&filter=%2Fjobs%2Ftest-engineer-jobs-in-united-kingdom",""
"Software/Firmware Test Engineer","","","Reed","Test Engineer","🏢 Office | 📍 Brak lokalizacji","https://www.reed.co.uk/jobs/software-firmware-test-engineer/56735761?source=searchResults&filter=%2Fjobs%2Ftest-engineer-jobs-in-united-kingdom",""
"Avionic System Development & Test Engineer","","","Reed","Test Engineer","🏢 Office | 📍 Brak lokalizacji","https://www.reed.co.uk/jobs/avionic-system-development-test-engineer/56714583?source=searchResults&filter=%2Fjobs%2Ftest-engineer-jobs-in-united-kingdom",""
"Test Engineer","","","Reed","Test Engineer","🏢 Office | 📍 Brak lokalizacji","https://www.reed.co.uk/jobs/test-engineer/56855994?source=searchResults&filter=%2Fjobs%2Ftest-engineer-jobs-in-united-kingdom",""
"Test Engineer","","","Reed","Test Engineer","🏢 Office | 📍 Brak lokalizacji","https://www.reed.co.uk/jobs/test-engineer/56868490?source=searchResults&filter=%2Fjobs%2Ftest-engineer-jobs-in-united-kingdom",""
"Test Engineer","","","Reed","Test Engineer","🏢 Office | 📍 Brak lokalizacji","https://www.reed.co.uk/jobs/test-engineer/56873115?source=searchResults&filter=%2Fjobs%2Ftest-engineer-jobs-in-united-kingdom",""
"Test Engineer","","","Reed","Test Engineer","🏢 Office | 📍 Brak lokalizacji","https://www.reed.co.uk/jobs/test-engineer/56789437?source=searchResults&filter=%2Fjobs%2Ftest-engineer-jobs-in-united-kingdom",""
"Test Engineer","","","Reed","Test Engineer","🏢 Office | 📍 Brak lokalizacji","https://www.reed.co.uk/jobs/test-engineer/56829042?source=searchResults&filter=%2Fjobs%2Ftest-engineer-jobs-in-united-kingdom",""
"Test Engineer","","","Reed","Test Engineer","🏢 Office | 📍 Brak lokalizacji","https://www.reed.co.uk/jobs/test-engineer/56824230?source=searchResults&filter=%2Fjobs%2Ftest-engineer-jobs-in-united-kingdom",""
"Test Engineer","","","Reed","Test Engineer","🏢 Office | 📍 Brak lokalizacji","https://www.reed.co.uk/jobs/test-engineer/56852380?source=searchResults&filter=%2Fjobs%2Ftest-engineer-jobs-in-united-kingdom",""
"Test Engineer","","","Reed","Test Engineer","🏢 Office | 📍 Brak lokalizacji","https://www.reed.co.uk/jobs/test-engineer/56778791?source=searchResults&filter=%2Fjobs%2Ftest-engineer-jobs-in-united-kingdom",""
"Test Engineer","","","Reed","Test Engineer","🏢 Office | 📍 Brak lokalizacji","https://www.reed.co.uk/jobs/test-engineer/56837052?source=searchResults&filter=%2Fjobs%2Ftest-engineer-jobs-in-united-kingdom",""
"Manufacturing Test Engineer","","","Reed","Test Engineer","🏢 Office | 📍 Brak lokalizacji","https://www.reed.co.uk/jobs/manufacturing-test-engineer/56722191?source=searchResults&filter=%2Fjobs%2Ftest-engineer-jobs-in-united-kingdom",""
"Production Test Engineer","","","Reed","Test Engineer","🏢 Office | 📍 Brak lokalizacji","https://www.reed.co.uk/jobs/production-test-engineer/56773660?source=searchResults&filter=%2Fjobs%2Ftest-engineer-jobs-in-united-kingdom",""
"Manufacturing Test Engineer","","","Reed","Test Engineer","🏢 Office | 📍 Brak lokalizacji","https://www.reed.co.uk/jobs/manufacturing-test-engineer/56790162?source=searchResults&filter=%2Fjobs%2Ftest-engineer-jobs-in-united-kingdom",""
"Manufacturing Test Engineer","","","Reed","Test Engineer","🏢 Office | 📍 Brak lokalizacji","https://www.reed.co.uk/jobs/manufacturing-test-engineer/56815486?source=searchResults&filter=%2Fjobs%2Ftest-engineer-jobs-in-united-kingdom",""
"Software Test Engineer","","","Reed","Test Engineer","🏢 Office | 📍 Brak lokalizacji","https://www.reed.co.uk/jobs/software-test-engineer/56840898?source=searchResults&filter=%2Fjobs%2Ftest-engineer-jobs-in-united-kingdom",""
"Senior Test Engineer","","","Reed","Test Engineer","🏢 Office | 📍 Brak lokalizacji","https://www.reed.co.uk/jobs/senior-test-engineer/56834983?source=searchResults&filter=%2Fjobs%2Ftest-engineer-jobs-in-united-kingdom",""
"Electronics Test Engineer","","","Reed","Test Engineer","🏢 Office | 📍 Brak lokalizacji","https://www.reed.co.uk/jobs/electronics-test-engineer/56864741?source=searchResults&filter=%2Fjobs%2Ftest-engineer-jobs-in-united-kingdom",""
"Electronic Test Engineer","","","Reed","Test Engineer","🏢 Office | 📍 Brak lokalizacji","https://www.reed.co.uk/jobs/electronic-test-engineer/56728937?source=searchResults&filter=%2Fjobs%2Ftest-engineer-jobs-in-united-kingdom",""
"Electronic Test Engineer","","","Reed","Test Engineer","🏢 Office | 📍 Brak lokalizacji","https://www.reed.co.uk/jobs/electronic-test-engineer/56831561?source=searchResults&filter=%2Fjobs%2Ftest-engineer-jobs-in-united-kingdom",""
"Salesforce Test Engineer","","","Reed","Test Engineer","🏢 Office | 📍 Brak lokalizacji","https://www.reed.co.uk/jobs/salesforce-test-engineer/56871152?source=searchResults&filter=%2Fjobs%2Ftest-engineer-jobs-in-united-kingdom",""
"Transducer Test Engineer","","","Reed","Test Engineer","🏢 Office | 📍 Brak lokalizacji","https://www.reed.co.uk/jobs/transducer-test-engineer/56773040?source=searchResults&filter=%2Fjobs%2Ftest-engineer-jobs-in-united-kingdom",""
"Electronics Test Engineer","","","Reed","Test Engineer","🏢 Office | 📍 Brak lokalizacji","https://www.reed.co.uk/jobs/electronics-test-engineer/56788513?source=searchResults&filter=%2Fjobs%2Ftest-engineer-jobs-in-united-kingdom",""
"QA Test Lead","","","Reed","QA Lead","🏢 Office | 📍 Brak lokalizacji","https://www.reed.co.uk/jobs/qa-test-lead/56821661?source=searchResults&filter=%2Fjobs%2Fqa-lead-jobs-in-united-kingdom",""
"Software QA Lead","","","Reed","QA Lead","🏢 Office | 📍 Brak lokalizacji","https://www.reed.co.uk/jobs/software-qa-lead/56848224?source=searchResults&filter=%2Fjobs%2Fqa-lead-jobs-in-united-kingdom",""
"Lead Quality Assurance - Salesforce","","","Reed","QA Lead","🏢 Office | 📍 Brak lokalizacji","https://www.reed.co.uk/jobs/lead-quality-assurance-salesforce/56778952?source=searchResults&filter=%2Fjobs%2Fqa-lead-jobs-in-united-kingdom",""
"Quality Assurance Process Lead","","","Reed","QA Lead","🏢 Office | 📍 Brak lokalizacji","https://www.reed.co.uk/jobs/quality-assurance-process-lead/56883705?source=searchResults&filter=%2Fjobs%2Fqa-lead-jobs-in-united-kingdom",""
"Quality Assurance Process Lead","","","Reed","QA Lead","🏢 Office | 📍 Brak lokalizacji","https://www.reed.co.uk/jobs/quality-assurance-process-lead/56883709?source=searchResults&filter=%2Fjobs%2Fqa-lead-jobs-in-united-kingdom",""
"Quality Assurance Process Lead","","","Reed","QA Lead","🏢 Office | 📍 Brak lokalizacji","https://www.reed.co.uk/jobs/quality-assurance-process-lead/56883620?source=searchResults&filter=%2Fjobs%2Fqa-lead-jobs-in-united-kingdom",""
"Quality Assurance Process Lead","","","Reed","QA Lead","🏢 Office | 📍 Brak lokalizacji","https://www.reed.co.uk/jobs/quality-assurance-process-lead/56883666?source=searchResults&filter=%2Fjobs%2Fqa-lead-jobs-in-united-kingdom",""
"Quality Assurance Process Lead","","","Reed","QA Lead","🏢 Office | 📍 Brak lokalizacji","https://www.reed.co.uk/jobs/quality-assurance-process-lead/56883611?source=searchResults&filter=%2Fjobs%2Fqa-lead-jobs-in-united-kingdom",""
"QA Supervisor/ QC Manager","","","Reed","QA Lead","🏢 Office | 📍 Brak lokalizacji","https://www.reed.co.uk/jobs/qa-supervisor-qc-manager/56791456?source=searchResults&filter=%2Fjobs%2Fqa-lead-jobs-in-united-kingdom",""
"Quality Team Leader - Supplier Pillar","","","Reed","QA Lead","🏢 Office | 📍 Brak lokalizacji","https://www.reed.co.uk/jobs/quality-team-leader-supplier-pillar/56793626?source=searchResults&filter=%2Fjobs%2Fqa-lead-jobs-in-united-kingdom",""
"Lead Internal Quality Assurer","","","Reed","QA Lead","🏢 Office | 📍 Brak lokalizacji","https://www.reed.co.uk/jobs/lead-internal-quality-assurer/56852440?source=searchResults&filter=%2Fjobs%2Fqa-lead-jobs-in-united-kingdom",""
"Contract QA Consultant","","","Reed","QA Lead","🏢 Office | 📍 Brak lokalizacji","https://www.reed.co.uk/jobs/contract-qa-consultant/56796290?source=searchResults&filter=%2Fjobs%2Fqa-lead-jobs-in-united-kingdom",""
"Test Lead","","","Reed","QA Lead","🏢 Office | 📍 Brak lokalizacji","https://www.reed.co.uk/jobs/test-lead/56689532?source=searchResults&filter=%2Fjobs%2Fqa-lead-jobs-in-united-kingdom",""
"QA Officer","","","Reed","QA Lead","🏢 Office | 📍 Brak lokalizacji","https://www.reed.co.uk/jobs/qa-officer/56792905?source=searchResults&filter=%2Fjobs%2Fqa-lead-jobs-in-united-kingdom",""
"QA Officer","","","Reed","QA Lead","🏢 Office | 📍 Brak lokalizacji","https://www.reed.co.uk/jobs/qa-officer/56792518?source=searchResults&filter=%2Fjobs%2Fqa-lead-jobs-in-united-kingdom",""
"QA Officer","","","Reed","QA Lead","🏢 Office | 📍 Brak lokalizacji","https://www.reed.co.uk/jobs/qa-officer/56792637?source=searchResults&filter=%2Fjobs%2Fqa-lead-jobs-in-united-kingdom",""
"Quality Assurance Analyst","","","Reed","QA Lead","🏢 Office | 📍 Brak lokalizacji","https://www.reed.co.uk/jobs/quality-assurance-analyst/56711570?source=searchResults&filter=%2Fjobs%2Fqa-lead-jobs-in-united-kingdom",""
"Quality Assurance Supervisor","","","Reed","QA Lead","🏢 Office | 📍 Brak lokalizacji","https://www.reed.co.uk/jobs/quality-assurance-supervisor/56812931?source=searchResults&filter=%2Fjobs%2Fqa-lead-jobs-in-united-kingdom",""
"QA Auditor","","","Reed","QA Lead","🏢 Office | 📍 Brak lokalizacji","https://www.reed.co.uk/jobs/qa-auditor/56839922?source=searchResults&filter=%2Fjobs%2Fqa-lead-jobs-in-united-kingdom",""
"Test Lead","","","Reed","QA Lead","🏢 Office | 📍 Brak lokalizacji","https://www.reed.co.uk/jobs/test-lead/56878121?source=searchResults&filter=%2Fjobs%2Fqa-lead-jobs-in-united-kingdom",""
"Quality Zone Manager","","","Reed","QA Lead","🏢 Office | 📍 Brak lokalizacji","https://www.reed.co.uk/jobs/quality-zone-manager/56850874?source=searchResults&filter=%2Fjobs%2Fqa-lead-jobs-in-united-kingdom",""
"Quality Assurance Manager","","","Reed","QA Lead","🏢 Office | 📍 Brak lokalizacji","https://www.reed.co.uk/jobs/quality-assurance-manager/56833625?source=searchResults&filter=%2Fjobs%2Fqa-lead-jobs-in-united-kingdom",""
"Quality Assurance Manager","","","Reed","QA Lead","🏢 Office | 📍 Brak lokalizacji","https://www.reed.co.uk/jobs/quality-assurance-manager/56801984?source=searchResults&filter=%2Fjobs%2Fqa-lead-jobs-in-united-kingdom",""
"Quality Assurance Manager","","","Reed","QA Lead","🏢 Office | 📍 Brak lokalizacji","https://www.reed.co.uk/jobs/quality-assurance-manager/56802062?source=searchResults&filter=%2Fjobs%2Fqa-lead-jobs-in-united-kingdom",""
"Quality Assurance Manager","","","Reed","QA Lead","🏢 Office | 📍 Brak lokalizacji","https://www.reed.co.uk/jobs/quality-assurance-manager/56801923?source=searchResults&filter=%2Fjobs%2Fqa-lead-jobs-in-united-kingdom",""
"C++ / C# Software Developer","The Recruitment Bureau  Ltd","Northampton, Northamptonshire","Adzuna (TotalJobs+)","Software QA Engineer","🏢 Office | 🚗 2h 26min ❌ | 🚌 ~3h 24min","https://www.adzuna.co.uk/jobs/land/ad/5725376521?se=WDIsyRdN8RGHY9bA3YfIxQ&utm_medium=api&utm_source=fec81443&v=B65400A52EB0BB31F1235458B36EC27BC1742C88","2026-05-10"
"Principal QA Engineer","MRJ Recruitment","Manchester, Greater Manchester","Adzuna (TotalJobs+)","Software QA Engineer","🏢 Office | 🚗 1h 26min | 🚌 ~2h 35min","https://www.adzuna.co.uk/jobs/land/ad/5724832016?se=WDIsyRdN8RGHY9bA3YfIxQ&utm_medium=api&utm_source=fec81443&v=3FE8439E80930D0D0B1879877EAEDDBEF4F3C23B","2026-05-10"
"Senior Wi-fi Test Engineer","Infinity Quest UK","UK","Adzuna (TotalJobs+)","Software QA Engineer","🏢 Office | 📍 Brak lokalizacji","https://www.adzuna.co.uk/jobs/details/5720640182?utm_medium=api&utm_source=fec81443","2026-05-06"
"Senior Gameplay Programmer","Cloud Imperium Games Limited","Manchester, Greater Manchester","Adzuna (TotalJobs+)","Software QA Engineer","🏢 Office | 🚗 1h 13min | 🚌 ~2h 12min 💾","https://www.adzuna.co.uk/jobs/details/5720610934?utm_medium=api&utm_source=fec81443","2026-05-06"
"QA Engineer / Software Tester","","UK","Adzuna (TotalJobs+)","Software QA Engineer","🏢 Office | 📍 Brak lokalizacji","https://www.adzuna.co.uk/jobs/details/5719092071?utm_medium=api&utm_source=fec81443","2026-05-05"
"Lead Quality Engineer","Preservica","UK","Adzuna (TotalJobs+)","Software QA Engineer","🏢 Office | 📍 Brak lokalizacji","https://www.adzuna.co.uk/jobs/details/5714838817?utm_medium=api&utm_source=fec81443","2026-04-30"
"Software Engineer","Uniting Ambition","UK","Adzuna (TotalJobs+)","Software QA Engineer","🏢 Office | 📍 Brak lokalizacji","https://www.adzuna.co.uk/jobs/land/ad/5714521071?se=WDIsyRdN8RGHY9bA3YfIxQ&utm_medium=api&utm_source=fec81443&v=6208CD6272AA4C1DB2C3F195100171FC17B0E65E","2026-04-30"
"Software QA Analyst","MoneyPlus","Manchester, Greater Manchester","Adzuna (TotalJobs+)","Software QA Engineer","🏢 Office | 🚗 1h 26min | 🚌 ~2h 35min","https://www.adzuna.co.uk/jobs/land/ad/5714352086?se=WDIsyRdN8RGHY9bA3YfIxQ&utm_medium=api&utm_source=fec81443&v=D554C4BD21829373F55F8787F750A6F88F576774","2026-04-30"
"RF Test Engineer","Rowden","Bristol, South West England","Adzuna (TotalJobs+)","Software QA Engineer","🏢 Office | 🚗 1h 52min | 🚌 ~2h 37min","https://www.adzuna.co.uk/jobs/land/ad/5708447613?se=WDIsyRdN8RGHY9bA3YfIxQ&utm_medium=api&utm_source=fec81443&v=BDB39D976345D483B8441CFEB83A92F55ECB0BC3","2026-04-23"
"Lead Quality Engineer","Preservica","Dry Sandford, Abingdon","Adzuna (TotalJobs+)","Software QA Engineer","🏢 Office | 🚗 2h 50min ❌ | 🚌 ~3h 57min","https://www.adzuna.co.uk/jobs/land/ad/5707213055?se=WDIsyRdN8RGHY9bA3YfIxQ&utm_medium=api&utm_source=fec81443&v=B8423DD4475FB6ABF8788FAFEF8BFB5E6DBCCCBF","2026-04-22"
"Software QA Engineer","KLA","UK","Adzuna (TotalJobs+)","Software QA Engineer","🏢 Office | 📍 Brak lokalizacji","https://www.adzuna.co.uk/jobs/details/5704449295?utm_medium=api&utm_source=fec81443","2026-04-19"
"Software Team Lead","Smartbox Assistive Technology","Bristol, South West England","Adzuna (TotalJobs+)","Software QA Engineer","🏢 Office | 🚗 1h 52min | 🚌 ~2h 37min","https://www.adzuna.co.uk/jobs/land/ad/5701274891?se=WDIsyRdN8RGHY9bA3YfIxQ&utm_medium=api&utm_source=fec81443&v=F366B76A249FF8F65E7D67EC47F2BE5CCD068DF4","2026-04-16"
"Software Team Lead","Get Staffed Online Recruitment Limited","Bristol, South West England","Adzuna (TotalJobs+)","Software QA Engineer","🏢 Office | 🚗 1h 52min | 🚌 ~2h 37min","https://www.adzuna.co.uk/jobs/land/ad/5701149402?se=WDIsyRdN8RGHY9bA3YfIxQ&utm_medium=api&utm_source=fec81443&v=8F5B212BB76CAFDC3E3575D615734075C7830380","2026-04-16"
"Software Team Lead","Smartbox Assistive Technology","UK","Adzuna (TotalJobs+)","Software QA Engineer","🏢 Office | 📍 Brak lokalizacji","https://www.adzuna.co.uk/jobs/details/5700008193?utm_medium=api&utm_source=fec81443","2026-04-15"
"Software Team Lead","Get Staffed Online Recruitment","Bristol, South West England","Adzuna (TotalJobs+)","Software QA Engineer","🏢 Office | 🚗 1h 52min | 🚌 ~2h 37min 💾","https://www.adzuna.co.uk/jobs/details/5699487430?utm_medium=api&utm_source=fec81443","2026-04-15"
"Senior Delivery Manager","Informed Solutions","Altrincham, Greater Manchester","Adzuna (TotalJobs+)","Software QA Automation Engineer","🏢 Office | 🚗 1h 3min | 🚌 ~1h 54min 💾","https://www.adzuna.co.uk/jobs/details/5457262885?utm_medium=api&utm_source=fec81443","2025-10-21"
"Project Manager","Erin Associates","Lytham, Lytham St. Annes","Adzuna (TotalJobs+)","Testing Lead","🏢 Office | 🚗 1h 44min | 🚌 ~3h 8min","https://www.adzuna.co.uk/jobs/land/ad/5725668490?se=LjXkyRdN8RGnMap5hKkm1g&utm_medium=api&utm_source=fec81443&v=DEB2419FF7FDFD3D644FB79FED583AD72A37433F","2026-05-11"
"Outbound Onboarding Manager","Workwell","Chester, Cheshire","Adzuna (TotalJobs+)","Testing Lead","🏢 Office | 🚗 31min | 🚌 ~56min","https://www.adzuna.co.uk/jobs/land/ad/5725666483?se=LjXkyRdN8RGnMap5hKkm1g&utm_medium=api&utm_source=fec81443&v=3167AF53518C669CF98D6F6A6C87511A6C2EBF65","2026-05-11"
"Learning Management System Manager","Turning Point","Manchester Science Park, Manchester","Adzuna (TotalJobs+)","Testing Lead","🏢 Office | 🚗 1h 18min | 🚌 ~2h 20min","https://www.adzuna.co.uk/jobs/land/ad/5725664870?se=LjXkyRdN8RGnMap5hKkm1g&utm_medium=api&utm_source=fec81443&v=BE25720DACB982071461E461695F04FC1A8C2705","2026-05-11"
"CREST Penetration Tester","Oscar Associates  Limited","Gloucester, Gloucestershire","Adzuna (TotalJobs+)","Testing Lead","🏢 Office | 🚗 2h 26min ❌ | 🚌 ~3h 24min","https://www.adzuna.co.uk/jobs/land/ad/5725663074?se=LjXkyRdN8RGnMap5hKkm1g&utm_medium=api&utm_source=fec81443&v=CE3785A40DB2828782C7FE22C59686873E85006E","2026-05-11"
"Salesforce Business Analyst","Intellect Design Arena Ltd","Cirencester, Gloucestershire","Adzuna (TotalJobs+)","Testing Lead","🏢 Office | 🚗 2h 38min ❌ | 🚌 ~3h 42min","https://www.adzuna.co.uk/jobs/details/5725590803?utm_medium=api&utm_source=fec81443","2026-05-11"
"Automation Test Lead","Rebel Recruitment Limited","The Park, Nottingham","Adzuna (TotalJobs+)","Testing Lead","🏢 Office | 🚗 2h 11min ❌ | 🚌 ~3h 3min","https://www.adzuna.co.uk/jobs/details/5725554326?utm_medium=api&utm_source=fec81443","2026-05-11"
"Data Migration Lead","Opus People Solutions Ltd","Far Cotton, Northampton","Adzuna (TotalJobs+)","Testing Lead","🏢 Office | 🚗 2h 22min ❌ | 🚌 ~3h 19min","https://www.adzuna.co.uk/jobs/details/5725554165?utm_medium=api&utm_source=fec81443","2026-05-11"
"Lead Test Engineer","Tatton Recruitment","Brooklands, Sale","Adzuna (TotalJobs+)","Testing Lead","🏢 Office | 🚗 1h 8min | 🚌 ~2h 3min","https://www.adzuna.co.uk/jobs/details/5725554178?utm_medium=api&utm_source=fec81443","2026-05-11"
"SAP Programme Manager","Infused Solutions Ltd","Collyhurst, Manchester","Adzuna (TotalJobs+)","Testing Lead","🏢 Office | 🚗 1h 29min | 🚌 ~2h 41min","https://www.adzuna.co.uk/jobs/details/5725554099?utm_medium=api&utm_source=fec81443","2026-05-11"
"Product Owner - Operational Resilience","ECS Resource Group Ltd","Great Packington, Meriden","Adzuna (TotalJobs+)","Testing Lead","🏢 Office | 🚗 1h 48min | 🚌 ~2h 31min","https://www.adzuna.co.uk/jobs/details/5725553642?utm_medium=api&utm_source=fec81443","2026-05-11"
"Senior Penetration Tester","VIQU IT","Ladywood, Birmingham","Adzuna (TotalJobs+)","Testing Lead","🏢 Office | 🚗 1h 49min | 🚌 ~2h 32min","https://www.adzuna.co.uk/jobs/details/5725553716?utm_medium=api&utm_source=fec81443","2026-05-11"
"Automation Test Lead","Roc Search Europe Limited","Holbeck, Leeds","Adzuna (TotalJobs+)","Testing Lead","🏢 Office | 🚗 1h 55min | 🚌 ~2h 42min","https://www.adzuna.co.uk/jobs/details/5725553655?utm_medium=api&utm_source=fec81443","2026-05-11"
"HR Systems Analyst","Reed Technology","Hulme, Manchester","Adzuna (TotalJobs+)","Testing Lead","🏢 Office | 🚗 1h 18min | 🚌 ~2h 21min","https://www.adzuna.co.uk/jobs/details/5725553532?utm_medium=api&utm_source=fec81443","2026-05-11"
"HR Systems Support Analyst","Reed Technology","Hulme, Manchester","Adzuna (TotalJobs+)","Testing Lead","🏢 Office | 🚗 1h 18min | 🚌 ~2h 21min","https://www.adzuna.co.uk/jobs/details/5725553290?utm_medium=api&utm_source=fec81443","2026-05-11"
"Senior Quality Engineer","TXP","Hockley, Birmingham","Adzuna (TotalJobs+)","Testing Lead","🏢 Office | 🚗 1h 47min | 🚌 ~2h 30min","https://www.adzuna.co.uk/jobs/details/5725553117?utm_medium=api&utm_source=fec81443","2026-05-11"
"Senior Software Developer","E.surv Limited","Kettering, Northamptonshire","Adzuna (TotalJobs+)","Testing Lead","🏢 Office | 🚗 2h 23min ❌ | 🚌 ~3h 20min","https://www.adzuna.co.uk/jobs/details/5725552839?utm_medium=api&utm_source=fec81443","2026-05-11"
"SAP Time Functional Consultant","Guidant Global","Broughton, Brigg","Adzuna (TotalJobs+)","Testing Lead","🏢 Office | 🚗 2h 37min ❌ | 🚌 ~3h 39min","https://www.adzuna.co.uk/jobs/details/5725552720?utm_medium=api&utm_source=fec81443","2026-05-11"
"Product Test Lead","Rullion - Eon","The Park, Nottingham","Adzuna (TotalJobs+)","Testing Lead","🏢 Office | 🚗 2h 11min ❌ | 🚌 ~3h 3min","https://www.adzuna.co.uk/jobs/details/5725552632?utm_medium=api&utm_source=fec81443","2026-05-11"
"Senior Automation Engineer Contract Dublin","Adecco","UK","Adzuna (TotalJobs+)","Testing Lead","🏢 Office | 📍 Brak lokalizacji","https://www.adzuna.co.uk/jobs/details/5725552543?utm_medium=api&utm_source=fec81443","2026-05-11"
"Senior Test Engineer","Access Computer Consulting","Holbeck, Leeds","Adzuna (TotalJobs+)","Testing Lead","🏢 Office | 🚗 1h 55min | 🚌 ~2h 42min","https://www.adzuna.co.uk/jobs/details/5725552625?utm_medium=api&utm_source=fec81443","2026-05-11"
"Test Driven Development Lead","Tatton Recruitment","Brooklands, Sale","Adzuna (TotalJobs+)","Testing Lead","🏢 Office | 🚗 1h 8min | 🚌 ~2h 3min","https://www.adzuna.co.uk/jobs/details/5725552518?utm_medium=api&utm_source=fec81443","2026-05-11"
"Senior Test Analyst","VIQU IT","Ladywood, Birmingham","Adzuna (TotalJobs+)","Testing Lead","🏢 Office | 🚗 1h 49min | 🚌 ~2h 32min","https://www.adzuna.co.uk/jobs/details/5725552019?utm_medium=api&utm_source=fec81443","2026-05-11"
"Test and Release Manager","VIQU IT","Ladywood, Birmingham","Adzuna (TotalJobs+)","Testing Lead","🏢 Office | 🚗 1h 49min | 🚌 ~2h 32min","https://www.adzuna.co.uk/jobs/details/5725551818?utm_medium=api&utm_source=fec81443","2026-05-11"
"Test Automation Lead","Howdens Joinery","Raunds, Wellingborough","Adzuna (TotalJobs+)","Testing Lead","🏢 Office | 🚗 2h 37min ❌ | 🚌 ~3h 39min","https://www.adzuna.co.uk/jobs/details/5725551848?utm_medium=api&utm_source=fec81443","2026-05-11"
"Customer Outcome Manager","Capital One UK","Belgrave, Leicester","Adzuna (TotalJobs+)","Testing Lead","🏢 Office | 🚗 2h 18min ❌ | 🚌 ~3h 14min","https://www.adzuna.co.uk/jobs/details/5725544839?utm_medium=api&utm_source=fec81443","2026-05-11"
"Customer Outcome Manager","Capital One UK","Sneinton, Nottingham","Adzuna (TotalJobs+)","Testing Lead","🏢 Office | 🚗 2h 15min ❌ | 🚌 ~3h 9min","https://www.adzuna.co.uk/jobs/details/5725544853?utm_medium=api&utm_source=fec81443","2026-05-11"
"Project Manager","Erin Associates","Lytham, Lytham St. Annes","Adzuna (TotalJobs+)","Test Lead","🏢 Office | 🚗 1h 44min | 🚌 ~3h 8min","https://www.adzuna.co.uk/jobs/land/ad/5725668490?se=kjlYyhdN8RGHY9bA3YfIxQ&utm_medium=api&utm_source=fec81443&v=DEB2419FF7FDFD3D644FB79FED583AD72A37433F","2026-05-11"
"Outbound Onboarding Manager","Workwell","Chester, Cheshire","Adzuna (TotalJobs+)","Test Lead","🏢 Office | 🚗 31min | 🚌 ~56min","https://www.adzuna.co.uk/jobs/land/ad/5725666483?se=kjlYyhdN8RGHY9bA3YfIxQ&utm_medium=api&utm_source=fec81443&v=3167AF53518C669CF98D6F6A6C87511A6C2EBF65","2026-05-11"
"Learning Management System Manager","Turning Point","Manchester Science Park, Manchester","Adzuna (TotalJobs+)","Test Lead","🏢 Office | 🚗 1h 18min | 🚌 ~2h 20min","https://www.adzuna.co.uk/jobs/land/ad/5725664870?se=kjlYyhdN8RGHY9bA3YfIxQ&utm_medium=api&utm_source=fec81443&v=BE25720DACB982071461E461695F04FC1A8C2705","2026-05-11"
"CREST Penetration Tester","Oscar Associates  Limited","Gloucester, Gloucestershire","Adzuna (TotalJobs+)","Test Lead","🏢 Office | 🚗 2h 26min ❌ | 🚌 ~3h 24min","https://www.adzuna.co.uk/jobs/land/ad/5725663074?se=kjlYyhdN8RGHY9bA3YfIxQ&utm_medium=api&utm_source=fec81443&v=CE3785A40DB2828782C7FE22C59686873E85006E","2026-05-11"
"Automation Engineer","Maxwell Bond","Trafford Park, Manchester","Adzuna (TotalJobs+)","QA Engineer","🏢 Office | 🚗 1h 11min | 🚌 ~2h 7min","https://www.adzuna.co.uk/jobs/details/5725554034?utm_medium=api&utm_source=fec81443","2026-05-11"
"Senior QA Engineer","Morson Edge","Eccles, Manchester","Adzuna (TotalJobs+)","QA Engineer","🏢 Office | 🚗 1h 14min | 🚌 ~2h 13min","https://www.adzuna.co.uk/jobs/details/5725553919?utm_medium=api&utm_source=fec81443","2026-05-11"
"Product Manager","ST Talent Ltd","Holbeck, Leeds","Adzuna (TotalJobs+)","QA Engineer","🏢 Office | 🚗 1h 55min | 🚌 ~2h 42min","https://www.adzuna.co.uk/jobs/details/5725553364?utm_medium=api&utm_source=fec81443","2026-05-11"
"Senior Python Developer - Ipswich (Part-Time)","Mploy Group","UK","Adzuna (TotalJobs+)","QA Engineer","🏢 Office | 📍 Brak lokalizacji","https://www.adzuna.co.uk/jobs/details/5725553343?utm_medium=api&utm_source=fec81443","2026-05-11"
"Senior Python Developer - Ipswich (2 days per week)","Mploy Group","UK","Adzuna (TotalJobs+)","QA Engineer","🏢 Office | 📍 Brak lokalizacji","https://www.adzuna.co.uk/jobs/details/5725553334?utm_medium=api&utm_source=fec81443","2026-05-11"
"Senior Front End Developer - Birmingham","TXP","Hockley, Birmingham","Adzuna (TotalJobs+)","QA Engineer","🏢 Office | 🚗 1h 47min | 🚌 ~2h 30min","https://www.adzuna.co.uk/jobs/details/5725553198?utm_medium=api&utm_source=fec81443","2026-05-11"
"Senior Product Manager","First Achieve Ltd","Hulme, Manchester","Adzuna (TotalJobs+)","QA Engineer","🏢 Office | 🚗 1h 18min | 🚌 ~2h 21min","https://www.adzuna.co.uk/jobs/details/5725552947?utm_medium=api&utm_source=fec81443","2026-05-11"
"Site Reliability Engineer","Fuel Recruitment","Radway, Warwick","Adzuna (TotalJobs+)","QA Engineer","🏢 Office | 🚗 2h 19min ❌ | 🚌 ~3h 15min","https://www.adzuna.co.uk/jobs/details/5725552528?utm_medium=api&utm_source=fec81443","2026-05-11"
"Quality Assurance Engineer - Filton","MBDA UK","Filton, Bristol","Adzuna (TotalJobs+)","QA Engineer","🏢 Office | 🚗 2h 49min ❌ | 🚌 ~3h 57min","https://www.adzuna.co.uk/jobs/details/5725551970?utm_medium=api&utm_source=fec81443","2026-05-11"
"C++ / C# Software Developer","The Recruitment Bureau  Ltd","Northampton, Northamptonshire","Adzuna (TotalJobs+)","QA Engineer","🏢 Office | 🚗 2h 26min ❌ | 🚌 ~3h 24min","https://www.adzuna.co.uk/jobs/land/ad/5725376521?se=ppaByxdN8RGHY9bA3YfIxQ&utm_medium=api&utm_source=fec81443&v=B65400A52EB0BB31F1235458B36EC27BC1742C88","2026-05-10"
"QC Inspector","Boccard UK Limited","Deeside Industrial Park, Deeside","Adzuna (TotalJobs+)","QA Engineer","🏢 Office | 🚗 35min | 🚌 ~1h 4min","https://www.adzuna.co.uk/jobs/land/ad/5724981795?se=ppaByxdN8RGHY9bA3YfIxQ&utm_medium=api&utm_source=fec81443&v=FFA4CD5A284747A7638C0D8A6FC6F95E50DF2756","2026-05-10"
"Senior .NET Developer","MRJ Recruitment","Manchester, Greater Manchester","Adzuna (TotalJobs+)","QA Engineer","🏢 Office | 🚗 1h 26min | 🚌 ~2h 35min","https://www.adzuna.co.uk/jobs/land/ad/5724832391?se=ppaByxdN8RGHY9bA3YfIxQ&utm_medium=api&utm_source=fec81443&v=A48D275338CFEBEF6197681FA9CE62A6602BBB40","2026-05-10"
"Lead Frontend Developer","Oakwell Hampton Group","West Yorkshire, Yorkshire And The Humber","Adzuna (TotalJobs+)","QA Engineer","🏢 Office | 🚗 1h 45min | 🚌 ~2h 28min","https://www.adzuna.co.uk/jobs/land/ad/5724832343?se=ppaByxdN8RGHY9bA3YfIxQ&utm_medium=api&utm_source=fec81443&v=AFDAD5419EFC8FD9C8B9659D3A8A3A289488F37A","2026-05-10"
"Principal QA Engineer","MRJ Recruitment","Manchester, Greater Manchester","Adzuna (TotalJobs+)","QA Engineer","🏢 Office | 🚗 1h 26min | 🚌 ~2h 35min","https://www.adzuna.co.uk/jobs/land/ad/5724832016?se=ppaByxdN8RGHY9bA3YfIxQ&utm_medium=api&utm_source=fec81443&v=3FE8439E80930D0D0B1879877EAEDDBEF4F3C23B","2026-05-10"
"NDT, Welding Quality Control Inspectors","Boccard","Deeside, Flintshire","Adzuna (TotalJobs+)","QA Engineer","🏢 Office | 🚗 32min | 🚌 ~58min","https://www.adzuna.co.uk/jobs/land/ad/5724832012?se=ppaByxdN8RGHY9bA3YfIxQ&utm_medium=api&utm_source=fec81443&v=E01891AC7F33818AEA359B431C9054FF47FED96F","2026-05-10"
"Senior Software Engineer","MRJ Recruitment","UK","Adzuna (TotalJobs+)","QA Engineer","🏢 Office | 📍 Brak lokalizacji","https://www.adzuna.co.uk/jobs/land/ad/5724831547?se=ppaByxdN8RGHY9bA3YfIxQ&utm_medium=api&utm_source=fec81443&v=AFD17AF387ECCFF7B56154F0CD634C02588B31F4","2026-05-10"
"Junior-Mid QA Engineer","MRJ Recruitment","UK","Adzuna (TotalJobs+)","QA Engineer","🏢 Office | 📍 Brak lokalizacji","https://www.adzuna.co.uk/jobs/land/ad/5724831490?se=ppaByxdN8RGHY9bA3YfIxQ&utm_medium=api&utm_source=fec81443&v=808D249EA8F24712646F9A2A002B915840E83A13","2026-05-10"
"Business Analyst","Lorien","Manchester, Greater Manchester","Adzuna (TotalJobs+)","QA Engineer","🏢 Office | 🚗 1h 26min | 🚌 ~2h 35min","https://www.adzuna.co.uk/jobs/details/5724831242?utm_medium=api&utm_source=fec81443","2026-05-10"
"Test Analyst","Noir","UK","Adzuna (TotalJobs+)","QA Engineer","🏢 Office | 📍 Brak lokalizacji","https://www.adzuna.co.uk/jobs/land/ad/5724830927?se=ppaByxdN8RGHY9bA3YfIxQ&utm_medium=api&utm_source=fec81443&v=432526B8021067FF1D4267A62DD50CECFFBC12E8","2026-05-10"
"Manufacturing Performance Lead","Nestle","Wirral, Cheshire","Adzuna (TotalJobs+)","QA Engineer","🏢 Office | 🚗 43min | 🚌 ~1h 17min","https://www.adzuna.co.uk/jobs/details/5724688785?utm_medium=api&utm_source=fec81443","2026-05-10"
"Senior AI Product Engineer","StarCompliance","York, North Yorkshire","Adzuna (TotalJobs+)","QA Engineer","🏢 Office | 🚗 2h 24min ❌ | 🚌 ~3h 22min","https://www.adzuna.co.uk/jobs/details/5724616097?utm_medium=api&utm_source=fec81443","2026-05-09"
"Associate Engineer, GxP IT Support","ModernaTX","UK","Adzuna (TotalJobs+)","QA Automation Engineer","🏢 Office | 📍 Brak lokalizacji","https://www.adzuna.co.uk/jobs/details/5722139591?utm_medium=api&utm_source=fec81443","2026-05-07"
"Senior QA Engineer","Lucanet Group","UK","Adzuna (TotalJobs+)","QA Automation Engineer","🏢 Office | 📍 Brak lokalizacji","https://www.adzuna.co.uk/jobs/details/5722130847?utm_medium=api&utm_source=fec81443","2026-05-07"
"QA Automation Engineer","Howdens Joinery","UK","Adzuna (TotalJobs+)","QA Automation Engineer","🏢 Office | 📍 Brak lokalizacji","https://www.adzuna.co.uk/jobs/details/5720169656?utm_medium=api&utm_source=fec81443","2026-05-06"
"Quality Assurance Automation Engineer","Lorien","Leeds, West Yorkshire","Adzuna (TotalJobs+)","QA Automation Engineer","🏢 Office | 🚗 2h 4min ❌ | 🚌 ~2h 53min","https://www.adzuna.co.uk/jobs/land/ad/5718406932?se=bilC0xdN8RGHY9bA3YfIxQ&utm_medium=api&utm_source=fec81443&v=BB1F243AF9FC8E711F08A5FA23D5DC718B9C1939","2026-05-04"
"Engineering Manager","Myn","Manchester, Greater Manchester","Adzuna (TotalJobs+)","QA Automation Engineer","🏢 Office | 🚗 1h 26min | 🚌 ~2h 35min","https://www.adzuna.co.uk/jobs/land/ad/5715945311?se=bilC0xdN8RGHY9bA3YfIxQ&utm_medium=api&utm_source=fec81443&v=1812B87A9ADB8619E5479C9E2C2D508A611C4041","2026-05-01"
"QA Automation Engineer","Lorien","Leeds, West Yorkshire","Adzuna (TotalJobs+)","QA Automation Engineer","🏢 Office | 🚗 2h 4min ❌ | 🚌 ~2h 53min","https://www.adzuna.co.uk/jobs/land/ad/5715792897?se=bilC0xdN8RGHY9bA3YfIxQ&utm_medium=api&utm_source=fec81443&v=6D365FF3E3B90EFE9963426BAB8421EB6D4411C8","2026-05-01"
"Sr. Quality Assurance Engineer w/Detox Testing Experience","Concentrix","UK","Adzuna (TotalJobs+)","QA Automation Engineer","🏢 Office | 📍 Brak lokalizacji","https://www.adzuna.co.uk/jobs/land/ad/5711116799?se=bilC0xdN8RGHY9bA3YfIxQ&utm_medium=api&utm_source=fec81443&v=F71EA2295CEF4A0B99E730E3FFBB639AD9F83C61","2026-04-26"
"QA Automation Engineer","Amex","Manchester, Greater Manchester","Adzuna (TotalJobs+)","QA Automation Engineer","🏢 Office | 🚗 1h 27min | 🚌 ~2h 36min 💾","https://www.adzuna.co.uk/jobs/details/5710436257?utm_medium=api&utm_source=fec81443","2026-04-25"
"Quality Assurance Analyst","Coforge","Telford, Shropshire","Adzuna (TotalJobs+)","QA Automation Engineer","🏢 Office | 🚗 1h 6min | 🚌 ~1h 59min","https://www.adzuna.co.uk/jobs/land/ad/5709976913?se=bilC0xdN8RGHY9bA3YfIxQ&utm_medium=api&utm_source=fec81443&v=EBB5DB979FB4740B87B5F75718AFBF9E21C23A16","2026-04-25"
"DevOps Engineer","DXC Technology","UK","Adzuna (TotalJobs+)","QA Automation Engineer","🏢 Office | 📍 Brak lokalizacji","https://www.adzuna.co.uk/jobs/details/5707198284?utm_medium=api&utm_source=fec81443","2026-04-22"
"Software Test Engineer","TRIA","Milton Keynes, Buckinghamshire","Adzuna (TotalJobs+)","QA Automation Engineer","🏢 Office | 🚗 2h 37min ❌ | 🚌 ~3h 40min","https://www.adzuna.co.uk/jobs/land/ad/5704596495?se=bilC0xdN8RGHY9bA3YfIxQ&utm_medium=api&utm_source=fec81443&v=2F3DC54E41CC53BBDBBA7C43C5541D4C09FF6CDE","2026-04-19"
"Senior Qa Engineer","coforge","Hinkshay, Telford","Adzuna (TotalJobs+)","QA Automation Engineer","🏢 Office | 🚗 1h 12min | 🚌 ~2h 9min 💾","https://www.adzuna.co.uk/jobs/details/5701573622?utm_medium=api&utm_source=fec81443","2026-04-16"
"QA Engineer (Automation) - Manchester","Forward Role","Manchester, Greater Manchester","Adzuna (TotalJobs+)","QA Automation Engineer","🏢 Office | 🚗 1h 27min | 🚌 ~2h 36min 💾","https://www.adzuna.co.uk/jobs/details/5701541532?utm_medium=api&utm_source=fec81443","2026-04-16"
"Senior Automation QA Engineer (Data Engineering)","IntaPeople","UK","Adzuna (TotalJobs+)","QA Automation Engineer","🏢 Office | 📍 Brak lokalizacji","https://www.adzuna.co.uk/jobs/land/ad/5701480520?se=bilC0xdN8RGHY9bA3YfIxQ&utm_medium=api&utm_source=fec81443&v=27BDACD79ED24EA476819ECC5AEAD27F697E1827","2026-04-16"
"Senior QA Automation Engineer","StorMagic","Bristol, South West England","Adzuna (TotalJobs+)","QA Automation Engineer","🏢 Office | 🚗 1h 52min | 🚌 ~2h 37min 💾","https://www.adzuna.co.uk/jobs/details/5698054360?utm_medium=api&utm_source=fec81443","2026-04-13"
"Automation Test Engineer","Howden","UK","Adzuna (TotalJobs+)","QA Automation Engineer","🏢 Office | 📍 Brak lokalizacji","https://www.adzuna.co.uk/jobs/land/ad/5697410417?se=bilC0xdN8RGHY9bA3YfIxQ&utm_medium=api&utm_source=fec81443&v=8BF4726A00F906E1E59458E7EEB9DAA08AC5E21C","2026-04-12"
"QA Automation Engineer - Scotland","Accenture","UK","Adzuna (TotalJobs+)","QA Automation Engineer","🏢 Office | 📍 Brak lokalizacji","https://www.adzuna.co.uk/jobs/details/5695506114?utm_medium=api&utm_source=fec81443","2026-04-10"
"Freelance Agent Evaluation Engineer","Mindrift","UK","Adzuna (TotalJobs+)","Test Automation Engineer","🏢 Office | 📍 Brak lokalizacji","https://www.adzuna.co.uk/jobs/details/5725667638?utm_medium=api&utm_source=fec81443","2026-05-11"
"Freelance Agent Evaluation Engineer","Mindrift","Manchester, Greater Manchester","Adzuna (TotalJobs+)","Test Automation Engineer","🏢 Office | 🚗 1h 26min | 🚌 ~2h 35min","https://www.adzuna.co.uk/jobs/details/5725667636?utm_medium=api&utm_source=fec81443","2026-05-11"
"Automation Test Engineer","Morson Edge","Eccles, Manchester","Adzuna (TotalJobs+)","Test Automation Engineer","🏢 Office | 🚗 1h 14min | 🚌 ~2h 13min","https://www.adzuna.co.uk/jobs/details/5725553852?utm_medium=api&utm_source=fec81443","2026-05-11"
"Senior C++ Developer","MRJ Recruitment","Manchester, Greater Manchester","Adzuna (TotalJobs+)","Test Automation Engineer","🏢 Office | 🚗 1h 26min | 🚌 ~2h 35min","https://www.adzuna.co.uk/jobs/land/ad/5724832404?se=0CvQ1hdN8RGHY9bA3YfIxQ&utm_medium=api&utm_source=fec81443&v=DF9E7EEBF1EC92919B14A4B153541D245DCF7365","2026-05-10"
"Lead Test Engineer / Principal SDET","GTC Recruitment","Birmingham, West Midlands","Adzuna (TotalJobs+)","Test Automation Engineer","🏢 Office | 🚗 1h 44min | 🚌 ~2h 25min","https://www.adzuna.co.uk/jobs/land/ad/5724832348?se=0CvQ1hdN8RGHY9bA3YfIxQ&utm_medium=api&utm_source=fec81443&v=92081897E8FF8037AC409CE48847A3A4E6F3D86F","2026-05-10"
"Engineering Technician","IC Resources","Oxford, Oxfordshire","Adzuna (TotalJobs+)","Test Automation Engineer","🏢 Office | 🚗 2h 51min ❌ | 🚌 ~3h 59min","https://www.adzuna.co.uk/jobs/land/ad/5724832070?se=0CvQ1hdN8RGHY9bA3YfIxQ&utm_medium=api&utm_source=fec81443&v=11E3B378B36F4AC71253B9A8AB16F81B2DDE5E4F","2026-05-10"
"Senior Software Engineer, Node/Typescript","Roku","Manchester, Greater Manchester","Adzuna (TotalJobs+)","Test Automation Engineer","🏢 Office | 🚗 1h 26min | 🚌 ~2h 35min","https://www.adzuna.co.uk/jobs/details/5723451124?utm_medium=api&utm_source=fec81443","2026-05-08"
"Lead Test Engineer – 12 month – SC Cleared – Manchester","INTEC SELECT LIMITED","Manchester, Greater Manchester","Adzuna (TotalJobs+)","Test Automation Engineer","🏢 Office | 🚗 1h 26min | 🚌 ~2h 35min","https://www.adzuna.co.uk/jobs/land/ad/5723044743?se=0CvQ1hdN8RGHY9bA3YfIxQ&utm_medium=api&utm_source=fec81443&v=876ED30F8E2CA62C697FC2F828D0F9E926ED26FE","2026-05-08"
"Lead Test Engineer – 12 month – SC Cleared – Manchester","Intec Select Ltd","Rusholme, Manchester","Adzuna (TotalJobs+)","Test Automation Engineer","🏢 Office | 🚗 1h 16min | 🚌 ~2h 17min","https://www.adzuna.co.uk/jobs/land/ad/5723002582?se=0CvQ1hdN8RGHY9bA3YfIxQ&utm_medium=api&utm_source=fec81443&v=37C8BAA9F038F1A50EA7BE4EE679D9EC5271232C","2026-05-08"
"Lead Test Engineer","InvitISE Ltd","Hyde Park, Leeds","Adzuna (TotalJobs+)","Test Automation Engineer","🏢 Office | 🚗 1h 54min | 🚌 ~2h 39min 💾","https://www.adzuna.co.uk/jobs/details/5722158869?utm_medium=api&utm_source=fec81443","2026-05-07"
"Head of Engineering","Reconomy","Bridgetown, Stratford-Upon-Avon","Adzuna (TotalJobs+)","Test Automation Engineer","🏢 Office | 🚗 2h 16min ❌ | 🚌 ~3h 11min 💾","https://www.adzuna.co.uk/jobs/details/5722148948?utm_medium=api&utm_source=fec81443","2026-05-07"
"Senior Automation Test Engineer","CACI","Cheltenham, Gloucestershire","Adzuna (TotalJobs+)","Test Automation Engineer","🏢 Office | 🚗 2h 27min ❌ | 🚌 ~3h 25min","https://www.adzuna.co.uk/jobs/details/5722148531?utm_medium=api&utm_source=fec81443","2026-05-07"
"Software Engineer - Testing automation","Geniez AI","UK","Adzuna (TotalJobs+)","Test Automation Engineer","🏢 Office | 📍 Brak lokalizacji","https://www.adzuna.co.uk/jobs/land/ad/5721354237?se=0CvQ1hdN8RGHY9bA3YfIxQ&utm_medium=api&utm_source=fec81443&v=39F4CF780C305A07781496EF02E7C989EECFD920","2026-05-07"
"De-Fleet - Product Data Analyst (12-month Secondment)","Motability Operations","Bristol, South West England","Adzuna (TotalJobs+)","Test Automation Engineer","🏢 Office | 🚗 1h 52min | 🚌 ~2h 37min 💾","https://www.adzuna.co.uk/jobs/details/5721112120?utm_medium=api&utm_source=fec81443","2026-05-07"
"Site Manager","Hays","Milton Keynes, Buckinghamshire","Adzuna (TotalJobs+)","Test Automation Engineer","🏢 Office | 🚗 2h 37min ❌ | 🚌 ~3h 39min 💾","https://www.adzuna.co.uk/jobs/details/5720681306?utm_medium=api&utm_source=fec81443","2026-05-06"
"Software Engineer in Test (SDET)","The Portfolio Group","Manchester Science Park, Manchester","Adzuna (TotalJobs+)","SDET","🏢 Office | 🚗 1h 18min | 🚌 ~2h 20min","https://www.adzuna.co.uk/jobs/details/5725554305?utm_medium=api&utm_source=fec81443","2026-05-11"
"Principal SDET/SEIT","The Portfolio Group","Manchester Science Park, Manchester","Adzuna (TotalJobs+)","SDET","🏢 Office | 🚗 1h 18min | 🚌 ~2h 20min","https://www.adzuna.co.uk/jobs/details/5725553462?utm_medium=api&utm_source=fec81443","2026-05-11"
"Lead Test Engineer / Principal SDET","GTC Recruitment","Birmingham, West Midlands","Adzuna (TotalJobs+)","SDET","🏢 Office | 🚗 1h 44min | 🚌 ~2h 25min","https://www.adzuna.co.uk/jobs/land/ad/5724832348?se=XAIf2hdN8RGHY9bA3YfIxQ&utm_medium=api&utm_source=fec81443&v=92081897E8FF8037AC409CE48847A3A4E6F3D86F","2026-05-10"
"Lead Test Engineer/Principal SDET - Central Government","Spinwell Global","Leeds, West Yorkshire","Adzuna (TotalJobs+)","SDET","🏢 Office | 🚗 2h 4min ❌ | 🚌 ~2h 53min","https://www.adzuna.co.uk/jobs/details/5724590435?utm_medium=api&utm_source=fec81443","2026-05-09"
"Lead Test Engineer","Evodia Limited","Leeds, West Yorkshire","Adzuna (TotalJobs+)","SDET","🏢 Office | 🚗 2h 4min ❌ | 🚌 ~2h 53min","https://www.adzuna.co.uk/jobs/details/5723143457?utm_medium=api&utm_source=fec81443","2026-05-08"
"Senior SDET","Experian","Nottingham, Nottinghamshire","Adzuna (TotalJobs+)","SDET","🏢 Office | 🚗 2h 8min ❌ | 🚌 ~2h 59min 💾","https://www.adzuna.co.uk/jobs/details/5721953937?utm_medium=api&utm_source=fec81443","2026-05-07"
"Software Development Engineer In Test","Protect Line LTD","UK","Adzuna (TotalJobs+)","SDET","🏢 Office | 📍 Brak lokalizacji","https://www.adzuna.co.uk/jobs/details/5721848948?utm_medium=api&utm_source=fec81443","2026-05-07"
"Senior Automation Tester (Python) – Agentic AI & LLM Systems (Hybrid)","Resillion","Birmingham, West Midlands","Adzuna (TotalJobs+)","SDET","🔀 Hybrid | 🚗 1h 42min | 🚌 ~2h 23min 💾","https://www.adzuna.co.uk/jobs/details/5720030104?utm_medium=api&utm_source=fec81443","2026-05-06"
"Senior Automation Tester (Python) – Agentic AI & LLM Systems (Hybrid)","Resillion","Leeds, West Yorkshire","Adzuna (TotalJobs+)","SDET","🔀 Hybrid | 🚗 1h 57min | 🚌 ~2h 43min 💾","https://www.adzuna.co.uk/jobs/details/5720030126?utm_medium=api&utm_source=fec81443","2026-05-06"
"Senior Automation Tester (Python) – Agentic AI & LLM Systems (Hybrid)","Resillion","Manchester, Greater Manchester","Adzuna (TotalJobs+)","SDET","🔀 Hybrid | 🚗 1h 21min | 🚌 ~2h 26min 💾","https://www.adzuna.co.uk/jobs/details/5720030069?utm_medium=api&utm_source=fec81443","2026-05-06"
"Lead SDET","Experian","Nottingham, Nottinghamshire","Adzuna (TotalJobs+)","SDET","🏢 Office | 🚗 2h 10min ❌ | 🚌 ~3h 1min 💾","https://www.adzuna.co.uk/jobs/details/5720029881?utm_medium=api&utm_source=fec81443","2026-05-06"
"Quality Assurance Automation Engineer","Lorien","Leeds, West Yorkshire","Adzuna (TotalJobs+)","SDET","🏢 Office | 🚗 2h 4min ❌ | 🚌 ~2h 53min","https://www.adzuna.co.uk/jobs/land/ad/5718406932?se=XAIf2hdN8RGHY9bA3YfIxQ&utm_medium=api&utm_source=fec81443&v=BB1F243AF9FC8E711F08A5FA23D5DC718B9C1939","2026-05-04"
"QA Automation Engineer","Lorien","Leeds, West Yorkshire","Adzuna (TotalJobs+)","SDET","🏢 Office | 🚗 2h 4min ❌ | 🚌 ~2h 53min","https://www.adzuna.co.uk/jobs/land/ad/5715792897?se=XAIf2hdN8RGHY9bA3YfIxQ&utm_medium=api&utm_source=fec81443&v=6D365FF3E3B90EFE9963426BAB8421EB6D4411C8","2026-05-01"
"Principal SDET/SEIT","The Portfolio Group","Rusholme, Manchester","Adzuna (TotalJobs+)","SDET","🏢 Office | 🚗 1h 16min | 🚌 ~2h 17min","https://www.adzuna.co.uk/jobs/land/ad/5713824788?se=XAIf2hdN8RGHY9bA3YfIxQ&utm_medium=api&utm_source=fec81443&v=4E26FD99C4C620BDE6686B2F432FC97060C905F7","2026-04-29"
"Principal SDET/SEIT","The Portfolio Group","Manchester, Greater Manchester","Adzuna (TotalJobs+)","SDET","🏢 Office | 🚗 1h 26min | 🚌 ~2h 35min","https://www.adzuna.co.uk/jobs/land/ad/5713819589?se=XAIf2hdN8RGHY9bA3YfIxQ&utm_medium=api&utm_source=fec81443&v=9BF55E066D229A525AFA1A6702667A0ABE156B07","2026-04-29"
"Senior Software Engineer","Tatton Recruitment","Brooklands, Sale","Adzuna (TotalJobs+)","Software Engineer in Test","🏢 Office | 🚗 1h 8min | 🚌 ~2h 3min","https://www.adzuna.co.uk/jobs/details/5725554096?utm_medium=api&utm_source=fec81443","2026-05-11"
"Software Developer Apprentice","MASS","South Hinksey, Oxford","Adzuna (TotalJobs+)","Software Engineer in Test","🏢 Office | 🚗 2h 45min ❌ | 🚌 ~3h 51min","https://www.adzuna.co.uk/jobs/details/5725553352?utm_medium=api&utm_source=fec81443","2026-05-11"
"Software Architect","Morson Edge","Eccles, Manchester","Adzuna (TotalJobs+)","Software Engineer in Test","🏢 Office | 🚗 1h 14min | 🚌 ~2h 13min","https://www.adzuna.co.uk/jobs/details/5725553217?utm_medium=api&utm_source=fec81443","2026-05-11"
"Senior Software Developer","VIQU IT Recruitment","Ladywood, Birmingham","Adzuna (TotalJobs+)","Software Engineer in Test","🏢 Office | 🚗 1h 49min | 🚌 ~2h 32min","https://www.adzuna.co.uk/jobs/details/5725552507?utm_medium=api&utm_source=fec81443","2026-05-11"
"Senior Software Developer","VIQU IT","Ladywood, Birmingham","Adzuna (TotalJobs+)","Software Engineer in Test","🏢 Office | 🚗 1h 49min | 🚌 ~2h 32min","https://www.adzuna.co.uk/jobs/details/5725552431?utm_medium=api&utm_source=fec81443","2026-05-11"
"AI Software Engineer","Fruition Group","Holbeck, Leeds","Adzuna (TotalJobs+)","Software Engineer in Test","🏢 Office | 🚗 1h 55min | 🚌 ~2h 42min","https://www.adzuna.co.uk/jobs/details/5725552346?utm_medium=api&utm_source=fec81443","2026-05-11"
"PVIT Engineer /Lead BEV Engineer","Affluent Technology Limited","Warwickshire, West Midlands","Adzuna (TotalJobs+)","Software Engineer in Test","🏢 Office | 🚗 1h 44min | 🚌 ~2h 25min","https://www.adzuna.co.uk/jobs/land/ad/5724831990?se=RBY-3RdN8RGHY9bA3YfIxQ&utm_medium=api&utm_source=fec81443&v=99C59F91F022E5669B01CFD19AF32E968AC75C42","2026-05-10"
"Principal QA Engineer","MRJ Recruitment","Manchester, Greater Manchester","Adzuna (TotalJobs+)","Software Engineer in Test","🏢 Office | 🚗 1h 26min | 🚌 ~2h 35min","https://www.adzuna.co.uk/jobs/land/ad/5724832016?se=RBY-3RdN8RGHY9bA3YfIxQ&utm_medium=api&utm_source=fec81443&v=3FE8439E80930D0D0B1879877EAEDDBEF4F3C23B","2026-05-10"
"Lead Software Test Engineer","Nicholas Associates","Warwick, Warwickshire","Adzuna (TotalJobs+)","Software Engineer in Test","🏢 Office | 🚗 2h 8min ❌ | 🚌 ~3h","https://www.adzuna.co.uk/jobs/land/ad/5724832055?se=RBY-3RdN8RGHY9bA3YfIxQ&utm_medium=api&utm_source=fec81443&v=D9ED132E6DCFB0759007E236CCDF9D190A54410F","2026-05-10"
"SENIOR SOFTWARE INTEGRATION & TEST ENGINEER - ADAS INFOTAINMENT VISUALISATION HMI","JLR","Gaydon, Warwick","Adzuna (TotalJobs+)","Software Engineer in Test","🏢 Office | 🚗 2h 11min ❌ | 🚌 ~3h 4min","https://www.adzuna.co.uk/jobs/land/ad/5724831425?se=RBY-3RdN8RGHY9bA3YfIxQ&utm_medium=api&utm_source=fec81443&v=135DC4AAF9BA980819543B808AFCA91828D9CAC5","2026-05-10"
"Software Engineer","Refeyn","Oxford, Oxfordshire","Adzuna (TotalJobs+)","Software Engineer in Test","🏢 Office | 🚗 2h 51min ❌ | 🚌 ~3h 59min","https://www.adzuna.co.uk/jobs/details/5724611031?utm_medium=api&utm_source=fec81443","2026-05-09"
"(197990) AWS Senior Data Engineer","Harnham","UK","Adzuna (TotalJobs+)","Software Engineer in Test","🏢 Office | 📍 Brak lokalizacji","https://www.adzuna.co.uk/jobs/land/ad/5724258532?se=RBY-3RdN8RGHY9bA3YfIxQ&utm_medium=api&utm_source=fec81443&v=7C8C52A0FB6ACC0F07DCAF09D6881240D695D7FA","2026-05-09"
"Vehicle Technician","Euro Projects Recruitment","Burbage, Hinckley","Adzuna (TotalJobs+)","Test Engineer","🏢 Office | 🚗 2h | 🚌 ~2h 48min","https://www.adzuna.co.uk/jobs/land/ad/5725667954?se=TBsk4BdN8RGet_aYIayg-g&utm_medium=api&utm_source=fec81443&v=29074346260397676B3698EC0E29D4CC6098FA3E","2026-05-11"
"Senior Data Architect","Harvey Nash","Leeds, West Yorkshire","Adzuna (TotalJobs+)","Test Engineer","🏢 Office | 🚗 2h 4min ❌ | 🚌 ~2h 53min","https://www.adzuna.co.uk/jobs/land/ad/5725667876?se=TBsk4BdN8RGet_aYIayg-g&utm_medium=api&utm_source=fec81443&v=47CC4301A22021A3A45D18E4DEFBF2BAD760E8EF","2026-05-11"
"Test & Validation Engineer","Yolk Recruitment Limited","Ysbytty Fields, Abergavenny","Adzuna (TotalJobs+)","Test Engineer","🏢 Office | 🚗 2h 44min ❌ | 🚌 ~3h 49min","https://www.adzuna.co.uk/jobs/land/ad/5725667877?se=TBsk4BdN8RGet_aYIayg-g&utm_medium=api&utm_source=fec81443&v=C77A7E62BF266B48C4F044C456E8166EBEF3ABEB","2026-05-11"
"HVAC Design Engineer","Euro Projects Recruitment","Nottingham, Nottinghamshire","Adzuna (TotalJobs+)","Test Engineer","🏢 Office | 🚗 2h 15min ❌ | 🚌 ~3h 9min","https://www.adzuna.co.uk/jobs/land/ad/5725666399?se=TBsk4BdN8RGet_aYIayg-g&utm_medium=api&utm_source=fec81443&v=DF291D921607153E19E492AFA05E448111A935AA","2026-05-11"
"Test Engineer","DWP Digital","Staining, Lancashire","Adzuna (TotalJobs+)","Test Engineer","🏢 Office | 🚗 1h 38min | 🚌 ~2h 18min","https://www.adzuna.co.uk/jobs/details/5725553267?utm_medium=api&utm_source=fec81443","2026-05-11"
"Lead Frontend Developer","Fynity","Great Packington, Meriden","Adzuna (TotalJobs+)","QA Lead","🏢 Office | 🚗 1h 48min | 🚌 ~2h 31min","https://www.adzuna.co.uk/jobs/details/5725553872?utm_medium=api&utm_source=fec81443","2026-05-11"
"Senior Python Developer","Tech4 Ltd","Newbridge, Wolverhampton","Adzuna (TotalJobs+)","QA Lead","🏢 Office | 🚗 1h 19min | 🚌 ~2h 22min","https://www.adzuna.co.uk/jobs/details/5725553013?utm_medium=api&utm_source=fec81443","2026-05-11"
"Quality Assurance Process Lead","Capital One UK","Belgrave, Leicester","Adzuna (TotalJobs+)","QA Lead","🏢 Office | 🚗 2h 18min ❌ | 🚌 ~3h 14min","https://www.adzuna.co.uk/jobs/details/5725544836?utm_medium=api&utm_source=fec81443","2026-05-11"
"Quality Assurance Process Lead","Capital One UK","Spondon, Derby","Adzuna (TotalJobs+)","QA Lead","🏢 Office | 🚗 1h 54min | 🚌 ~2h 39min","https://www.adzuna.co.uk/jobs/details/5725544767?utm_medium=api&utm_source=fec81443","2026-05-11"
"Quality Assurance Process Lead","Capital One UK","Sneinton, Nottingham","Adzuna (TotalJobs+)","QA Lead","🏢 Office | 🚗 2h 15min ❌ | 🚌 ~3h 9min","https://www.adzuna.co.uk/jobs/details/5725544716?utm_medium=api&utm_source=fec81443","2026-05-11"
"Quality Assurance Process Lead","Capital One UK","Woodthorpe, Loughborough","Adzuna (TotalJobs+)","QA Lead","🏢 Office | 🚗 2h 10min ❌ | 🚌 ~3h 1min","https://www.adzuna.co.uk/jobs/details/5725544703?utm_medium=api&utm_source=fec81443","2026-05-11"
"Quality Assurance Process Lead","Capital One UK","Harlow Wood, Mansfield","Adzuna (TotalJobs+)","QA Lead","🏢 Office | 🚗 2h 18min ❌ | 🚌 ~3h 13min","https://www.adzuna.co.uk/jobs/details/5725544684?utm_medium=api&utm_source=fec81443","2026-05-11"
"Quality Assurance Process Lead","Capital One UK","Sneinton, Nottingham","Adzuna (TotalJobs+)","QA Lead","🏢 Office | 🚗 2h 15min ❌ | 🚌 ~3h 9min","https://www.adzuna.co.uk/jobs/land/ad/5725524370?se=IFmh4hdN8RGet_aYIayg-g&utm_medium=api&utm_source=fec81443&v=B2CFEA33B01A616E848AA26E89F0C0B3830415FC","2026-05-11"
"Quality Assurance Process Lead","Capital One UK","Spondon, Derby","Adzuna (TotalJobs+)","QA Lead","🏢 Office | 🚗 1h 54min | 🚌 ~2h 39min","https://www.adzuna.co.uk/jobs/land/ad/5725524362?se=IFmh4hdN8RGet_aYIayg-g&utm_medium=api&utm_source=fec81443&v=720CD90E58E0BBDA9EE4C4C57AC9298358FB4336","2026-05-11"
"Quality Assurance Process Lead","Capital One UK","Belgrave, Leicester","Adzuna (TotalJobs+)","QA Lead","🏢 Office | 🚗 2h 18min ❌ | 🚌 ~3h 14min","https://www.adzuna.co.uk/jobs/land/ad/5725524349?se=IFmh4hdN8RGet_aYIayg-g&utm_medium=api&utm_source=fec81443&v=A45E708FCA994E5F415A72BAB4CF908FC6567C75","2026-05-11"
"Quality Assurance Process Lead","Capital One UK","Woodthorpe, Loughborough","Adzuna (TotalJobs+)","QA Lead","🏢 Office | 🚗 2h 10min ❌ | 🚌 ~3h 1min","https://www.adzuna.co.uk/jobs/land/ad/5725524231?se=IFmh4hdN8RGet_aYIayg-g&utm_medium=api&utm_source=fec81443&v=D72644EF6FD9950F20B90EF4E2B6209F1EDBE530","2026-05-11"
"Quality Assurance Process Lead","Capital One UK","Harlow Wood, Mansfield","Adzuna (TotalJobs+)","QA Lead","🏢 Office | 🚗 2h 18min ❌ | 🚌 ~3h 13min","https://www.adzuna.co.uk/jobs/land/ad/5725524214?se=IFmh4hdN8RGet_aYIayg-g&utm_medium=api&utm_source=fec81443&v=580E42272B0088D5747079644A4EBCC9164B86E1","2026-05-11"
"C++ / C# Software Developer","The Recruitment Bureau  Ltd","Northampton, Northamptonshire","Adzuna (TotalJobs+)","QA Lead","🏢 Office | 🚗 2h 26min ❌ | 🚌 ~3h 24min","https://www.adzuna.co.uk/jobs/land/ad/5725376521?se=IFmh4hdN8RGet_aYIayg-g&utm_medium=api&utm_source=fec81443&v=B65400A52EB0BB31F1235458B36EC27BC1742C88","2026-05-10"
"Principal QA Engineer","MRJ Recruitment","Manchester, Greater Manchester","Adzuna (TotalJobs+)","QA Lead","🏢 Office | 🚗 1h 26min | 🚌 ~2h 35min","https://www.adzuna.co.uk/jobs/land/ad/5724832016?se=IFmh4hdN8RGet_aYIayg-g&utm_medium=api&utm_source=fec81443&v=3FE8439E80930D0D0B1879877EAEDDBEF4F3C23B","2026-05-10"
"Graduate / Apprentice AI Developer","Uinsure","Manchester, Greater Manchester","Adzuna (TotalJobs+)","QA Lead","🏢 Office | 🚗 1h 26min | 🚌 ~2h 35min","https://www.adzuna.co.uk/jobs/land/ad/5724831930?se=IFmh4hdN8RGet_aYIayg-g&utm_medium=api&utm_source=fec81443&v=35AC19622A36D05B230B26BF9A21ACCD7E286212","2026-05-10"
"DevOps Engineer","AIRDAT Ltd","UK","Adzuna (TotalJobs+)","QA Lead","🏢 Office | 📍 Brak lokalizacji","https://www.adzuna.co.uk/jobs/land/ad/5724831529?se=IFmh4hdN8RGet_aYIayg-g&utm_medium=api&utm_source=fec81443&v=73B3281900481115E3B4B31F14801CE66E340F78","2026-05-10"
"Quality Assurance Process Lead","Capital One","UK","Adzuna (TotalJobs+)","QA Lead","🏢 Office | 📍 Brak lokalizacji","https://www.adzuna.co.uk/jobs/land/ad/5724600719?se=IFmh4hdN8RGet_aYIayg-g&utm_medium=api&utm_source=fec81443&v=BD780FC604CCC47BF7A9AF74EE626E26DA930768","2026-05-09"
"Senior Specialist QA","Stryker","UK","Adzuna (TotalJobs+)","QA Lead","🏢 Office | 📍 Brak lokalizacji","https://www.adzuna.co.uk/jobs/details/5723441325?utm_medium=api&utm_source=fec81443","2026-05-08"
"Automation Test Lead","Rebel Recruitment Limited","Bestwood Village, Nottingham","Adzuna (TotalJobs+)","QA Lead","🏢 Office | 🚗 2h 12min ❌ | 🚌 ~3h 5min","https://www.adzuna.co.uk/jobs/land/ad/5723079663?se=IFmh4hdN8RGet_aYIayg-g&utm_medium=api&utm_source=fec81443&v=E2B8969A472699491AAAD859207B74F4F79ACE22","2026-05-08"
"Lead Investigator","Almac Group  Ltd","Loughborough, Leicestershire","Adzuna (TotalJobs+)","QA Lead","🏢 Office | 🚗 2h 7min ❌ | 🚌 ~2h 58min","https://www.adzuna.co.uk/jobs/land/ad/5722871301?se=IFmh4hdN8RGet_aYIayg-g&utm_medium=api&utm_source=fec81443&v=308B53C55B0B55BE9CDAE2EC34B77B0C4E1C60A9","2026-05-08"
"Quality & Technical Manager","Cavendish Maine","Lancashire, North West England","Adzuna (TotalJobs+)","QA Lead","🏢 Office | 🚗 1h 39min | 🚌 ~2h 19min","https://www.adzuna.co.uk/jobs/land/ad/5722681017?se=IFmh4hdN8RGet_aYIayg-g&utm_medium=api&utm_source=fec81443&v=CA3A0F903A582E0A94A0CE2370E6AB27CF0CB960","2026-05-08"
"Quality Assurance Manager","Compass Group UK","UK","Adzuna (TotalJobs+)","QA Lead","🏢 Office | 📍 Brak lokalizacji","https://www.adzuna.co.uk/jobs/details/5722605385?utm_medium=api&utm_source=fec81443","2026-05-08"
"QA Manager","Nexus Life Sciences","Huyton, Liverpool","Adzuna (TotalJobs+)","QA Lead","🏢 Office | 🚗 58min | 🚌 ~1h 45min","https://www.adzuna.co.uk/jobs/land/ad/5721871396?se=IFmh4hdN8RGet_aYIayg-g&utm_medium=api&utm_source=fec81443&v=8C179CE942DCA4E5635D9A3214F58F3B74127394","2026-05-07"
"Lead Software Test Engineer","Warwick Recruit Ltd","Warwick, Warwickshire","Adzuna (TotalJobs+)","QA Lead","🏢 Office | 🚗 2h 8min ❌ | 🚌 ~2h 59min 💾","https://www.adzuna.co.uk/jobs/details/5721833722?utm_medium=api&utm_source=fec81443","2026-05-07"
"QA Engineer","","Manchester, England","Glassdoor","Software QA Automation Engineer","🏢 Office | 🚗 1h 27min | 🚌 ~2h 36min 💾","https://www.glassdoor.co.uk/job-listing/qa-engineer-clio-JV_IC2691218_KO0,11_KE12,16.htm?jl=1010076335947",""
"Sr. QA Automation Engineer","","United Kingdom","Glassdoor","Software QA Automation Engineer","🏢 Office | 📍 Brak lokalizacji","https://www.glassdoor.co.uk/job-listing/sr-qa-automation-engineer-kraken-digital-asset-exchange-JV_KO0,25_KE26,55.htm?jl=1009956916819",""
"Test Automation Engineer - QA","","Ellesmere Port, England","Glassdoor","Software QA Automation Engineer","🏢 Office | 🚗 30min | 🚌 ~54min 💾","https://www.glassdoor.co.uk/job-listing/test-automation-engineer-qa-novus-strategy-consulting-JV_IC3314022_KO0,27_KE28,53.htm?jl=1010124582034",""
"Automation Test Engineer","","Coventry, England","Glassdoor","Software QA Automation Engineer","🏢 Office | 🚗 2h ❌ | 🚌 ~2h 48min","https://www.glassdoor.co.uk/job-listing/automation-test-engineer-horbax-JV_IC3282857_KO0,24_KE25,31.htm?jl=1010110521536",""