Title,Company,Location,Board,Search Term,Commute,URL,Posted
"QA Engineer (Remote)","","Remote","Glassdoor","Software QA Automation Engineer","🌐 Remote","https://www.glassdoor.co.uk/job-listing/qa-engineer-remote-remotestar-JV_KO0,18_KE19,29.htm?jl=1009426005158",""
"QA Engineer - Core Database (remote)","","Remote","Glassdoor","Software QA Automation Engineer","🌐 Remote","https://www.glassdoor.co.uk/job-listing/qa-engineer-core-database-remote-clickhouse-JV_KO0,32_KE33,43.htm?jl=1009950493128",""
"QA Engineer for Mobile (Remote)","","Remote","Glassdoor","Software QA Automation Engineer","🌐 Remote","https://www.glassdoor.co.uk/job-listing/qa-engineer-for-mobile-remote-veeva-systems-JV_KO0,29_KE30,43.htm?jl=1010083040565",""
"Software Development Engineer in Test","","Remote","Glassdoor","Software QA Automation Engineer","🌐 Remote","https://www.glassdoor.co.uk/job-listing/software-development-engineer-in-test-accesspay-au-JV_KO0,37_KE38,50.htm?jl=1010155342860",""
"QA Engineer / Product Operations Engineer (Remote)","","Remote","Glassdoor","Software QA Automation Engineer","🌐 Remote","https://www.glassdoor.co.uk/job-listing/qa-engineer-product-operations-engineer-remote-remotestar-JV_KO0,46_KE47,57.htm?jl=1010148290639",""
"Senior QA Engineer","","Remote","Glassdoor","Software QA Automation Engineer","🌐 Remote","https://www.glassdoor.co.uk/job-listing/senior-qa-engineer-arrive-il-JV_KO0,18_KE19,28.htm?jl=1010126925921",""
"Software Development Engineer In Test","","Remote","Glassdoor","Software QA Automation Engineer","🌐 Remote","https://www.glassdoor.co.uk/job-listing/software-development-engineer-in-test-protect-line-JV_KO0,37_KE38,50.htm?jl=1010074982870",""
"Staff Software Engineer – Core Developer Experience (DevEx)","","Remote","Glassdoor","Software QA Automation Engineer","🌐 Remote","https://www.glassdoor.co.uk/job-listing/staff-software-engineer-core-developer-experience-devex-alphasense-JV_KO0,55_KE56,66.htm?jl=1010109354581",""
"Software QA Engineer","","","Reed","Software QA Engineer","🏢 Office | 📍 Brak lokalizacji","https://www.reed.co.uk/jobs/software-qa-engineer/56947844?source=searchResults&filter=%2Fjobs%2Fsoftware-qa-engineer-jobs-in-united-kingdom",""
"QA Engineer - Manual testing web applications","","","Reed","Software QA Engineer","🏢 Office | 📍 Brak lokalizacji","https://www.reed.co.uk/jobs/qa-engineer-manual-testing-web-applications/56933699?source=searchResults&filter=%2Fjobs%2Fsoftware-qa-engineer-jobs-in-united-kingdom",""
"Software Tester","","","Reed","Software QA Engineer","🏢 Office | 📍 Brak lokalizacji","https://www.reed.co.uk/jobs/software-tester/56947977?source=searchResults&filter=%2Fjobs%2Fsoftware-qa-engineer-jobs-in-united-kingdom",""
"Software Engineer / Senior QA & Test - DO-178C","","","Reed","Software QA Engineer","🏢 Office | 📍 Brak lokalizacji","https://www.reed.co.uk/jobs/software-engineer-senior-qa-test-do-178c/56945855?source=searchResults&filter=%2Fjobs%2Fsoftware-qa-engineer-jobs-in-united-kingdom",""
"QA Test Analyst","","","Reed","Software QA Engineer","🏢 Office | 📍 Brak lokalizacji","https://www.reed.co.uk/jobs/qa-test-analyst/56934432?source=searchResults&filter=%2Fjobs%2Fsoftware-qa-engineer-jobs-in-united-kingdom",""
"Test Engineer","","","Reed","Software QA Engineer","🏢 Office | 📍 Brak lokalizacji","https://www.reed.co.uk/jobs/test-engineer/56960933?source=searchResults&filter=%2Fjobs%2Fsoftware-qa-engineer-jobs-in-united-kingdom",""
"Software Quality Engineer","","","Reed","Software QA Engineer","🏢 Office | 📍 Brak lokalizacji","https://www.reed.co.uk/jobs/software-quality-engineer/56698833?source=searchResults&filter=%2Fjobs%2Fsoftware-qa-engineer-jobs-in-united-kingdom",""
"QA Engineer - HYBRID","","","Reed","Software QA Engineer","🔀 Hybrid | 📍 Brak lokalizacji","https://www.reed.co.uk/jobs/qa-engineer-hybrid/56957160?source=searchResults&filter=%2Fjobs%2Fsoftware-qa-engineer-jobs-in-united-kingdom",""
"Software Developer","","","Reed","Software QA Engineer","🏢 Office | 📍 Brak lokalizacji","https://www.reed.co.uk/jobs/software-developer/56973907?source=searchResults&filter=%2Fjobs%2Fsoftware-qa-engineer-jobs-in-united-kingdom",""
"Quality Engineer","","","Reed","Software QA Engineer","🏢 Office | 📍 Brak lokalizacji","https://www.reed.co.uk/jobs/quality-engineer/56841765?source=searchResults&filter=%2Fjobs%2Fsoftware-qa-engineer-jobs-in-united-kingdom",""
"Quality Assurance Engineer","","","Reed","Software QA Engineer","🏢 Office | 📍 Brak lokalizacji","https://www.reed.co.uk/jobs/quality-assurance-engineer/56926756?source=searchResults&filter=%2Fjobs%2Fsoftware-qa-engineer-jobs-in-united-kingdom",""
"Lead QA Engineer","","","Reed","Software QA Engineer","🏢 Office | 📍 Brak lokalizacji","https://www.reed.co.uk/jobs/lead-qa-engineer/56967072?source=searchResults&filter=%2Fjobs%2Fsoftware-qa-engineer-jobs-in-united-kingdom",""
"QA Automation Engineer","","","Reed","Software QA Engineer","🏢 Office | 📍 Brak lokalizacji","https://www.reed.co.uk/jobs/qa-automation-engineer/56978781?source=searchResults&filter=%2Fjobs%2Fsoftware-qa-engineer-jobs-in-united-kingdom",""
"Q&A Test Engineer","","","Reed","Software QA Engineer","🏢 Office | 📍 Brak lokalizacji","https://www.reed.co.uk/jobs/q-a-test-engineer/56912604?source=searchResults&filter=%2Fjobs%2Fsoftware-qa-engineer-jobs-in-united-kingdom",""
"QA Engineer - ServiceNow","","","Reed","Software QA Engineer","🏢 Office | 📍 Brak lokalizacji","https://www.reed.co.uk/jobs/qa-engineer-servicenow/56368015?source=searchResults&filter=%2Fjobs%2Fsoftware-qa-engineer-jobs-in-united-kingdom",""
"Test Quality Assurance Engineer","","","Reed","Software QA Engineer","🏢 Office | 📍 Brak lokalizacji","https://www.reed.co.uk/jobs/test-quality-assurance-engineer/56868487?source=searchResults&filter=%2Fjobs%2Fsoftware-qa-engineer-jobs-in-united-kingdom",""
"Test Engineer","","","Reed","Software QA Engineer","🏢 Office | 📍 Brak lokalizacji","https://www.reed.co.uk/jobs/test-engineer/56868490?source=searchResults&filter=%2Fjobs%2Fsoftware-qa-engineer-jobs-in-united-kingdom",""
"Senior Software Developer","","","Reed","Software QA Engineer","🏢 Office | 📍 Brak lokalizacji","https://www.reed.co.uk/jobs/senior-software-developer/56904263?source=searchResults&filter=%2Fjobs%2Fsoftware-qa-engineer-jobs-in-united-kingdom",""
"Software Developer Apprentice","","","Reed","Software QA Engineer","🏢 Office | 📍 Brak lokalizacji","https://www.reed.co.uk/jobs/software-developer-apprentice/56964161?source=searchResults&filter=%2Fjobs%2Fsoftware-qa-engineer-jobs-in-united-kingdom",""
"EC&I Commissioning Engineer","","","Reed","Software QA Engineer","🏢 Office | 📍 Brak lokalizacji","https://www.reed.co.uk/jobs/ec-i-commissioning-engineer/56978216?source=searchResults&filter=%2Fjobs%2Fsoftware-qa-engineer-jobs-in-united-kingdom",""
"QA Systems Application Specialist","","","Reed","Software QA Engineer","🏢 Office | 📍 Brak lokalizacji","https://www.reed.co.uk/jobs/qa-systems-application-specialist/56931686?source=searchResults&filter=%2Fjobs%2Fsoftware-qa-engineer-jobs-in-united-kingdom",""
"Principal Software Engineer","","","Reed","Software QA Engineer","🏢 Office | 📍 Brak lokalizacji","https://www.reed.co.uk/jobs/principal-software-engineer/56913241?source=searchResults&filter=%2Fjobs%2Fsoftware-qa-engineer-jobs-in-united-kingdom",""
"Production Engineer","","","Reed","Software QA Engineer","🏢 Office | 📍 Brak lokalizacji","https://www.reed.co.uk/jobs/production-engineer/56885575?source=searchResults&filter=%2Fjobs%2Fsoftware-qa-engineer-jobs-in-united-kingdom",""
"Quality Engineer","","","Reed","Software QA Engineer","🏢 Office | 📍 Brak lokalizacji","https://www.reed.co.uk/jobs/quality-engineer/56913330?source=searchResults&filter=%2Fjobs%2Fsoftware-qa-engineer-jobs-in-united-kingdom",""
"IT Service Desk Engineer Apprentice","","","Reed","Software QA Engineer","🏢 Office | 📍 Brak lokalizacji","https://www.reed.co.uk/jobs/it-service-desk-engineer-apprentice/56919153?source=searchResults&filter=%2Fjobs%2Fsoftware-qa-engineer-jobs-in-united-kingdom",""
"QA Test Analyst","","","Reed","Software QA Automation Engineer","🏢 Office | 📍 Brak lokalizacji","https://www.reed.co.uk/jobs/qa-test-analyst/56934432?source=searchResults&filter=%2Fjobs%2Fsoftware-qa-automation-engineer-jobs-in-united-kingdom",""
"QA Engineer - Manual testing web applications","","","Reed","Software QA Automation Engineer","🏢 Office | 📍 Brak lokalizacji","https://www.reed.co.uk/jobs/qa-engineer-manual-testing-web-applications/56933699?source=searchResults&filter=%2Fjobs%2Fsoftware-qa-automation-engineer-jobs-in-united-kingdom",""
"Software QA Engineer","","","Reed","Software QA Automation Engineer","🏢 Office | 📍 Brak lokalizacji","https://www.reed.co.uk/jobs/software-qa-engineer/56947844?source=searchResults&filter=%2Fjobs%2Fsoftware-qa-automation-engineer-jobs-in-united-kingdom",""
"Test Engineer","","","Reed","Software QA Automation Engineer","🏢 Office | 📍 Brak lokalizacji","https://www.reed.co.uk/jobs/test-engineer/56960933?source=searchResults&filter=%2Fjobs%2Fsoftware-qa-automation-engineer-jobs-in-united-kingdom",""
"Software Tester","","","Reed","Software QA Automation Engineer","🏢 Office | 📍 Brak lokalizacji","https://www.reed.co.uk/jobs/software-tester/56947977?source=searchResults&filter=%2Fjobs%2Fsoftware-qa-automation-engineer-jobs-in-united-kingdom",""
"QA Automation Engineer","","","Reed","Software QA Automation Engineer","🏢 Office | 📍 Brak lokalizacji","https://www.reed.co.uk/jobs/qa-automation-engineer/56978781?source=searchResults&filter=%2Fjobs%2Fsoftware-qa-automation-engineer-jobs-in-united-kingdom",""
"Lead QA Engineer","","","Reed","Software QA Automation Engineer","🏢 Office | 📍 Brak lokalizacji","https://www.reed.co.uk/jobs/lead-qa-engineer/56967072?source=searchResults&filter=%2Fjobs%2Fsoftware-qa-automation-engineer-jobs-in-united-kingdom",""
"Technical Customer Success Specialist - Graduate","","","Reed","Software QA Automation Engineer","🏢 Office | 📍 Brak lokalizacji","https://www.reed.co.uk/jobs/technical-customer-success-specialist-graduate/56865868?source=searchResults&filter=%2Fjobs%2Fsoftware-qa-automation-engineer-jobs-in-united-kingdom",""
"Q&A Test Engineer","","","Reed","Software QA Automation Engineer","🏢 Office | 📍 Brak lokalizacji","https://www.reed.co.uk/jobs/q-a-test-engineer/56912604?source=searchResults&filter=%2Fjobs%2Fsoftware-qa-automation-engineer-jobs-in-united-kingdom",""
"AI & Digital Support Apprentice","","","Reed","Software QA Automation Engineer","🏢 Office | 📍 Brak lokalizacji","https://www.reed.co.uk/jobs/ai-digital-support-apprentice/56930066?source=searchResults&filter=%2Fjobs%2Fsoftware-qa-automation-engineer-jobs-in-united-kingdom",""
"Engineering Manager","","","Reed","Software QA Automation Engineer","🏢 Office | 📍 Brak lokalizacji","https://www.reed.co.uk/jobs/engineering-manager/56927986?source=searchResults&filter=%2Fjobs%2Fsoftware-qa-automation-engineer-jobs-in-united-kingdom",""
"Senior C++ Developer (Hybrid, UK-Based)","","","Reed","Software QA Automation Engineer","🔀 Hybrid | 📍 Brak lokalizacji","https://www.reed.co.uk/jobs/senior-c-developer-hybrid-uk-based/56901919?source=searchResults&filter=%2Fjobs%2Fsoftware-qa-automation-engineer-jobs-in-united-kingdom",""
"QA Systems Application Specialist","","","Reed","Software QA Automation Engineer","🏢 Office | 📍 Brak lokalizacji","https://www.reed.co.uk/jobs/qa-systems-application-specialist/56931686?source=searchResults&filter=%2Fjobs%2Fsoftware-qa-automation-engineer-jobs-in-united-kingdom",""
"Quality Engineer","","","Reed","Software QA Automation Engineer","🏢 Office | 📍 Brak lokalizacji","https://www.reed.co.uk/jobs/quality-engineer/56913330?source=searchResults&filter=%2Fjobs%2Fsoftware-qa-automation-engineer-jobs-in-united-kingdom",""
"QA Auditor","","","Reed","Software QA Automation Engineer","🏢 Office | 📍 Brak lokalizacji","https://www.reed.co.uk/jobs/qa-auditor/56839922?source=searchResults&filter=%2Fjobs%2Fsoftware-qa-automation-engineer-jobs-in-united-kingdom",""
"Test Engineer","","","Reed","Software QA Automation Engineer","🏢 Office | 📍 Brak lokalizacji","https://www.reed.co.uk/jobs/test-engineer/56955292?source=searchResults&filter=%2Fjobs%2Fsoftware-qa-automation-engineer-jobs-in-united-kingdom",""
"Test Analyst - Hybrid - Warwick - UK","","","Reed","Software QA Automation Engineer","🔀 Hybrid | 📍 Brak lokalizacji","https://www.reed.co.uk/jobs/test-analyst-hybrid-warwick-uk/56939059?source=searchResults&filter=%2Fjobs%2Fsoftware-qa-automation-engineer-jobs-in-united-kingdom",""
"Test Lead","","","Reed","Software QA Automation Engineer","🏢 Office | 📍 Brak lokalizacji","https://www.reed.co.uk/jobs/test-lead/56914845?source=searchResults&filter=%2Fjobs%2Fsoftware-qa-automation-engineer-jobs-in-united-kingdom",""
"Senior Java Full Stack Developer","","","Reed","Software QA Automation Engineer","🏢 Office | 📍 Brak lokalizacji","https://www.reed.co.uk/jobs/senior-java-full-stack-developer/57004003?source=searchResults&filter=%2Fjobs%2Fsoftware-qa-automation-engineer-jobs-in-united-kingdom",""
"Senior Java Developer (AWS, Java, API) - Sussex - Hybrid","","","Reed","Software QA Automation Engineer","🔀 Hybrid | 📍 Brak lokalizacji","https://www.reed.co.uk/jobs/senior-java-developer-aws-java-api-sussex-hybrid/56886034?source=searchResults&filter=%2Fjobs%2Fsoftware-qa-automation-engineer-jobs-in-united-kingdom",""
"Lead AI Red Teaming & QA Engineer","","","Reed","Software QA Automation Engineer","🏢 Office | 📍 Brak lokalizacji","https://www.reed.co.uk/jobs/lead-ai-red-teaming-qa-engineer/56912145?source=searchResults&filter=%2Fjobs%2Fsoftware-qa-automation-engineer-jobs-in-united-kingdom",""
"Software Quality Engineer","","","Reed","Software QA Automation Engineer","🏢 Office | 📍 Brak lokalizacji","https://www.reed.co.uk/jobs/software-quality-engineer/56698833?source=searchResults&filter=%2Fjobs%2Fsoftware-qa-automation-engineer-jobs-in-united-kingdom",""
"Software Test & Automation Engineer","","","Reed","Software QA Automation Engineer","🏢 Office | 📍 Brak lokalizacji","https://www.reed.co.uk/jobs/software-test-automation-engineer/56933953?source=searchResults&filter=%2Fjobs%2Fsoftware-qa-automation-engineer-jobs-in-united-kingdom",""
"DevOps Cloud Engineer / Linux Systems Administrator","","","Reed","Software QA Automation Engineer","🏢 Office | 📍 Brak lokalizacji","https://www.reed.co.uk/jobs/devops-cloud-engineer-linux-systems-administrator/56946492?source=searchResults&filter=%2Fjobs%2Fsoftware-qa-automation-engineer-jobs-in-united-kingdom",""
"Quality Assurance Engineer","","","Reed","Software QA Automation Engineer","🏢 Office | 📍 Brak lokalizacji","https://www.reed.co.uk/jobs/quality-assurance-engineer/56926756?source=searchResults&filter=%2Fjobs%2Fsoftware-qa-automation-engineer-jobs-in-united-kingdom",""
"Test Lead","","","Reed","Testing Lead","🏢 Office | 📍 Brak lokalizacji","https://www.reed.co.uk/jobs/test-lead/56914845?source=searchResults&filter=%2Fjobs%2Ftesting-lead-jobs-in-united-kingdom",""
"Test Lead","","","Reed","Testing Lead","🏢 Office | 📍 Brak lokalizacji","https://www.reed.co.uk/jobs/test-lead/56878121?source=searchResults&filter=%2Fjobs%2Ftesting-lead-jobs-in-united-kingdom",""
"Test Lead (Contract)","","","Reed","Testing Lead","🏢 Office | 📍 Brak lokalizacji","https://www.reed.co.uk/jobs/test-lead-contract/56936046?source=searchResults&filter=%2Fjobs%2Ftesting-lead-jobs-in-united-kingdom",""
"QA Test Lead (CCH Tagetik)","","","Reed","Testing Lead","🏢 Office | 📍 Brak lokalizacji","https://www.reed.co.uk/jobs/qa-test-lead-cch-tagetik/56957487?source=searchResults&filter=%2Fjobs%2Ftesting-lead-jobs-in-united-kingdom",""
"Analytical Testing Lead (Chemistry)","","","Reed","Testing Lead","🏢 Office | 📍 Brak lokalizacji","https://www.reed.co.uk/jobs/analytical-testing-lead-chemistry/56907064?source=searchResults&filter=%2Fjobs%2Ftesting-lead-jobs-in-united-kingdom",""
"Test Manager / Lead £600/d Financial Services Remote","","","Reed","Testing Lead","🏢 Office | 📍 Brak lokalizacji","https://www.reed.co.uk/jobs/test-manager-lead-600-d-financial-services-remote/56894233?source=searchResults&filter=%2Fjobs%2Ftesting-lead-jobs-in-united-kingdom",""
"Lead Test Architect","","","Reed","Testing Lead","🏢 Office | 📍 Brak lokalizacji","https://www.reed.co.uk/jobs/lead-test-architect/56878784?source=searchResults&filter=%2Fjobs%2Ftesting-lead-jobs-in-united-kingdom",""
"Quality Lead","","","Reed","Testing Lead","🏢 Office | 📍 Brak lokalizacji","https://www.reed.co.uk/jobs/quality-lead/56988525?source=searchResults&filter=%2Fjobs%2Ftesting-lead-jobs-in-united-kingdom",""
"Lead Software Test Engineer","","","Reed","Testing Lead","🏢 Office | 📍 Brak lokalizacji","https://www.reed.co.uk/jobs/lead-software-test-engineer/56878350?source=searchResults&filter=%2Fjobs%2Ftesting-lead-jobs-in-united-kingdom",""
"QA Test Analyst","","","Reed","Testing Lead","🏢 Office | 📍 Brak lokalizacji","https://www.reed.co.uk/jobs/qa-test-analyst/56934432?source=searchResults&filter=%2Fjobs%2Ftesting-lead-jobs-in-united-kingdom",""
"Lead Auditor - QA/Test and Inspection","","","Reed","Testing Lead","🏢 Office | 📍 Brak lokalizacji","https://www.reed.co.uk/jobs/lead-auditor-qa-test-and-inspection/57003975?source=searchResults&filter=%2Fjobs%2Ftesting-lead-jobs-in-united-kingdom",""
"Cockpit Test and Development Lead Engineer","","","Reed","Testing Lead","🏢 Office | 📍 Brak lokalizacji","https://www.reed.co.uk/jobs/cockpit-test-and-development-lead-engineer/56929519?source=searchResults&filter=%2Fjobs%2Ftesting-lead-jobs-in-united-kingdom",""
"Lead Test Engineer – 12 month – SC Cleared – Manchester","","","Reed","Testing Lead","🏢 Office | 📍 Brak lokalizacji","https://www.reed.co.uk/jobs/lead-test-engineer--12-month--sc-cleared--manchester/56876926?source=searchResults&filter=%2Fjobs%2Ftesting-lead-jobs-in-united-kingdom",""
"Test Manager","","","Reed","Testing Lead","🏢 Office | 📍 Brak lokalizacji","https://www.reed.co.uk/jobs/test-manager/56985243?source=searchResults&filter=%2Fjobs%2Ftesting-lead-jobs-in-united-kingdom",""
"Test Manager (Fixed-Term Contract)","","","Reed","Testing Lead","🏢 Office | 📍 Brak lokalizacji","https://www.reed.co.uk/jobs/test-manager-fixed-term-contract/56985579?source=searchResults&filter=%2Fjobs%2Ftesting-lead-jobs-in-united-kingdom",""
"Test Engineer","","","Reed","Testing Lead","🏢 Office | 📍 Brak lokalizacji","https://www.reed.co.uk/jobs/test-engineer/56955292?source=searchResults&filter=%2Fjobs%2Ftesting-lead-jobs-in-united-kingdom",""
"PNT Test Engineer","","","Reed","Testing Lead","🏢 Office | 📍 Brak lokalizacji","https://www.reed.co.uk/jobs/pnt-test-engineer/56985702?source=searchResults&filter=%2Fjobs%2Ftesting-lead-jobs-in-united-kingdom",""
"Lead Internal Quality Assurer","","","Reed","Testing Lead","🏢 Office | 📍 Brak lokalizacji","https://www.reed.co.uk/jobs/lead-internal-quality-assurer/56852440?source=searchResults&filter=%2Fjobs%2Ftesting-lead-jobs-in-united-kingdom",""
"QA Engineer - ServiceNow","","","Reed","Testing Lead","🏢 Office | 📍 Brak lokalizacji","https://www.reed.co.uk/jobs/qa-engineer-servicenow/56368015?source=searchResults&filter=%2Fjobs%2Ftesting-lead-jobs-in-united-kingdom",""
"Lead QA Engineer","","","Reed","Testing Lead","🏢 Office | 📍 Brak lokalizacji","https://www.reed.co.uk/jobs/lead-qa-engineer/56967072?source=searchResults&filter=%2Fjobs%2Ftesting-lead-jobs-in-united-kingdom",""
"Software QA Lead","","","Reed","Testing Lead","🏢 Office | 📍 Brak lokalizacji","https://www.reed.co.uk/jobs/software-qa-lead/56848224?source=searchResults&filter=%2Fjobs%2Ftesting-lead-jobs-in-united-kingdom",""
"QA Lead","","","Reed","Testing Lead","🏢 Office | 📍 Brak lokalizacji","https://www.reed.co.uk/jobs/qa-lead/56952165?source=searchResults&filter=%2Fjobs%2Ftesting-lead-jobs-in-united-kingdom",""
"Test Manager","","","Reed","Testing Lead","🏢 Office | 📍 Brak lokalizacji","https://www.reed.co.uk/jobs/test-manager/56990767?source=searchResults&filter=%2Fjobs%2Ftesting-lead-jobs-in-united-kingdom",""
"Lead Automation Tester Engineer, C#, tyescript, Playwright","","","Reed","Testing Lead","🏢 Office | 📍 Brak lokalizacji","https://www.reed.co.uk/jobs/lead-automation-tester-engineer-c-tyescript-playwright/56838448?source=searchResults&filter=%2Fjobs%2Ftesting-lead-jobs-in-united-kingdom",""
"Test Manager – TA/FA - London","","","Reed","Testing Lead","🏢 Office | 📍 Brak lokalizacji","https://www.reed.co.uk/jobs/test-manager--ta-fa-london/56954546?source=searchResults&filter=%2Fjobs%2Ftesting-lead-jobs-in-united-kingdom",""
"Test Lead","","","Reed","Test Lead","🏢 Office | 📍 Brak lokalizacji","https://www.reed.co.uk/jobs/test-lead/56914845?source=searchResults&filter=%2Fjobs%2Ftest-lead-jobs-in-united-kingdom",""
"Test Lead","","","Reed","Test Lead","🏢 Office | 📍 Brak lokalizacji","https://www.reed.co.uk/jobs/test-lead/56878121?source=searchResults&filter=%2Fjobs%2Ftest-lead-jobs-in-united-kingdom",""
"Test Lead (Contract)","","","Reed","Test Lead","🏢 Office | 📍 Brak lokalizacji","https://www.reed.co.uk/jobs/test-lead-contract/56936046?source=searchResults&filter=%2Fjobs%2Ftest-lead-jobs-in-united-kingdom",""
"QA Test Lead (CCH Tagetik)","","","Reed","Test Lead","🏢 Office | 📍 Brak lokalizacji","https://www.reed.co.uk/jobs/qa-test-lead-cch-tagetik/56957487?source=searchResults&filter=%2Fjobs%2Ftest-lead-jobs-in-united-kingdom",""
"Analytical Testing Lead (Chemistry)","","","Reed","Test Lead","🏢 Office | 📍 Brak lokalizacji","https://www.reed.co.uk/jobs/analytical-testing-lead-chemistry/56907064?source=searchResults&filter=%2Fjobs%2Ftest-lead-jobs-in-united-kingdom",""
"Test Manager / Lead £600/d Financial Services Remote","","","Reed","Test Lead","🏢 Office | 📍 Brak lokalizacji","https://www.reed.co.uk/jobs/test-manager-lead-600-d-financial-services-remote/56894233?source=searchResults&filter=%2Fjobs%2Ftest-lead-jobs-in-united-kingdom",""
"Lead Test Architect","","","Reed","Test Lead","🏢 Office | 📍 Brak lokalizacji","https://www.reed.co.uk/jobs/lead-test-architect/56878784?source=searchResults&filter=%2Fjobs%2Ftest-lead-jobs-in-united-kingdom",""
"Quality Lead","","","Reed","Test Lead","🏢 Office | 📍 Brak lokalizacji","https://www.reed.co.uk/jobs/quality-lead/56988525?source=searchResults&filter=%2Fjobs%2Ftest-lead-jobs-in-united-kingdom",""
"Lead Software Test Engineer","","","Reed","Test Lead","🏢 Office | 📍 Brak lokalizacji","https://www.reed.co.uk/jobs/lead-software-test-engineer/56878350?source=searchResults&filter=%2Fjobs%2Ftest-lead-jobs-in-united-kingdom",""
"QA Test Analyst","","","Reed","Test Lead","🏢 Office | 📍 Brak lokalizacji","https://www.reed.co.uk/jobs/qa-test-analyst/56934432?source=searchResults&filter=%2Fjobs%2Ftest-lead-jobs-in-united-kingdom",""
"Cockpit Test and Development Lead Engineer","","","Reed","Test Lead","🏢 Office | 📍 Brak lokalizacji","https://www.reed.co.uk/jobs/cockpit-test-and-development-lead-engineer/56929519?source=searchResults&filter=%2Fjobs%2Ftest-lead-jobs-in-united-kingdom",""
"Lead Auditor - QA/Test and Inspection","","","Reed","Test Lead","🏢 Office | 📍 Brak lokalizacji","https://www.reed.co.uk/jobs/lead-auditor-qa-test-and-inspection/57003975?source=searchResults&filter=%2Fjobs%2Ftest-lead-jobs-in-united-kingdom",""
"Lead Test Engineer – 12 month – SC Cleared – Manchester","","","Reed","Test Lead","🏢 Office | 📍 Brak lokalizacji","https://www.reed.co.uk/jobs/lead-test-engineer--12-month--sc-cleared--manchester/56876926?source=searchResults&filter=%2Fjobs%2Ftest-lead-jobs-in-united-kingdom",""
"Test Manager","","","Reed","Test Lead","🏢 Office | 📍 Brak lokalizacji","https://www.reed.co.uk/jobs/test-manager/56985243?source=searchResults&filter=%2Fjobs%2Ftest-lead-jobs-in-united-kingdom",""
"Test Manager (Fixed-Term Contract)","","","Reed","Test Lead","🏢 Office | 📍 Brak lokalizacji","https://www.reed.co.uk/jobs/test-manager-fixed-term-contract/56985579?source=searchResults&filter=%2Fjobs%2Ftest-lead-jobs-in-united-kingdom",""
"Test Engineer","","","Reed","Test Lead","🏢 Office | 📍 Brak lokalizacji","https://www.reed.co.uk/jobs/test-engineer/56955292?source=searchResults&filter=%2Fjobs%2Ftest-lead-jobs-in-united-kingdom",""
"PNT Test Engineer","","","Reed","Test Lead","🏢 Office | 📍 Brak lokalizacji","https://www.reed.co.uk/jobs/pnt-test-engineer/56985702?source=searchResults&filter=%2Fjobs%2Ftest-lead-jobs-in-united-kingdom",""
"QA Engineer - Manual testing web applications","","","Reed","Test Lead","🏢 Office | 📍 Brak lokalizacji","https://www.reed.co.uk/jobs/qa-engineer-manual-testing-web-applications/56933699?source=searchResults&filter=%2Fjobs%2Ftest-lead-jobs-in-united-kingdom",""
"QA Engineer - ServiceNow","","","Reed","Test Lead","🏢 Office | 📍 Brak lokalizacji","https://www.reed.co.uk/jobs/qa-engineer-servicenow/56368015?source=searchResults&filter=%2Fjobs%2Ftest-lead-jobs-in-united-kingdom",""
"Salesforce Test Engineer","","","Reed","Test Lead","🏢 Office | 📍 Brak lokalizacji","https://www.reed.co.uk/jobs/salesforce-test-engineer/56871152?source=searchResults&filter=%2Fjobs%2Ftest-lead-jobs-in-united-kingdom",""
"Lead QA Engineer","","","Reed","Test Lead","🏢 Office | 📍 Brak lokalizacji","https://www.reed.co.uk/jobs/lead-qa-engineer/56967072?source=searchResults&filter=%2Fjobs%2Ftest-lead-jobs-in-united-kingdom",""
"Software QA Lead","","","Reed","Test Lead","🏢 Office | 📍 Brak lokalizacji","https://www.reed.co.uk/jobs/software-qa-lead/56848224?source=searchResults&filter=%2Fjobs%2Ftest-lead-jobs-in-united-kingdom",""
"Test Manager","","","Reed","Test Lead","🏢 Office | 📍 Brak lokalizacji","https://www.reed.co.uk/jobs/test-manager/56990767?source=searchResults&filter=%2Fjobs%2Ftest-lead-jobs-in-united-kingdom",""
"QA Lead","","","Reed","Test Lead","🏢 Office | 📍 Brak lokalizacji","https://www.reed.co.uk/jobs/qa-lead/56952165?source=searchResults&filter=%2Fjobs%2Ftest-lead-jobs-in-united-kingdom",""
"Lead Automation Tester Engineer, C#, tyescript, Playwright","","","Reed","Test Lead","🏢 Office | 📍 Brak lokalizacji","https://www.reed.co.uk/jobs/lead-automation-tester-engineer-c-tyescript-playwright/56838448?source=searchResults&filter=%2Fjobs%2Ftest-lead-jobs-in-united-kingdom",""
"QA Engineer - Manual testing web applications","","","Reed","QA Engineer","🏢 Office | 📍 Brak lokalizacji","https://www.reed.co.uk/jobs/qa-engineer-manual-testing-web-applications/56933699?source=searchResults&filter=%2Fjobs%2Fqa-engineer-jobs-in-united-kingdom",""
"Quality Assurance Engineer","","","Reed","QA Engineer","🏢 Office | 📍 Brak lokalizacji","https://www.reed.co.uk/jobs/quality-assurance-engineer/56861589?source=searchResults&filter=%2Fjobs%2Fqa-engineer-jobs-in-united-kingdom",""
"Quality Assurance Engineer","","","Reed","QA Engineer","🏢 Office | 📍 Brak lokalizacji","https://www.reed.co.uk/jobs/quality-assurance-engineer/56926756?source=searchResults&filter=%2Fjobs%2Fqa-engineer-jobs-in-united-kingdom",""
"QA Automation Engineer","","","Reed","QA Engineer","🏢 Office | 📍 Brak lokalizacji","https://www.reed.co.uk/jobs/qa-automation-engineer/56978781?source=searchResults&filter=%2Fjobs%2Fqa-engineer-jobs-in-united-kingdom",""
"Software QA Engineer","","","Reed","QA Engineer","🏢 Office | 📍 Brak lokalizacji","https://www.reed.co.uk/jobs/software-qa-engineer/56947844?source=searchResults&filter=%2Fjobs%2Fqa-engineer-jobs-in-united-kingdom",""
"QA Engineer - ServiceNow","","","Reed","QA Engineer","🏢 Office | 📍 Brak lokalizacji","https://www.reed.co.uk/jobs/qa-engineer-servicenow/56368015?source=searchResults&filter=%2Fjobs%2Fqa-engineer-jobs-in-united-kingdom",""
"Lead QA Engineer","","","Reed","QA Engineer","🏢 Office | 📍 Brak lokalizacji","https://www.reed.co.uk/jobs/lead-qa-engineer/56967072?source=searchResults&filter=%2Fjobs%2Fqa-engineer-jobs-in-united-kingdom",""
"Electrical QA/QC Engineer","","","Reed","QA Engineer","🏢 Office | 📍 Brak lokalizacji","https://www.reed.co.uk/jobs/electrical-qa-qc-engineer/57002607?source=searchResults&filter=%2Fjobs%2Fqa-engineer-jobs-in-united-kingdom",""
"Senior QA Engineer","","","Reed","QA Engineer","🏢 Office | 📍 Brak lokalizacji","https://www.reed.co.uk/jobs/senior-qa-engineer/56942815?source=searchResults&filter=%2Fjobs%2Fqa-engineer-jobs-in-united-kingdom",""
"Senior QA Engineer","","","Reed","QA Engineer","🏢 Office | 📍 Brak lokalizacji","https://www.reed.co.uk/jobs/senior-qa-engineer/56942822?source=searchResults&filter=%2Fjobs%2Fqa-engineer-jobs-in-united-kingdom",""
"QA Engineer - HYBRID","","","Reed","QA Engineer","🔀 Hybrid | 📍 Brak lokalizacji","https://www.reed.co.uk/jobs/qa-engineer-hybrid/56957160?source=searchResults&filter=%2Fjobs%2Fqa-engineer-jobs-in-united-kingdom",""
"QA Engineer - HS2","","","Reed","QA Engineer","🏢 Office | 📍 Brak lokalizacji","https://www.reed.co.uk/jobs/qa-engineer-hs2/56937575?source=searchResults&filter=%2Fjobs%2Fqa-engineer-jobs-in-united-kingdom",""
"Test Quality Assurance Engineer","","","Reed","QA Engineer","🏢 Office | 📍 Brak lokalizacji","https://www.reed.co.uk/jobs/test-quality-assurance-engineer/56868487?source=searchResults&filter=%2Fjobs%2Fqa-engineer-jobs-in-united-kingdom",""
"AI (QA) Automation Engineer","","","Reed","QA Engineer","🏢 Office | 📍 Brak lokalizacji","https://www.reed.co.uk/jobs/ai-qa-automation-engineer/56888873?source=searchResults&filter=%2Fjobs%2Fqa-engineer-jobs-in-united-kingdom",""
"Supplier Quality Assurance Engineer","","","Reed","QA Engineer","🏢 Office | 📍 Brak lokalizacji","https://www.reed.co.uk/jobs/supplier-quality-assurance-engineer/56984503?source=searchResults&filter=%2Fjobs%2Fqa-engineer-jobs-in-united-kingdom",""
"Supplier Development and Quality Engineer","","","Reed","QA Engineer","🏢 Office | 📍 Brak lokalizacji","https://www.reed.co.uk/jobs/supplier-development-and-quality-engineer/56918038?source=searchResults&filter=%2Fjobs%2Fqa-engineer-jobs-in-united-kingdom",""
"Lead AI Red Teaming & QA Engineer","","","Reed","QA Engineer","🏢 Office | 📍 Brak lokalizacji","https://www.reed.co.uk/jobs/lead-ai-red-teaming-qa-engineer/56912145?source=searchResults&filter=%2Fjobs%2Fqa-engineer-jobs-in-united-kingdom",""
"Technical Customer Success Specialist - Graduate","","","Reed","QA Engineer","🏢 Office | 📍 Brak lokalizacji","https://www.reed.co.uk/jobs/technical-customer-success-specialist-graduate/56865868?source=searchResults&filter=%2Fjobs%2Fqa-engineer-jobs-in-united-kingdom",""
"Quality Engineer (Exciting Technical Progression)","","","Reed","QA Engineer","🏢 Office | 📍 Brak lokalizacji","https://www.reed.co.uk/jobs/quality-engineer-exciting-technical-progression/56943805?source=searchResults&filter=%2Fjobs%2Fqa-engineer-jobs-in-united-kingdom",""
"Senior QA Tester","","","Reed","QA Engineer","🏢 Office | 📍 Brak lokalizacji","https://www.reed.co.uk/jobs/senior-qa-tester/56917575?source=searchResults&filter=%2Fjobs%2Fqa-engineer-jobs-in-united-kingdom",""
"Quality Engineer","","","Reed","QA Engineer","🏢 Office | 📍 Brak lokalizacji","https://www.reed.co.uk/jobs/quality-engineer/56922745?source=searchResults&filter=%2Fjobs%2Fqa-engineer-jobs-in-united-kingdom",""
"Software Engineer / Senior QA & Test - DO-178C","","","Reed","QA Engineer","🏢 Office | 📍 Brak lokalizacji","https://www.reed.co.uk/jobs/software-engineer-senior-qa-test-do-178c/56945855?source=searchResults&filter=%2Fjobs%2Fqa-engineer-jobs-in-united-kingdom",""
"QA Technician","","","Reed","QA Engineer","🏢 Office | 📍 Brak lokalizacji","https://www.reed.co.uk/jobs/qa-technician/56978113?source=searchResults&filter=%2Fjobs%2Fqa-engineer-jobs-in-united-kingdom",""
"Quality Engineer","","","Reed","QA Engineer","🏢 Office | 📍 Brak lokalizacji","https://www.reed.co.uk/jobs/quality-engineer/56913330?source=searchResults&filter=%2Fjobs%2Fqa-engineer-jobs-in-united-kingdom",""
"QA Systems Application Specialist","","","Reed","QA Engineer","🏢 Office | 📍 Brak lokalizacji","https://www.reed.co.uk/jobs/qa-systems-application-specialist/56931686?source=searchResults&filter=%2Fjobs%2Fqa-engineer-jobs-in-united-kingdom",""
"QA Automation Engineer","","","Reed","QA Automation Engineer","🏢 Office | 📍 Brak lokalizacji","https://www.reed.co.uk/jobs/qa-automation-engineer/56978781?source=searchResults&filter=%2Fjobs%2Fqa-automation-engineer-jobs-in-united-kingdom",""
"AI (QA) Automation Engineer","","","Reed","QA Automation Engineer","🏢 Office | 📍 Brak lokalizacji","https://www.reed.co.uk/jobs/ai-qa-automation-engineer/56888873?source=searchResults&filter=%2Fjobs%2Fqa-automation-engineer-jobs-in-united-kingdom",""
"QA Engineer - Manual testing web applications","","","Reed","QA Automation Engineer","🏢 Office | 📍 Brak lokalizacji","https://www.reed.co.uk/jobs/qa-engineer-manual-testing-web-applications/56933699?source=searchResults&filter=%2Fjobs%2Fqa-automation-engineer-jobs-in-united-kingdom",""
"QA Test Analyst","","","Reed","QA Automation Engineer","🏢 Office | 📍 Brak lokalizacji","https://www.reed.co.uk/jobs/qa-test-analyst/56934432?source=searchResults&filter=%2Fjobs%2Fqa-automation-engineer-jobs-in-united-kingdom",""
"Senior QA Engineer","","","Reed","QA Automation Engineer","🏢 Office | 📍 Brak lokalizacji","https://www.reed.co.uk/jobs/senior-qa-engineer/56942815?source=searchResults&filter=%2Fjobs%2Fqa-automation-engineer-jobs-in-united-kingdom",""
"Senior QA Engineer","","","Reed","QA Automation Engineer","🏢 Office | 📍 Brak lokalizacji","https://www.reed.co.uk/jobs/senior-qa-engineer/56942822?source=searchResults&filter=%2Fjobs%2Fqa-automation-engineer-jobs-in-united-kingdom",""
"Software QA Engineer","","","Reed","QA Automation Engineer","🏢 Office | 📍 Brak lokalizacji","https://www.reed.co.uk/jobs/software-qa-engineer/56947844?source=searchResults&filter=%2Fjobs%2Fqa-automation-engineer-jobs-in-united-kingdom",""
"Lead QA Engineer","","","Reed","QA Automation Engineer","🏢 Office | 📍 Brak lokalizacji","https://www.reed.co.uk/jobs/lead-qa-engineer/56967072?source=searchResults&filter=%2Fjobs%2Fqa-automation-engineer-jobs-in-united-kingdom",""
"Lead Automation Tester Engineer, C#, tyescript, Playwright","","","Reed","QA Automation Engineer","🏢 Office | 📍 Brak lokalizacji","https://www.reed.co.uk/jobs/lead-automation-tester-engineer-c-tyescript-playwright/56838448?source=searchResults&filter=%2Fjobs%2Fqa-automation-engineer-jobs-in-united-kingdom",""
"Senior QA Tester","","","Reed","QA Automation Engineer","🏢 Office | 📍 Brak lokalizacji","https://www.reed.co.uk/jobs/senior-qa-tester/56917575?source=searchResults&filter=%2Fjobs%2Fqa-automation-engineer-jobs-in-united-kingdom",""
"Q&A Test Engineer","","","Reed","QA Automation Engineer","🏢 Office | 📍 Brak lokalizacji","https://www.reed.co.uk/jobs/q-a-test-engineer/56912604?source=searchResults&filter=%2Fjobs%2Fqa-automation-engineer-jobs-in-united-kingdom",""
"Technical Customer Success Specialist - Graduate","","","Reed","QA Automation Engineer","🏢 Office | 📍 Brak lokalizacji","https://www.reed.co.uk/jobs/technical-customer-success-specialist-graduate/56865868?source=searchResults&filter=%2Fjobs%2Fqa-automation-engineer-jobs-in-united-kingdom",""
"Engineering Manager","","","Reed","QA Automation Engineer","🏢 Office | 📍 Brak lokalizacji","https://www.reed.co.uk/jobs/engineering-manager/56927986?source=searchResults&filter=%2Fjobs%2Fqa-automation-engineer-jobs-in-united-kingdom",""
"Quality Assurance Engineer","","","Reed","QA Automation Engineer","🏢 Office | 📍 Brak lokalizacji","https://www.reed.co.uk/jobs/quality-assurance-engineer/56926756?source=searchResults&filter=%2Fjobs%2Fqa-automation-engineer-jobs-in-united-kingdom",""
"QA Systems Application Specialist","","","Reed","QA Automation Engineer","🏢 Office | 📍 Brak lokalizacji","https://www.reed.co.uk/jobs/qa-systems-application-specialist/56931686?source=searchResults&filter=%2Fjobs%2Fqa-automation-engineer-jobs-in-united-kingdom",""
"Quality Engineer","","","Reed","QA Automation Engineer","🏢 Office | 📍 Brak lokalizacji","https://www.reed.co.uk/jobs/quality-engineer/56913330?source=searchResults&filter=%2Fjobs%2Fqa-automation-engineer-jobs-in-united-kingdom",""
"AI & Digital Support Apprentice","","","Reed","QA Automation Engineer","🏢 Office | 📍 Brak lokalizacji","https://www.reed.co.uk/jobs/ai-digital-support-apprentice/56930066?source=searchResults&filter=%2Fjobs%2Fqa-automation-engineer-jobs-in-united-kingdom",""
"Data Engineer - AWS","","","Reed","QA Automation Engineer","🏢 Office | 📍 Brak lokalizacji","https://www.reed.co.uk/jobs/data-engineer-aws/56966361?source=searchResults&filter=%2Fjobs%2Fqa-automation-engineer-jobs-in-united-kingdom",""
"QA Auditor","","","Reed","QA Automation Engineer","🏢 Office | 📍 Brak lokalizacji","https://www.reed.co.uk/jobs/qa-auditor/56839922?source=searchResults&filter=%2Fjobs%2Fqa-automation-engineer-jobs-in-united-kingdom",""
"QA Engineer - HYBRID","","","Reed","QA Automation Engineer","🔀 Hybrid | 📍 Brak lokalizacji","https://www.reed.co.uk/jobs/qa-engineer-hybrid/56957160?source=searchResults&filter=%2Fjobs%2Fqa-automation-engineer-jobs-in-united-kingdom",""
"Electrical QA/QC Engineer","","","Reed","QA Automation Engineer","🏢 Office | 📍 Brak lokalizacji","https://www.reed.co.uk/jobs/electrical-qa-qc-engineer/57002607?source=searchResults&filter=%2Fjobs%2Fqa-automation-engineer-jobs-in-united-kingdom",""
"QA Technician","","","Reed","QA Automation Engineer","🏢 Office | 📍 Brak lokalizacji","https://www.reed.co.uk/jobs/qa-technician/56978113?source=searchResults&filter=%2Fjobs%2Fqa-automation-engineer-jobs-in-united-kingdom",""
"Senior C++ Developer (Hybrid, UK-Based)","","","Reed","QA Automation Engineer","🔀 Hybrid | 📍 Brak lokalizacji","https://www.reed.co.uk/jobs/senior-c-developer-hybrid-uk-based/56901919?source=searchResults&filter=%2Fjobs%2Fqa-automation-engineer-jobs-in-united-kingdom",""
"Test Engineer","","","Reed","QA Automation Engineer","🏢 Office | 📍 Brak lokalizacji","https://www.reed.co.uk/jobs/test-engineer/56960933?source=searchResults&filter=%2Fjobs%2Fqa-automation-engineer-jobs-in-united-kingdom",""
"Test Quality Assurance Engineer","","","Reed","QA Automation Engineer","🏢 Office | 📍 Brak lokalizacji","https://www.reed.co.uk/jobs/test-quality-assurance-engineer/56868487?source=searchResults&filter=%2Fjobs%2Fqa-automation-engineer-jobs-in-united-kingdom",""
"QA Test Analyst","","","Reed","Test Automation Engineer","🏢 Office | 📍 Brak lokalizacji","https://www.reed.co.uk/jobs/qa-test-analyst/56934432?source=searchResults&filter=%2Fjobs%2Ftest-automation-engineer-jobs-in-united-kingdom",""
"Software Test & Automation Engineer","","","Reed","Test Automation Engineer","🏢 Office | 📍 Brak lokalizacji","https://www.reed.co.uk/jobs/software-test-automation-engineer/56933953?source=searchResults&filter=%2Fjobs%2Ftest-automation-engineer-jobs-in-united-kingdom",""
"Automation Test Engineer","","","Reed","Test Automation Engineer","🏢 Office | 📍 Brak lokalizacji","https://www.reed.co.uk/jobs/automation-test-engineer/56991276?source=searchResults&filter=%2Fjobs%2Ftest-automation-engineer-jobs-in-united-kingdom",""
"Automation Test Engineer","","","Reed","Test Automation Engineer","🏢 Office | 📍 Brak lokalizacji","https://www.reed.co.uk/jobs/automation-test-engineer/56974255?source=searchResults&filter=%2Fjobs%2Ftest-automation-engineer-jobs-in-united-kingdom",""
"QA Engineer - Manual testing web applications","","","Reed","Test Automation Engineer","🏢 Office | 📍 Brak lokalizacji","https://www.reed.co.uk/jobs/qa-engineer-manual-testing-web-applications/56933699?source=searchResults&filter=%2Fjobs%2Ftest-automation-engineer-jobs-in-united-kingdom",""
"Automation Test Engineer - SC Cleared","","","Reed","Test Automation Engineer","🏢 Office | 📍 Brak lokalizacji","https://www.reed.co.uk/jobs/automation-test-engineer-sc-cleared/57000671?source=searchResults&filter=%2Fjobs%2Ftest-automation-engineer-jobs-in-united-kingdom",""
"Test Engineer","","","Reed","Test Automation Engineer","🏢 Office | 📍 Brak lokalizacji","https://www.reed.co.uk/jobs/test-engineer/56955292?source=searchResults&filter=%2Fjobs%2Ftest-automation-engineer-jobs-in-united-kingdom",""
"PNT Test Engineer","","","Reed","Test Automation Engineer","🏢 Office | 📍 Brak lokalizacji","https://www.reed.co.uk/jobs/pnt-test-engineer/56985702?source=searchResults&filter=%2Fjobs%2Ftest-automation-engineer-jobs-in-united-kingdom",""
"Warehouse Automation Maintenance Engineer","","","Reed","Test Automation Engineer","🏢 Office | 📍 Brak lokalizacji","https://www.reed.co.uk/jobs/warehouse-automation-maintenance-engineer/56838652?source=searchResults&filter=%2Fjobs%2Ftest-automation-engineer-jobs-in-united-kingdom",""
"Automation Analyst","","","Reed","Test Automation Engineer","🏢 Office | 📍 Brak lokalizacji","https://www.reed.co.uk/jobs/automation-analyst/56880337?source=searchResults&filter=%2Fjobs%2Ftest-automation-engineer-jobs-in-united-kingdom",""
"Automation Engineer - Pharmaceutical","","","Reed","Test Automation Engineer","🏢 Office | 📍 Brak lokalizacji","https://www.reed.co.uk/jobs/automation-engineer-pharmaceutical/56888900?source=searchResults&filter=%2Fjobs%2Ftest-automation-engineer-jobs-in-united-kingdom",""
"Test Engineer - Active eDV Clearance","","","Reed","Test Automation Engineer","🏢 Office | 📍 Brak lokalizacji","https://www.reed.co.uk/jobs/test-engineer-active-edv-clearance/56950332?source=searchResults&filter=%2Fjobs%2Ftest-automation-engineer-jobs-in-united-kingdom",""
"Lead Automation Tester Engineer, C#, tyescript, Playwright","","","Reed","Test Automation Engineer","🏢 Office | 📍 Brak lokalizacji","https://www.reed.co.uk/jobs/lead-automation-tester-engineer-c-tyescript-playwright/56838448?source=searchResults&filter=%2Fjobs%2Ftest-automation-engineer-jobs-in-united-kingdom",""
"SOC Automation Engineer","","","Reed","Test Automation Engineer","🏢 Office | 📍 Brak lokalizacji","https://www.reed.co.uk/jobs/soc-automation-engineer/56917144?source=searchResults&filter=%2Fjobs%2Ftest-automation-engineer-jobs-in-united-kingdom",""
"Software Test Engineer","","","Reed","Test Automation Engineer","🏢 Office | 📍 Brak lokalizacji","https://www.reed.co.uk/jobs/software-test-engineer/56840898?source=searchResults&filter=%2Fjobs%2Ftest-automation-engineer-jobs-in-united-kingdom",""
"DIG - Test & Acceptance Engineer","","","Reed","Test Automation Engineer","🏢 Office | 📍 Brak lokalizacji","https://www.reed.co.uk/jobs/dig-test-acceptance-engineer/56894195?source=searchResults&filter=%2Fjobs%2Ftest-automation-engineer-jobs-in-united-kingdom",""
"QA Automation Engineer","","","Reed","Test Automation Engineer","🏢 Office | 📍 Brak lokalizacji","https://www.reed.co.uk/jobs/qa-automation-engineer/56978781?source=searchResults&filter=%2Fjobs%2Ftest-automation-engineer-jobs-in-united-kingdom",""
"Software Test Engineer","","","Reed","Test Automation Engineer","🏢 Office | 📍 Brak lokalizacji","https://www.reed.co.uk/jobs/software-test-engineer/56968171?source=searchResults&filter=%2Fjobs%2Ftest-automation-engineer-jobs-in-united-kingdom",""
"Test Engineer","","","Reed","Test Automation Engineer","🏢 Office | 📍 Brak lokalizacji","https://www.reed.co.uk/jobs/test-engineer/56960933?source=searchResults&filter=%2Fjobs%2Ftest-automation-engineer-jobs-in-united-kingdom",""
"Junior Java developer - FTC - 3 Days a week onsite in Newcastle","","","Reed","Test Automation Engineer","🏢 Office | 📍 Brak lokalizacji","https://www.reed.co.uk/jobs/junior-java-developer-ftc-3-days-a-week-onsite-in-newcastle/56953271?source=searchResults&filter=%2Fjobs%2Ftest-automation-engineer-jobs-in-united-kingdom",""
"Electrical Test and Inspection Engineer","","","Reed","Test Automation Engineer","🏢 Office | 📍 Brak lokalizacji","https://www.reed.co.uk/jobs/electrical-test-and-inspection-engineer/56925201?source=searchResults&filter=%2Fjobs%2Ftest-automation-engineer-jobs-in-united-kingdom",""
"Test Engineer","","","Reed","Test Automation Engineer","🏢 Office | 📍 Brak lokalizacji","https://www.reed.co.uk/jobs/test-engineer/56933380?source=searchResults&filter=%2Fjobs%2Ftest-automation-engineer-jobs-in-united-kingdom",""
"Software Engineer In Test (SDET)","","","Reed","Test Automation Engineer","🏢 Office | 📍 Brak lokalizacji","https://www.reed.co.uk/jobs/software-engineer-in-test-sdet/56964010?source=searchResults&filter=%2Fjobs%2Ftest-automation-engineer-jobs-in-united-kingdom",""
"Lead Test Engineer – 12 month – SC Cleared – Manchester","","","Reed","Test Automation Engineer","🏢 Office | 📍 Brak lokalizacji","https://www.reed.co.uk/jobs/lead-test-engineer--12-month--sc-cleared--manchester/56876926?source=searchResults&filter=%2Fjobs%2Ftest-automation-engineer-jobs-in-united-kingdom",""
"Automation Project Engineer","","","Reed","Test Automation Engineer","🏢 Office | 📍 Brak lokalizacji","https://www.reed.co.uk/jobs/automation-project-engineer/56968085?source=searchResults&filter=%2Fjobs%2Ftest-automation-engineer-jobs-in-united-kingdom",""
"Principal SDET/SEIT","","","Reed","SDET","🏢 Office | 📍 Brak lokalizacji","https://www.reed.co.uk/jobs/principal-sdet-seit/56964006?source=searchResults&filter=%2Fjobs%2Fsdet-jobs-in-united-kingdom",""
"Software Engineer In Test (SDET)","","","Reed","SDET","🏢 Office | 📍 Brak lokalizacji","https://www.reed.co.uk/jobs/software-engineer-in-test-sdet/56964010?source=searchResults&filter=%2Fjobs%2Fsdet-jobs-in-united-kingdom",""
"Senior QA Tester","","","Reed","SDET","🏢 Office | 📍 Brak lokalizacji","https://www.reed.co.uk/jobs/senior-qa-tester/56917575?source=searchResults&filter=%2Fjobs%2Fsdet-jobs-in-united-kingdom",""
"QA Systems Application Specialist","","","Reed","SDET","🏢 Office | 📍 Brak lokalizacji","https://www.reed.co.uk/jobs/qa-systems-application-specialist/56931686?source=searchResults&filter=%2Fjobs%2Fsdet-jobs-in-united-kingdom",""
"SDR FPGA Engineer","","","Reed","SDET","🏢 Office | 📍 Brak lokalizacji","https://www.reed.co.uk/jobs/sdr-fpga-engineer/56893318?source=searchResults&filter=%2Fjobs%2Fsdet-jobs-in-united-kingdom",""
"Technical Delivery Lead - SDLC & Infrastructure","","","Reed","SDET","🏢 Office | 📍 Brak lokalizacji","https://www.reed.co.uk/jobs/technical-delivery-lead-sdlc-infrastructure/56830380?source=searchResults&filter=%2Fjobs%2Fsdet-jobs-in-united-kingdom",""
"SDR Manager","","","Reed","SDET","🏢 Office | 📍 Brak lokalizacji","https://www.reed.co.uk/jobs/sdr-manager/56919360?source=searchResults&filter=%2Fjobs%2Fsdet-jobs-in-united-kingdom",""
"SDR Manager","","","Reed","SDET","🏢 Office | 📍 Brak lokalizacji","https://www.reed.co.uk/jobs/sdr-manager/56861939?source=searchResults&filter=%2Fjobs%2Fsdet-jobs-in-united-kingdom",""
"QA Test Lead (CCH Tagetik)","","","Reed","SDET","🏢 Office | 📍 Brak lokalizacji","https://www.reed.co.uk/jobs/qa-test-lead-cch-tagetik/56957487?source=searchResults&filter=%2Fjobs%2Fsdet-jobs-in-united-kingdom",""
"SRE Technical Lead","","","Reed","SDET","🏢 Office | 📍 Brak lokalizacji","https://www.reed.co.uk/jobs/sre-technical-lead/56991911?source=searchResults&filter=%2Fjobs%2Fsdet-jobs-in-united-kingdom",""
"SDR Manager - Team of 8 - SAAS Fintech -Slough","","","Reed","SDET","🏢 Office | 📍 Brak lokalizacji","https://www.reed.co.uk/jobs/sdr-manager-team-of-8-saas-fintech-slough/56905611?source=searchResults&filter=%2Fjobs%2Fsdet-jobs-in-united-kingdom",""
"Senior QA Engineer","","","Reed","SDET","🏢 Office | 📍 Brak lokalizacji","https://www.reed.co.uk/jobs/senior-qa-engineer/56942815?source=searchResults&filter=%2Fjobs%2Fsdet-jobs-in-united-kingdom",""
"Senior QA Engineer","","","Reed","SDET","🏢 Office | 📍 Brak lokalizacji","https://www.reed.co.uk/jobs/senior-qa-engineer/56942822?source=searchResults&filter=%2Fjobs%2Fsdet-jobs-in-united-kingdom",""
"SDR Manager - Team of 8 - SAAS Fintech - London","","","Reed","SDET","🏢 Office | 📍 Brak lokalizacji","https://www.reed.co.uk/jobs/sdr-manager-team-of-8-saas-fintech-london/56898510?source=searchResults&filter=%2Fjobs%2Fsdet-jobs-in-united-kingdom",""
"SDR Manager - Team of 8 - SAAS Fintech","","","Reed","SDET","🏢 Office | 📍 Brak lokalizacji","https://www.reed.co.uk/jobs/sdr-manager-team-of-8-saas-fintech/56974917?source=searchResults&filter=%2Fjobs%2Fsdet-jobs-in-united-kingdom",""
"CREST Penetration Tester","","","Reed","SDET","🏢 Office | 📍 Brak lokalizacji","https://www.reed.co.uk/jobs/crest-penetration-tester/56872382?source=searchResults&filter=%2Fjobs%2Fsdet-jobs-in-united-kingdom",""
"QA Automation Engineer","","","Reed","SDET","🏢 Office | 📍 Brak lokalizacji","https://www.reed.co.uk/jobs/qa-automation-engineer/56978781?source=searchResults&filter=%2Fjobs%2Fsdet-jobs-in-united-kingdom",""
"Test Development Engineer","","","Reed","SDET","🏢 Office | 📍 Brak lokalizacji","https://www.reed.co.uk/jobs/test-development-engineer/56722326?source=searchResults&filter=%2Fjobs%2Fsdet-jobs-in-united-kingdom",""
"Software Engineer / Senior QA & Test - DO-178C","","","Reed","SDET","🏢 Office | 📍 Brak lokalizacji","https://www.reed.co.uk/jobs/software-engineer-senior-qa-test-do-178c/56945855?source=searchResults&filter=%2Fjobs%2Fsdet-jobs-in-united-kingdom",""
"Test Engineer (SFIA 4)","","","Reed","SDET","🏢 Office | 📍 Brak lokalizacji","https://www.reed.co.uk/jobs/test-engineer-sfia-4/56929400?source=searchResults&filter=%2Fjobs%2Fsdet-jobs-in-united-kingdom",""
"Senior Penetration Tester","","","Reed","SDET","🏢 Office | 📍 Brak lokalizacji","https://www.reed.co.uk/jobs/senior-penetration-tester/56858032?source=searchResults&filter=%2Fjobs%2Fsdet-jobs-in-united-kingdom",""
"DevSecOps","","","Reed","SDET","🏢 Office | 📍 Brak lokalizacji","https://www.reed.co.uk/jobs/devsecops/56843240?source=searchResults&filter=%2Fjobs%2Fsdet-jobs-in-united-kingdom",""
"GCP QA Consultant (Contract)","","","Reed","SDET","🏢 Office | 📍 Brak lokalizacji","https://www.reed.co.uk/jobs/gcp-qa-consultant-contract/56950870?source=searchResults&filter=%2Fjobs%2Fsdet-jobs-in-united-kingdom",""
"SC Cleared Tester","","","Reed","SDET","🏢 Office | 📍 Brak lokalizacji","https://www.reed.co.uk/jobs/sc-cleared-tester/56852462?source=searchResults&filter=%2Fjobs%2Fsdet-jobs-in-united-kingdom",""
"SRE | Bristol | Cyber-tech Scale Up | £90-105k","","","Reed","SDET","🏢 Office | 📍 Brak lokalizacji","https://www.reed.co.uk/jobs/sre--bristol--cyber-tech-scale-up--90-105k/56886024?source=searchResults&filter=%2Fjobs%2Fsdet-jobs-in-united-kingdom",""
"Software Engineer In Test (SDET)","","","Reed","Software Engineer in Test","🏢 Office | 📍 Brak lokalizacji","https://www.reed.co.uk/jobs/software-engineer-in-test-sdet/56964010?source=searchResults&filter=%2Fjobs%2Fsoftware-engineer-in-test-jobs-in-united-kingdom",""
"Software Engineer / Senior QA & Test - DO-178C","","","Reed","Software Engineer in Test","🏢 Office | 📍 Brak lokalizacji","https://www.reed.co.uk/jobs/software-engineer-senior-qa-test-do-178c/56945855?source=searchResults&filter=%2Fjobs%2Fsoftware-engineer-in-test-jobs-in-united-kingdom",""
"Software Applications Engineer","","","Reed","Software Engineer in Test","🏢 Office | 📍 Brak lokalizacji","https://www.reed.co.uk/jobs/software-applications-engineer/56852363?source=searchResults&filter=%2Fjobs%2Fsoftware-engineer-in-test-jobs-in-united-kingdom",""
"QA Engineer - Manual testing web applications","","","Reed","Software Engineer in Test","🏢 Office | 📍 Brak lokalizacji","https://www.reed.co.uk/jobs/qa-engineer-manual-testing-web-applications/56933699?source=searchResults&filter=%2Fjobs%2Fsoftware-engineer-in-test-jobs-in-united-kingdom",""
"Application Software Engineer","","","Reed","Software Engineer in Test","🏢 Office | 📍 Brak lokalizacji","https://www.reed.co.uk/jobs/application-software-engineer/56978825?source=searchResults&filter=%2Fjobs%2Fsoftware-engineer-in-test-jobs-in-united-kingdom",""
"ADA Software Engineer","","","Reed","Software Engineer in Test","🏢 Office | 📍 Brak lokalizacji","https://www.reed.co.uk/jobs/ada-software-engineer/56861138?source=searchResults&filter=%2Fjobs%2Fsoftware-engineer-in-test-jobs-in-united-kingdom",""
"Full Stack Software Engineer","","","Reed","Software Engineer in Test","🏢 Office | 📍 Brak lokalizacji","https://www.reed.co.uk/jobs/full-stack-software-engineer/56952995?source=searchResults&filter=%2Fjobs%2Fsoftware-engineer-in-test-jobs-in-united-kingdom",""
"Senior Software Engineer","","","Reed","Software Engineer in Test","🏢 Office | 📍 Brak lokalizacji","https://www.reed.co.uk/jobs/senior-software-engineer/56867019?source=searchResults&filter=%2Fjobs%2Fsoftware-engineer-in-test-jobs-in-united-kingdom",""
"Senior Software Developer","","","Reed","Software Engineer in Test","🏢 Office | 📍 Brak lokalizacji","https://www.reed.co.uk/jobs/senior-software-developer/56904263?source=searchResults&filter=%2Fjobs%2Fsoftware-engineer-in-test-jobs-in-united-kingdom",""
"Software Developer","","","Reed","Software Engineer in Test","🏢 Office | 📍 Brak lokalizacji","https://www.reed.co.uk/jobs/software-developer/57002409?source=searchResults&filter=%2Fjobs%2Fsoftware-engineer-in-test-jobs-in-united-kingdom",""
"Senior Software Engineer","","","Reed","Software Engineer in Test","🏢 Office | 📍 Brak lokalizacji","https://www.reed.co.uk/jobs/senior-software-engineer/56864801?source=searchResults&filter=%2Fjobs%2Fsoftware-engineer-in-test-jobs-in-united-kingdom",""
"Principal Software Engineer","","","Reed","Software Engineer in Test","🏢 Office | 📍 Brak lokalizacji","https://www.reed.co.uk/jobs/principal-software-engineer/56913241?source=searchResults&filter=%2Fjobs%2Fsoftware-engineer-in-test-jobs-in-united-kingdom",""
"Graduate Software Engineer","","","Reed","Software Engineer in Test","🏢 Office | 📍 Brak lokalizacji","https://www.reed.co.uk/jobs/graduate-software-engineer/56933725?source=searchResults&filter=%2Fjobs%2Fsoftware-engineer-in-test-jobs-in-united-kingdom",""
"Embedded Software Engineer","","","Reed","Software Engineer in Test","🏢 Office | 📍 Brak lokalizacji","https://www.reed.co.uk/jobs/embedded-software-engineer/56951387?source=searchResults&filter=%2Fjobs%2Fsoftware-engineer-in-test-jobs-in-united-kingdom",""
"Chief Software Architect","","","Reed","Software Engineer in Test","🏢 Office | 📍 Brak lokalizacji","https://www.reed.co.uk/jobs/chief-software-architect/56976824?source=searchResults&filter=%2Fjobs%2Fsoftware-engineer-in-test-jobs-in-united-kingdom",""
"Lead Software Engineer","","","Reed","Software Engineer in Test","🏢 Office | 📍 Brak lokalizacji","https://www.reed.co.uk/jobs/lead-software-engineer/56969653?source=searchResults&filter=%2Fjobs%2Fsoftware-engineer-in-test-jobs-in-united-kingdom",""
"Software Developer Apprentice","","","Reed","Software Engineer in Test","🏢 Office | 📍 Brak lokalizacji","https://www.reed.co.uk/jobs/software-developer-apprentice/56964161?source=searchResults&filter=%2Fjobs%2Fsoftware-engineer-in-test-jobs-in-united-kingdom",""
"Software Engineer","","","Reed","Software Engineer in Test","🏢 Office | 📍 Brak lokalizacji","https://www.reed.co.uk/jobs/software-engineer/56867830?source=searchResults&filter=%2Fjobs%2Fsoftware-engineer-in-test-jobs-in-united-kingdom",""
"Software Engineer","","","Reed","Software Engineer in Test","🏢 Office | 📍 Brak lokalizacji","https://www.reed.co.uk/jobs/software-engineer/56979025?source=searchResults&filter=%2Fjobs%2Fsoftware-engineer-in-test-jobs-in-united-kingdom",""
"Software Engineer","","","Reed","Software Engineer in Test","🏢 Office | 📍 Brak lokalizacji","https://www.reed.co.uk/jobs/software-engineer/56966716?source=searchResults&filter=%2Fjobs%2Fsoftware-engineer-in-test-jobs-in-united-kingdom",""
"Mechanical Engineer","","","Reed","Software Engineer in Test","🏢 Office | 📍 Brak lokalizacji","https://www.reed.co.uk/jobs/mechanical-engineer/56817766?source=searchResults&filter=%2Fjobs%2Fsoftware-engineer-in-test-jobs-in-united-kingdom",""
"Software Engineer","","","Reed","Software Engineer in Test","🏢 Office | 📍 Brak lokalizacji","https://www.reed.co.uk/jobs/software-engineer/57001336?source=searchResults&filter=%2Fjobs%2Fsoftware-engineer-in-test-jobs-in-united-kingdom",""
"Software Engineer","","","Reed","Software Engineer in Test","🏢 Office | 📍 Brak lokalizacji","https://www.reed.co.uk/jobs/software-engineer/56918806?source=searchResults&filter=%2Fjobs%2Fsoftware-engineer-in-test-jobs-in-united-kingdom",""
"Electronics Engineer","","","Reed","Software Engineer in Test","🏢 Office | 📍 Brak lokalizacji","https://www.reed.co.uk/jobs/electronics-engineer/56873409?source=searchResults&filter=%2Fjobs%2Fsoftware-engineer-in-test-jobs-in-united-kingdom",""
"Electronics Engineer","","","Reed","Software Engineer in Test","🏢 Office | 📍 Brak lokalizacji","https://www.reed.co.uk/jobs/electronics-engineer/56661288?source=searchResults&filter=%2Fjobs%2Fsoftware-engineer-in-test-jobs-in-united-kingdom",""
"Test Engineer","","","Reed","Test Engineer","🏢 Office | 📍 Brak lokalizacji","https://www.reed.co.uk/jobs/test-engineer/56955292?source=searchResults&filter=%2Fjobs%2Ftest-engineer-jobs-in-united-kingdom",""
"PNT Test Engineer","","","Reed","Test Engineer","🏢 Office | 📍 Brak lokalizacji","https://www.reed.co.uk/jobs/pnt-test-engineer/56985702?source=searchResults&filter=%2Fjobs%2Ftest-engineer-jobs-in-united-kingdom",""
"Test Engineer","","","Reed","Test Engineer","🏢 Office | 📍 Brak lokalizacji","https://www.reed.co.uk/jobs/test-engineer/56852380?source=searchResults&filter=%2Fjobs%2Ftest-engineer-jobs-in-united-kingdom",""
"Test Engineer","","","Reed","Test Engineer","🏢 Office | 📍 Brak lokalizacji","https://www.reed.co.uk/jobs/test-engineer/56990525?source=searchResults&filter=%2Fjobs%2Ftest-engineer-jobs-in-united-kingdom",""
"Test Engineer","","","Reed","Test Engineer","🏢 Office | 📍 Brak lokalizacji","https://www.reed.co.uk/jobs/test-engineer/56837052?source=searchResults&filter=%2Fjobs%2Ftest-engineer-jobs-in-united-kingdom",""
"Test Engineer","","","Reed","Test Engineer","🏢 Office | 📍 Brak lokalizacji","https://www.reed.co.uk/jobs/test-engineer/56978876?source=searchResults&filter=%2Fjobs%2Ftest-engineer-jobs-in-united-kingdom",""
"Test Engineer","","","Reed","Test Engineer","🏢 Office | 📍 Brak lokalizacji","https://www.reed.co.uk/jobs/test-engineer/56955554?source=searchResults&filter=%2Fjobs%2Ftest-engineer-jobs-in-united-kingdom",""
"Test Engineer","","","Reed","Test Engineer","🏢 Office | 📍 Brak lokalizacji","https://www.reed.co.uk/jobs/test-engineer/56933380?source=searchResults&filter=%2Fjobs%2Ftest-engineer-jobs-in-united-kingdom",""
"Test Engineer","","","Reed","Test Engineer","🏢 Office | 📍 Brak lokalizacji","https://www.reed.co.uk/jobs/test-engineer/56960933?source=searchResults&filter=%2Fjobs%2Ftest-engineer-jobs-in-united-kingdom",""
"Test Engineer","","","Reed","Test Engineer","🏢 Office | 📍 Brak lokalizacji","https://www.reed.co.uk/jobs/test-engineer/56868490?source=searchResults&filter=%2Fjobs%2Ftest-engineer-jobs-in-united-kingdom",""
"Test Engineer","","","Reed","Test Engineer","🏢 Office | 📍 Brak lokalizacji","https://www.reed.co.uk/jobs/test-engineer/57000861?source=searchResults&filter=%2Fjobs%2Ftest-engineer-jobs-in-united-kingdom",""
"Software Test Engineer","","","Reed","Test Engineer","🏢 Office | 📍 Brak lokalizacji","https://www.reed.co.uk/jobs/software-test-engineer/56968171?source=searchResults&filter=%2Fjobs%2Ftest-engineer-jobs-in-united-kingdom",""
"Automation Test Engineer","","","Reed","Test Engineer","🏢 Office | 📍 Brak lokalizacji","https://www.reed.co.uk/jobs/automation-test-engineer/56991276?source=searchResults&filter=%2Fjobs%2Ftest-engineer-jobs-in-united-kingdom",""
"Production Test Engineer","","","Reed","Test Engineer","🏢 Office | 📍 Brak lokalizacji","https://www.reed.co.uk/jobs/production-test-engineer/56952930?source=searchResults&filter=%2Fjobs%2Ftest-engineer-jobs-in-united-kingdom",""
"Software Test Engineer","","","Reed","Test Engineer","🏢 Office | 📍 Brak lokalizacji","https://www.reed.co.uk/jobs/software-test-engineer/56840898?source=searchResults&filter=%2Fjobs%2Ftest-engineer-jobs-in-united-kingdom",""
"EDS Test Engineer","","","Reed","Test Engineer","🏢 Office | 📍 Brak lokalizacji","https://www.reed.co.uk/jobs/eds-test-engineer/56904583?source=searchResults&filter=%2Fjobs%2Ftest-engineer-jobs-in-united-kingdom",""
"Software Test Engineer","","","Reed","Test Engineer","🏢 Office | 📍 Brak lokalizacji","https://www.reed.co.uk/jobs/software-test-engineer/56892387?source=searchResults&filter=%2Fjobs%2Ftest-engineer-jobs-in-united-kingdom",""
"Electrical Test Engineer","","","Reed","Test Engineer","🏢 Office | 📍 Brak lokalizacji","https://www.reed.co.uk/jobs/electrical-test-engineer/56891989?source=searchResults&filter=%2Fjobs%2Ftest-engineer-jobs-in-united-kingdom",""
"Electronic Test Engineer","","","Reed","Test Engineer","🏢 Office | 📍 Brak lokalizacji","https://www.reed.co.uk/jobs/electronic-test-engineer/56914050?source=searchResults&filter=%2Fjobs%2Ftest-engineer-jobs-in-united-kingdom",""
"Manufacturing Test Engineer","","","Reed","Test Engineer","🏢 Office | 📍 Brak lokalizacji","https://www.reed.co.uk/jobs/manufacturing-test-engineer/56722191?source=searchResults&filter=%2Fjobs%2Ftest-engineer-jobs-in-united-kingdom",""
"Electronics Test Engineer","","","Reed","Test Engineer","🏢 Office | 📍 Brak lokalizacji","https://www.reed.co.uk/jobs/electronics-test-engineer/56897817?source=searchResults&filter=%2Fjobs%2Ftest-engineer-jobs-in-united-kingdom",""
"Transducer Test Engineer","","","Reed","Test Engineer","🏢 Office | 📍 Brak lokalizacji","https://www.reed.co.uk/jobs/transducer-test-engineer/56950306?source=searchResults&filter=%2Fjobs%2Ftest-engineer-jobs-in-united-kingdom",""
"Electronics Test Engineer","","","Reed","Test Engineer","🏢 Office | 📍 Brak lokalizacji","https://www.reed.co.uk/jobs/electronics-test-engineer/56864741?source=searchResults&filter=%2Fjobs%2Ftest-engineer-jobs-in-united-kingdom",""
"Salesforce Test Engineer","","","Reed","Test Engineer","🏢 Office | 📍 Brak lokalizacji","https://www.reed.co.uk/jobs/salesforce-test-engineer/56871152?source=searchResults&filter=%2Fjobs%2Ftest-engineer-jobs-in-united-kingdom",""
"Electronic Test Engineer","","","Reed","Test Engineer","🏢 Office | 📍 Brak lokalizacji","https://www.reed.co.uk/jobs/electronic-test-engineer/56844925?source=searchResults&filter=%2Fjobs%2Ftest-engineer-jobs-in-united-kingdom",""
"QA Lead","","","Reed","QA Lead","🏢 Office | 📍 Brak lokalizacji","https://www.reed.co.uk/jobs/qa-lead/56952165?source=searchResults&filter=%2Fjobs%2Fqa-lead-jobs-in-united-kingdom",""
"QA/QA Lead-Food Sector","","","Reed","QA Lead","🏢 Office | 📍 Brak lokalizacji","https://www.reed.co.uk/jobs/qa-qa-lead-food-sector/56952387?source=searchResults&filter=%2Fjobs%2Fqa-lead-jobs-in-united-kingdom",""
"QA Team Lead","","","Reed","QA Lead","🏢 Office | 📍 Brak lokalizacji","https://www.reed.co.uk/jobs/qa-team-lead/56981332?source=searchResults&filter=%2Fjobs%2Fqa-lead-jobs-in-united-kingdom",""
"Software QA Lead","","","Reed","QA Lead","🏢 Office | 📍 Brak lokalizacji","https://www.reed.co.uk/jobs/software-qa-lead/56848224?source=searchResults&filter=%2Fjobs%2Fqa-lead-jobs-in-united-kingdom",""
"Data QA Lead","","","Reed","QA Lead","🏢 Office | 📍 Brak lokalizacji","https://www.reed.co.uk/jobs/data-qa-lead/56694668?source=searchResults&filter=%2Fjobs%2Fqa-lead-jobs-in-united-kingdom",""
"QA Test Lead (CCH Tagetik)","","","Reed","QA Lead","🏢 Office | 📍 Brak lokalizacji","https://www.reed.co.uk/jobs/qa-test-lead-cch-tagetik/56957487?source=searchResults&filter=%2Fjobs%2Fqa-lead-jobs-in-united-kingdom",""
"Lead QA Engineer","","","Reed","QA Lead","🏢 Office | 📍 Brak lokalizacji","https://www.reed.co.uk/jobs/lead-qa-engineer/56967072?source=searchResults&filter=%2Fjobs%2Fqa-lead-jobs-in-united-kingdom",""
"Quality Lead","","","Reed","QA Lead","🏢 Office | 📍 Brak lokalizacji","https://www.reed.co.uk/jobs/quality-lead/56988525?source=searchResults&filter=%2Fjobs%2Fqa-lead-jobs-in-united-kingdom",""
"QA Systems Application Specialist","","","Reed","QA Lead","🏢 Office | 📍 Brak lokalizacji","https://www.reed.co.uk/jobs/qa-systems-application-specialist/56931686?source=searchResults&filter=%2Fjobs%2Fqa-lead-jobs-in-united-kingdom",""
"Quality Assurance Manager - FMCG Manufacturing","","","Reed","QA Lead","🏢 Office | 📍 Brak lokalizacji","https://www.reed.co.uk/jobs/quality-assurance-manager-fmcg-manufacturing/56887030?source=searchResults&filter=%2Fjobs%2Fqa-lead-jobs-in-united-kingdom",""
"Senior QA Officer - Operations (18-month Fixed Term)","","","Reed","QA Lead","🏢 Office | 📍 Brak lokalizacji","https://www.reed.co.uk/jobs/senior-qa-officer-operations-18-month-fixed-term/56947470?source=searchResults&filter=%2Fjobs%2Fqa-lead-jobs-in-united-kingdom",""
"Quality Manager","","","Reed","QA Lead","🏢 Office | 📍 Brak lokalizacji","https://www.reed.co.uk/jobs/quality-manager/56936013?source=searchResults&filter=%2Fjobs%2Fqa-lead-jobs-in-united-kingdom",""
"Technical and Quality Manager","","","Reed","QA Lead","🏢 Office | 📍 Brak lokalizacji","https://www.reed.co.uk/jobs/technical-and-quality-manager/56987136?source=searchResults&filter=%2Fjobs%2Fqa-lead-jobs-in-united-kingdom",""
"Lead Auditor - QA/Test and Inspection","","","Reed","QA Lead","🏢 Office | 📍 Brak lokalizacji","https://www.reed.co.uk/jobs/lead-auditor-qa-test-and-inspection/57003975?source=searchResults&filter=%2Fjobs%2Fqa-lead-jobs-in-united-kingdom",""
"Lead Internal Quality Assurer","","","Reed","QA Lead","🏢 Office | 📍 Brak lokalizacji","https://www.reed.co.uk/jobs/lead-internal-quality-assurer/56852440?source=searchResults&filter=%2Fjobs%2Fqa-lead-jobs-in-united-kingdom",""
"QA Test Analyst","","","Reed","QA Lead","🏢 Office | 📍 Brak lokalizacji","https://www.reed.co.uk/jobs/qa-test-analyst/56934432?source=searchResults&filter=%2Fjobs%2Fqa-lead-jobs-in-united-kingdom",""
"Lead AI Red Teaming & QA Engineer","","","Reed","QA Lead","🏢 Office | 📍 Brak lokalizacji","https://www.reed.co.uk/jobs/lead-ai-red-teaming-qa-engineer/56912145?source=searchResults&filter=%2Fjobs%2Fqa-lead-jobs-in-united-kingdom",""
"Quality Assurance Analyst","","","Reed","QA Lead","🏢 Office | 📍 Brak lokalizacji","https://www.reed.co.uk/jobs/quality-assurance-analyst/57002078?source=searchResults&filter=%2Fjobs%2Fqa-lead-jobs-in-united-kingdom",""
"QA Engineer - Manual testing web applications","","","Reed","QA Lead","🏢 Office | 📍 Brak lokalizacji","https://www.reed.co.uk/jobs/qa-engineer-manual-testing-web-applications/56933699?source=searchResults&filter=%2Fjobs%2Fqa-lead-jobs-in-united-kingdom",""
"Quality Assurance Supervisor","","","Reed","QA Lead","🏢 Office | 📍 Brak lokalizacji","https://www.reed.co.uk/jobs/quality-assurance-supervisor/56951839?source=searchResults&filter=%2Fjobs%2Fqa-lead-jobs-in-united-kingdom",""
"Financial Crime QA Manager (Hybrid 3 days per week in Central London)","","","Reed","QA Lead","🔀 Hybrid | 📍 Brak lokalizacji","https://www.reed.co.uk/jobs/financial-crime-qa-manager-hybrid-3-days-per-week-in-central-london/56929738?source=searchResults&filter=%2Fjobs%2Fqa-lead-jobs-in-united-kingdom",""
"Quality Assurance Manager","","","Reed","QA Lead","🏢 Office | 📍 Brak lokalizacji","https://www.reed.co.uk/jobs/quality-assurance-manager/56943507?source=searchResults&filter=%2Fjobs%2Fqa-lead-jobs-in-united-kingdom",""
"Quality Assurance Specialist","","","Reed","QA Lead","🏢 Office | 📍 Brak lokalizacji","https://www.reed.co.uk/jobs/quality-assurance-specialist/56843359?source=searchResults&filter=%2Fjobs%2Fqa-lead-jobs-in-united-kingdom",""
"QA Auditor","","","Reed","QA Lead","🏢 Office | 📍 Brak lokalizacji","https://www.reed.co.uk/jobs/qa-auditor/56839922?source=searchResults&filter=%2Fjobs%2Fqa-lead-jobs-in-united-kingdom",""
"QA Team Leader","","","Reed","QA Lead","🏢 Office | 📍 Brak lokalizacji","https://www.reed.co.uk/jobs/qa-team-leader/56986755?source=searchResults&filter=%2Fjobs%2Fqa-lead-jobs-in-united-kingdom",""
"Principal Developer","Rebel Recruitment Limited","Birmingham, West Midlands","Adzuna (TotalJobs+)","Software QA Engineer","🏢 Office | 🚗 1h 44min | 🚌 ~2h 25min 💾","https://www.adzuna.co.uk/jobs/details/5752982086?utm_medium=api&utm_source=fec81443","2026-06-05"
"Senior Machine Learning Test Engineer United Kingdom","Autodesk","Sheffield, South Yorkshire","Adzuna (TotalJobs+)","Software QA Engineer","🏢 Office | 🚗 2h 9min ❌ | 🚌 ~3h 1min 💾","https://www.adzuna.co.uk/jobs/details/5751291321?utm_medium=api&utm_source=fec81443","2026-06-04"
"Senior Machine Learning Test Engineer United Kingdom","Autodesk","Birmingham, West Midlands","Adzuna (TotalJobs+)","Software QA Engineer","🏢 Office | 🚗 1h 37min | 🚌 ~2h 16min 💾","https://www.adzuna.co.uk/jobs/details/5751291313?utm_medium=api&utm_source=fec81443","2026-06-04"
"Senior Machine Learning Test Engineer United Kingdom","Autodesk","UK","Adzuna (TotalJobs+)","Software QA Engineer","🏢 Office | 📍 Brak lokalizacji","https://www.adzuna.co.uk/jobs/details/5751291300?utm_medium=api&utm_source=fec81443","2026-06-04"
"Software QA Engineer","Halliburton","UK","Adzuna (TotalJobs+)","Software QA Engineer","🏢 Office | 📍 Brak lokalizacji","https://www.adzuna.co.uk/jobs/details/5750412387?utm_medium=api&utm_source=fec81443","2026-06-03"
"Senior Gameplay Programmer","Cloud Imperium Games Limited","Manchester, Greater Manchester","Adzuna (TotalJobs+)","Software QA Engineer","🏢 Office | 🚗 1h 20min | 🚌 ~2h 24min 💾","https://www.adzuna.co.uk/jobs/details/5750340926?utm_medium=api&utm_source=fec81443","2026-06-03"
"Software Delivery Manager","SThree UK","East Midlands, UK","Adzuna (TotalJobs+)","Software QA Engineer","🏢 Office | 🚗 1h 35min | 🚌 ~2h 13min 💾","https://www.adzuna.co.uk/jobs/details/5744679934?utm_medium=api&utm_source=fec81443","2026-05-29"
"Software Delivery Manager","Computer Futures","East Midlands, UK","Adzuna (TotalJobs+)","Software QA Engineer","🏢 Office | 🚗 1h 29min | 🚌 ~2h 5min","https://www.adzuna.co.uk/jobs/land/ad/5744640102?se=plyHkLBk8RGfB7VO2mAFcg&utm_medium=api&utm_source=fec81443&v=0CF016F44183EFB169089D137DCBAE352ABD33A1","2026-05-29"
"Application Analyst - 12month FTC","Rightmove Careers","Milton Keynes, Buckinghamshire","Adzuna (TotalJobs+)","Software QA Engineer","🏢 Office | 🚗 2h 36min ❌ | 🚌 ~3h 39min 💾","https://www.adzuna.co.uk/jobs/details/5744466518?utm_medium=api&utm_source=fec81443","2026-05-29"
"Dynamics 365 CE Developer (Power Platform & CRM)",". CGI IT UK Limited","UK","Adzuna (TotalJobs+)","Software QA Engineer","🏢 Office | 📍 Brak lokalizacji","https://www.adzuna.co.uk/jobs/details/5743990535?utm_medium=api&utm_source=fec81443","2026-05-28"
"QA Automation / SDET Engineer","Pro Contract Jobs Ltd","Birmingham, West Midlands","Adzuna (TotalJobs+)","Software QA Engineer","🏢 Office | 🚗 1h 42min | 🚌 ~2h 23min 💾","https://www.adzuna.co.uk/jobs/details/5743673714?utm_medium=api&utm_source=fec81443","2026-05-28"
"Simulation Engineer","Frontier Resourcing Ltd","UK","Adzuna (TotalJobs+)","Software QA Engineer","🏢 Office | 📍 Brak lokalizacji","https://www.adzuna.co.uk/jobs/land/ad/5742314490?se=plyHkLBk8RGfB7VO2mAFcg&utm_medium=api&utm_source=fec81443&v=958454C73AFEB669B0C238415E66A5CABC337714","2026-05-27"
"Software Engineer / Senior QA & Test - DO-178C","DCS Recruitment","Oxfordshire, South East England","Adzuna (TotalJobs+)","Software QA Engineer","🏢 Office | 🚗 2h 48min ❌ | 🚌 ~3h 55min","https://www.adzuna.co.uk/jobs/land/ad/5742298253?se=plyHkLBk8RGfB7VO2mAFcg&utm_medium=api&utm_source=fec81443&v=B84FEDAC1923E0FBCAAE14B04905D32D007EEE92","2026-05-27"
"QA Automation / SDET Engineer","Syntax Consultancy Ltd","Balsall Heath, Birmingham","Adzuna (TotalJobs+)","Software QA Engineer","🏢 Office | 🚗 1h 49min | 🚌 ~2h 33min","https://www.adzuna.co.uk/jobs/land/ad/5740349601?se=plyHkLBk8RGfB7VO2mAFcg&utm_medium=api&utm_source=fec81443&v=A0514047D200C1EA08A8FDE8CEAB39C3FCEE213A","2026-05-25"
"Senior Software Engineer (ML QA)","Graphcore","Bristol, South West England","Adzuna (TotalJobs+)","Software QA Engineer","🏢 Office | 🚗 1h 52min | 🚌 ~2h 37min 💾","https://www.adzuna.co.uk/jobs/details/5739766551?utm_medium=api&utm_source=fec81443","2026-05-24"
"QA / Test Engineer - eSC / DV cleared",". Investigo","UK","Adzuna (TotalJobs+)","Software QA Engineer","🏢 Office | 📍 Brak lokalizacji","https://www.adzuna.co.uk/jobs/details/5735631290?utm_medium=api&utm_source=fec81443","2026-05-20"
"QA Automation / SDET Engineer","Syntax Consultancy Ltd","Balsall Heath, Birmingham","Adzuna (TotalJobs+)","Software QA Automation Engineer","🏢 Office | 🚗 1h 49min | 🚌 ~2h 33min","https://www.adzuna.co.uk/jobs/land/ad/5740349601?se=uN_2kLBk8RGcb9ztLv_yWQ&utm_medium=api&utm_source=fec81443&v=A0514047D200C1EA08A8FDE8CEAB39C3FCEE213A","2026-05-25"
"Senior Delivery Manager","Informed Solutions","Holbeck, Leeds","Adzuna (TotalJobs+)","Software QA Automation Engineer","🏢 Office | 🚗 1h 52min | 🚌 ~2h 37min 💾","https://www.adzuna.co.uk/jobs/details/5733143777?utm_medium=api&utm_source=fec81443","2026-05-18"
"Senior Delivery Manager","Informed Solutions","Altrincham, Greater Manchester","Adzuna (TotalJobs+)","Software QA Automation Engineer","🏢 Office | 🚗 1h 3min | 🚌 ~1h 54min 💾","https://www.adzuna.co.uk/jobs/details/5457262885?utm_medium=api&utm_source=fec81443","2025-10-21"
"Media Buyer","Huzzle","UK","Adzuna (TotalJobs+)","Testing Lead","🏢 Office | 📍 Brak lokalizacji","https://www.adzuna.co.uk/jobs/details/5758162780?utm_medium=api&utm_source=fec81443","2026-06-10"
"Functional Consultant - Dynamics 365 Sales & Business Central","ECS","Nottingham, Nottinghamshire","Adzuna (TotalJobs+)","Testing Lead","🏢 Office | 🚗 2h 16min ❌ | 🚌 ~3h 10min","https://www.adzuna.co.uk/jobs/land/ad/5757976607?se=ZoMxkbBk8RGcb9ztLv_yWQ&utm_medium=api&utm_source=fec81443&v=6D3DA953EDE6915A4C46B5C5E85A509204797C51","2026-06-10"
"Sr. EU Site Process Engineer, EU CF PE","Amazon","Manchester, Greater Manchester","Adzuna (TotalJobs+)","Testing Lead","🏢 Office | 🚗 1h 20min | 🚌 ~2h 24min","https://www.adzuna.co.uk/jobs/details/5757821351?utm_medium=api&utm_source=fec81443","2026-06-10"
"Test Engineer","Safran","Staverton Technology Park, Staverton","Adzuna (TotalJobs+)","Testing Lead","🏢 Office | 🚗 2h 18min ❌ | 🚌 ~3h 13min","https://www.adzuna.co.uk/jobs/details/5757765898?utm_medium=api&utm_source=fec81443","2026-06-09"
"Senior Affiliate Executive","Matalan","Liverpool, Merseyside","Adzuna (TotalJobs+)","Testing Lead","🏢 Office | 🚗 52min | 🚌 ~1h 34min","https://www.adzuna.co.uk/jobs/land/ad/5757746992?se=ZoMxkbBk8RGcb9ztLv_yWQ&utm_medium=api&utm_source=fec81443&v=8AFA00671F337CF055AE3306ED09951FEAE0DDE4","2026-06-09"
"Test Engineer","Safran","Staverton Technology Park, Staverton","Adzuna (TotalJobs+)","Testing Lead","🏢 Office | 🚗 2h 18min ❌ | 🚌 ~3h 13min","https://www.adzuna.co.uk/jobs/details/5757732945?utm_medium=api&utm_source=fec81443","2026-06-09"
"Alcohol & Drug Technician - Aviemore","Health Partners","UK","Adzuna (TotalJobs+)","Testing Lead","🏢 Office | 📍 Brak lokalizacji","https://www.adzuna.co.uk/jobs/details/5757731114?utm_medium=api&utm_source=fec81443","2026-06-09"
"Alcohol & Drug Technician - Glencoe","Health Partners","UK","Adzuna (TotalJobs+)","Testing Lead","🏢 Office | 📍 Brak lokalizacji","https://www.adzuna.co.uk/jobs/details/5757731116?utm_medium=api&utm_source=fec81443","2026-06-09"
"Alcohol & Drug Technician - North Wales","Health Partners","UK","Adzuna (TotalJobs+)","Testing Lead","🏢 Office | 📍 Brak lokalizacji","https://www.adzuna.co.uk/jobs/details/5757731113?utm_medium=api&utm_source=fec81443","2026-06-09"
"Alcohol & Drug Technician - Belfast","Health Partners","UK","Adzuna (TotalJobs+)","Testing Lead","🏢 Office | 📍 Brak lokalizacji","https://www.adzuna.co.uk/jobs/details/5757731118?utm_medium=api&utm_source=fec81443","2026-06-09"
"Alcohol & Drug Technician - Middlesborough / Yorkshire","Health Partners","UK","Adzuna (TotalJobs+)","Testing Lead","🏢 Office | 📍 Brak lokalizacji","https://www.adzuna.co.uk/jobs/details/5757731112?utm_medium=api&utm_source=fec81443","2026-06-09"
"Cockpit Test & Development Lead Engineer","Contechs Consulting Ltd","Warwick, Warwickshire","Adzuna (TotalJobs+)","Testing Lead","🏢 Office | 🚗 2h 8min ❌ | 🚌 ~2h 59min","https://www.adzuna.co.uk/jobs/details/5757730591?utm_medium=api&utm_source=fec81443","2026-06-09"
"Technical Group Leader","Contechs Consulting Ltd","Warwick, Warwickshire","Adzuna (TotalJobs+)","Testing Lead","🏢 Office | 🚗 2h 8min ❌ | 🚌 ~2h 59min","https://www.adzuna.co.uk/jobs/details/5757730588?utm_medium=api&utm_source=fec81443","2026-06-09"
"Digital Marketing Manager","M&P Property Management","UK","Adzuna (TotalJobs+)","Testing Lead","🏢 Office | 📍 Brak lokalizacji","https://www.adzuna.co.uk/jobs/land/ad/5757517600?se=ZoMxkbBk8RGcb9ztLv_yWQ&utm_medium=api&utm_source=fec81443&v=FCE6F9287A6D1DF719E302A5193FB280F59A0CF1","2026-06-09"
"Test Engineer","Safran","Gloucester, Gloucestershire","Adzuna (TotalJobs+)","Testing Lead","🏢 Office | 🚗 2h 25min ❌ | 🚌 ~3h 23min","https://www.adzuna.co.uk/jobs/details/5757470911?utm_medium=api&utm_source=fec81443","2026-06-09"
"Ecommerce Manager","We Are Fr Group","Manchester, Greater Manchester","Adzuna (TotalJobs+)","Testing Lead","🏢 Office | 🚗 1h 20min | 🚌 ~2h 24min","https://www.adzuna.co.uk/jobs/details/5757469749?utm_medium=api&utm_source=fec81443","2026-06-09"
"Quality Manager","Chase and Holland Recruitment Ltd","Retford, Nottinghamshire","Adzuna (TotalJobs+)","Testing Lead","🏢 Office | 🚗 2h 31min ❌ | 🚌 ~3h 31min","https://www.adzuna.co.uk/jobs/details/5757439081?utm_medium=api&utm_source=fec81443","2026-06-09"
"Senior Creative Strategist","Soar With Us","Birmingham, West Midlands","Adzuna (TotalJobs+)","Testing Lead","🏢 Office | 🚗 1h 42min | 🚌 ~2h 23min","https://www.adzuna.co.uk/jobs/details/5757436927?utm_medium=api&utm_source=fec81443","2026-06-09"
"Senior Creative Strategist","Soar With Us","Manchester, Greater Manchester","Adzuna (TotalJobs+)","Testing Lead","🏢 Office | 🚗 1h 20min | 🚌 ~2h 24min","https://www.adzuna.co.uk/jobs/details/5757436928?utm_medium=api&utm_source=fec81443","2026-06-09"
"Electrical Test Engineer","Staffline","Impney, Droitwich","Adzuna (TotalJobs+)","Testing Lead","🏢 Office | 🚗 1h 51min | 🚌 ~2h 36min","https://www.adzuna.co.uk/jobs/details/5757409689?utm_medium=api&utm_source=fec81443","2026-06-09"
"Electronic Test Engineer","Forwessun","Speke, Liverpool","Adzuna (TotalJobs+)","Testing Lead","🏢 Office | 🚗 49min | 🚌 ~1h 28min","https://www.adzuna.co.uk/jobs/details/5757409398?utm_medium=api&utm_source=fec81443","2026-06-09"
"Paid Media Manager","Focus 5 Recruitment Ltd","Hyde Park, Leeds","Adzuna (TotalJobs+)","Testing Lead","🏢 Office | 🚗 1h 52min | 🚌 ~2h 37min","https://www.adzuna.co.uk/jobs/land/ad/5757382182?se=ZoMxkbBk8RGcb9ztLv_yWQ&utm_medium=api&utm_source=fec81443&v=B499D99239CAFCD1BD9BEF4B7DF94ADEB8A27735","2026-06-09"
"Quality Manager","Chase and Holland","Bolham, Retford","Adzuna (TotalJobs+)","Testing Lead","🏢 Office | 🚗 2h 34min ❌ | 🚌 ~3h 35min","https://www.adzuna.co.uk/jobs/details/5757382131?utm_medium=api&utm_source=fec81443","2026-06-09"
"Cockpit Test & Development Lead Engineer","Contechs Consulting","Guys Cliffe, Warwick","Adzuna (TotalJobs+)","Testing Lead","🏢 Office | 🚗 2h 7min ❌ | 🚌 ~2h 58min","https://www.adzuna.co.uk/jobs/details/5757381929?utm_medium=api&utm_source=fec81443","2026-06-09"
"Technical Group Leader","Contechs Consulting","Guys Cliffe, Warwick","Adzuna (TotalJobs+)","Testing Lead","🏢 Office | 🚗 2h 7min ❌ | 🚌 ~2h 58min","https://www.adzuna.co.uk/jobs/details/5757381857?utm_medium=api&utm_source=fec81443","2026-06-09"
"PPE Sales Manager (Personal, Protective Equipment)","Interaction Recruitment","Kettering, Northamptonshire","Adzuna (TotalJobs+)","Testing Lead","🏢 Office | 🚗 2h 23min ❌ | 🚌 ~3h 20min","https://www.adzuna.co.uk/jobs/land/ad/5757305141?se=ZoMxkbBk8RGcb9ztLv_yWQ&utm_medium=api&utm_source=fec81443&v=D8458466BD1453CBB1AC95C0E1F7F226235F9C3B","2026-06-09"
"Sr. EU Site Process Engineer, EU CF PE","AMAZON","UK","Adzuna (TotalJobs+)","Testing Lead","🏢 Office | 📍 Brak lokalizacji","https://www.adzuna.co.uk/jobs/details/5757224729?utm_medium=api&utm_source=fec81443","2026-06-09"
"Automation Test Engineer","CGI","UK","Adzuna (TotalJobs+)","Testing Lead","🏢 Office | 📍 Brak lokalizacji","https://www.adzuna.co.uk/jobs/details/5757224635?utm_medium=api&utm_source=fec81443","2026-06-09"
"Functional Consultant - Dynamics 365 Sales & Business Central","ECS","Nottingham, Nottinghamshire","Adzuna (TotalJobs+)","Test Lead","🏢 Office | 🚗 2h 16min ❌ | 🚌 ~3h 10min","https://www.adzuna.co.uk/jobs/land/ad/5757976607?se=5GTbkbBk8RGTu-mYSZsjHQ&utm_medium=api&utm_source=fec81443&v=6D3DA953EDE6915A4C46B5C5E85A509204797C51","2026-06-10"
"Senior Affiliate Executive","Matalan","Liverpool, Merseyside","Adzuna (TotalJobs+)","Test Lead","🏢 Office | 🚗 52min | 🚌 ~1h 34min","https://www.adzuna.co.uk/jobs/land/ad/5757746992?se=5GTbkbBk8RGTu-mYSZsjHQ&utm_medium=api&utm_source=fec81443&v=8AFA00671F337CF055AE3306ED09951FEAE0DDE4","2026-06-09"
"Digital Marketing Manager","M&P Property Management","UK","Adzuna (TotalJobs+)","Test Lead","🏢 Office | 📍 Brak lokalizacji","https://www.adzuna.co.uk/jobs/land/ad/5757517600?se=5GTbkbBk8RGTu-mYSZsjHQ&utm_medium=api&utm_source=fec81443&v=FCE6F9287A6D1DF719E302A5193FB280F59A0CF1","2026-06-09"
"Paid Media Manager","Focus 5 Recruitment Ltd","Hyde Park, Leeds","Adzuna (TotalJobs+)","Test Lead","🏢 Office | 🚗 1h 52min | 🚌 ~2h 37min","https://www.adzuna.co.uk/jobs/land/ad/5757382182?se=5GTbkbBk8RGTu-mYSZsjHQ&utm_medium=api&utm_source=fec81443&v=B499D99239CAFCD1BD9BEF4B7DF94ADEB8A27735","2026-06-09"
"PPE Sales Manager (Personal, Protective Equipment)","Interaction Recruitment","Kettering, Northamptonshire","Adzuna (TotalJobs+)","Test Lead","🏢 Office | 🚗 2h 23min ❌ | 🚌 ~3h 20min","https://www.adzuna.co.uk/jobs/land/ad/5757305141?se=5GTbkbBk8RGTu-mYSZsjHQ&utm_medium=api&utm_source=fec81443&v=D8458466BD1453CBB1AC95C0E1F7F226235F9C3B","2026-06-09"
"Electrical QA/QC Engineer","DCT Recruitment","Deeside, Flintshire","Adzuna (TotalJobs+)","QA Engineer","🏢 Office | 🚗 31min | 🚌 ~56min","https://www.adzuna.co.uk/jobs/land/ad/5757943998?se=2v4xkrBk8RGTu-mYSZsjHQ&utm_medium=api&utm_source=fec81443&v=84A0891AE66F6985B91241FA80EDD4A6C9886A85","2026-06-10"
"Electrical QA/QC Engineer","DCT Recruitment","UK","Adzuna (TotalJobs+)","QA Engineer","🏢 Office | 📍 Brak lokalizacji","https://www.adzuna.co.uk/jobs/land/ad/5757523753?se=2v4xkrBk8RGTu-mYSZsjHQ&utm_medium=api&utm_source=fec81443&v=785B6EDD10321BDDC6DC9C8C2283A666020275DE","2026-06-09"
"Quality Inspector","Kinetic PLC","Chickenley, Dewsbury","Adzuna (TotalJobs+)","QA Engineer","🏢 Office | 🚗 1h 53min | 🚌 ~2h 38min","https://www.adzuna.co.uk/jobs/details/5757460747?utm_medium=api&utm_source=fec81443","2026-06-09"
"Site engineer","RTL Group Ltd","Humberstone, Leicester","Adzuna (TotalJobs+)","QA Engineer","🏢 Office | 🚗 2h 27min ❌ | 🚌 ~3h 25min","https://www.adzuna.co.uk/jobs/land/ad/5757454124?se=2v4xkrBk8RGTu-mYSZsjHQ&utm_medium=api&utm_source=fec81443&v=A0DDC040500EB6954262567B66138BC5B8850B39","2026-06-09"
"Production Operative","Deeside Cereals","Deeside, Flintshire","Adzuna (TotalJobs+)","QA Engineer","🏢 Office | 🚗 31min | 🚌 ~56min","https://www.adzuna.co.uk/jobs/details/5757404252?utm_medium=api&utm_source=fec81443","2026-06-09"
"Contract Completion Engineer","Redline Group Ltd","East Riding Of Yorkshire, Yorkshire And The Humber","Adzuna (TotalJobs+)","QA Engineer","🏢 Office | 🚗 2h 46min ❌ | 🚌 ~3h 53min","https://www.adzuna.co.uk/jobs/land/ad/5757280591?se=2v4xkrBk8RGTu-mYSZsjHQ&utm_medium=api&utm_source=fec81443&v=235E24C19C0C3EB382E72ED3EFC0A98605EE755C","2026-06-09"
"Lead DevOps Engineer(7:00 AM to 3:00 PM Shift)","NICE","UK","Adzuna (TotalJobs+)","QA Engineer","🏢 Office | 📍 Brak lokalizacji","https://www.adzuna.co.uk/jobs/details/5757224689?utm_medium=api&utm_source=fec81443","2026-06-09"
"Quality Engineer - Computer Systems Validation","Oxford Nanopore Technologies","Littlemore, Oxford","Adzuna (TotalJobs+)","QA Engineer","🏢 Office | 🚗 2h 50min ❌ | 🚌 ~3h 58min","https://www.adzuna.co.uk/jobs/details/5757224684?utm_medium=api&utm_source=fec81443","2026-06-09"
"Associate QA Engineer","StorMagic","Bristol, South West England","Adzuna (TotalJobs+)","QA Engineer","🏢 Office | 🚗 1h 51min | 🚌 ~2h 35min","https://www.adzuna.co.uk/jobs/details/5757223621?utm_medium=api&utm_source=fec81443","2026-06-09"
"Quality Manager","Sulzer GT Aero Services","UK","Adzuna (TotalJobs+)","QA Engineer","🏢 Office | 📍 Brak lokalizacji","https://www.adzuna.co.uk/jobs/details/5757223581?utm_medium=api&utm_source=fec81443","2026-06-09"
"Section Engineer","Carmichael UK","Upper Radbourne, Southam","Adzuna (TotalJobs+)","QA Engineer","🏢 Office | 🚗 2h 24min ❌ | 🚌 ~3h 21min","https://www.adzuna.co.uk/jobs/land/ad/5757076291?se=2v4xkrBk8RGTu-mYSZsjHQ&utm_medium=api&utm_source=fec81443&v=213E9FCDD522B764D3C31E90C1EF721A41C45D0D","2026-06-09"
"Site Engineer","RTL Group Ltd","Higher Ferry, Chester","Adzuna (TotalJobs+)","QA Engineer","🏢 Office | 🚗 35min | 🚌 ~1h 3min","https://www.adzuna.co.uk/jobs/land/ad/5757066436?se=2v4xkrBk8RGTu-mYSZsjHQ&utm_medium=api&utm_source=fec81443&v=C88561520B8DCD7800ACC20CAECE8F41386722D5","2026-06-09"
"Quality Engineer","Hunter Selection","Stroud, Gloucestershire","Adzuna (TotalJobs+)","QA Engineer","🏢 Office | 🚗 2h 36min ❌ | 🚌 ~3h 39min","https://www.adzuna.co.uk/jobs/land/ad/5756540583?se=2v4xkrBk8RGTu-mYSZsjHQ&utm_medium=api&utm_source=fec81443&v=8D28C57B1118A547EB292E9CA5C18174264467EE","2026-06-08"
"Site engineer","RTL Group Ltd","Rusholme, Manchester","Adzuna (TotalJobs+)","QA Engineer","🏢 Office | 🚗 1h 11min | 🚌 ~2h 7min","https://www.adzuna.co.uk/jobs/land/ad/5756539476?se=2v4xkrBk8RGTu-mYSZsjHQ&utm_medium=api&utm_source=fec81443&v=B02F8FA34A938BFDA1F011AB9E6DC811C82AF5DF","2026-06-08"
"Site Engineer","RTL Group Ltd","Cheltenham Trade Park, Cheltenham","Adzuna (TotalJobs+)","QA Engineer","🏢 Office | 🚗 2h 20min ❌ | 🚌 ~3h 15min","https://www.adzuna.co.uk/jobs/land/ad/5756539466?se=2v4xkrBk8RGTu-mYSZsjHQ&utm_medium=api&utm_source=fec81443&v=BB77D02FEA9D23D35BFDF95B1E69BE00149691E2","2026-06-08"
"QA Tester","Frontier Resourcing Ltd","Normanton, West Yorkshire","Adzuna (TotalJobs+)","QA Engineer","🏢 Office | 🚗 1h 53min | 🚌 ~2h 38min","https://www.adzuna.co.uk/jobs/details/5756454329?utm_medium=api&utm_source=fec81443","2026-06-08"
"Site Engineer","Sphere Solutions","Bristol, South West England","Adzuna (TotalJobs+)","QA Engineer","🏢 Office | 🚗 1h 51min | 🚌 ~2h 35min","https://www.adzuna.co.uk/jobs/land/ad/5756444431?se=2v4xkrBk8RGTu-mYSZsjHQ&utm_medium=api&utm_source=fec81443&v=69073F8EDB96066A6BD09E4BEF3AC3C495860CC1","2026-06-08"
"Software Engineer (Java)","CGI","UK","Adzuna (TotalJobs+)","QA Engineer","🏢 Office | 📍 Brak lokalizacji","https://www.adzuna.co.uk/jobs/details/5756246356?utm_medium=api&utm_source=fec81443","2026-06-08"
"Mechanical Field Engineer - Steam Generation Facility","Amentum","Barrow-In-Furness, Cumbria","Adzuna (TotalJobs+)","QA Engineer","🏢 Office | 🚗 2h 29min ❌ | 🚌 ~3h 29min","https://www.adzuna.co.uk/jobs/land/ad/5755760582?se=2v4xkrBk8RGTu-mYSZsjHQ&utm_medium=api&utm_source=fec81443&v=42C8FE7146E4ECB667CC305C5B45E34B572D4104","2026-06-07"
"QA QC Engineer","MDE Consultants Ltd","Leeds, West Yorkshire","Adzuna (TotalJobs+)","QA Engineer","🏢 Office | 🚗 1h 57min | 🚌 ~2h 44min","https://www.adzuna.co.uk/jobs/land/ad/5755606968?se=2v4xkrBk8RGTu-mYSZsjHQ&utm_medium=api&utm_source=fec81443&v=1B8AE176C5D107F30437DE9A966361180594171A","2026-06-07"
"Full Stack SDET (Software Development Engineer in Test)","HEI","UK","Adzuna (TotalJobs+)","QA Engineer","🏢 Office | 📍 Brak lokalizacji","https://www.adzuna.co.uk/jobs/details/5755551644?utm_medium=api&utm_source=fec81443","2026-06-07"
"Associate Engineer, GxP IT Support","ModernaTX","UK","Adzuna (TotalJobs+)","QA Engineer","🏢 Office | 📍 Brak lokalizacji","https://www.adzuna.co.uk/jobs/details/5755550273?utm_medium=api&utm_source=fec81443","2026-06-07"
"Senior QA Test Engineer £70,000 - Bristol","SR2","Bristol, South West England","Adzuna (TotalJobs+)","QA Automation Engineer","🏢 Office | 🚗 1h 51min | 🚌 ~2h 35min","https://www.adzuna.co.uk/jobs/land/ad/5749243286?se=MN-WkrBk8RGf9dnV8R691A&utm_medium=api&utm_source=fec81443&v=A789C0CB7CB47CFD0881ADDE62549370EE42A34A","2026-06-02"
"Senior Automation Engineer","Penta Consulting","Liverpool, Merseyside","Adzuna (TotalJobs+)","QA Automation Engineer","🏢 Office | 🚗 54min | 🚌 ~1h 37min 💾","https://www.adzuna.co.uk/jobs/details/5747314147?utm_medium=api&utm_source=fec81443","2026-06-01"
"Automation QA Test Engineer £70,000 - Bristol","SR2","Bristol, South West England","Adzuna (TotalJobs+)","QA Automation Engineer","🏢 Office | 🚗 1h 51min | 🚌 ~2h 35min","https://www.adzuna.co.uk/jobs/land/ad/5741324252?se=MN-WkrBk8RGf9dnV8R691A&utm_medium=api&utm_source=fec81443&v=05DB5CC844CE9AEDDCEBA4E1974D3D465C089C0E","2026-05-26"
"QA Automation / SDET Engineer","Syntax Consultancy Ltd","Balsall Heath, Birmingham","Adzuna (TotalJobs+)","QA Automation Engineer","🏢 Office | 🚗 1h 49min | 🚌 ~2h 33min","https://www.adzuna.co.uk/jobs/land/ad/5740349601?se=MN-WkrBk8RGf9dnV8R691A&utm_medium=api&utm_source=fec81443&v=A0514047D200C1EA08A8FDE8CEAB39C3FCEE213A","2026-05-25"
"Senior Software Test Engineer","Langham Recruitment","Manchester, Greater Manchester","Adzuna (TotalJobs+)","QA Automation Engineer","🏢 Office | 🚗 1h 26min | 🚌 ~2h 35min 💾","https://www.adzuna.co.uk/jobs/details/5738852350?utm_medium=api&utm_source=fec81443","2026-05-23"
"Lead QA Engineer","TPXImpact Holdings Plc","UK","Adzuna (TotalJobs+)","QA Automation Engineer","🏢 Office | 📍 Brak lokalizacji","https://www.adzuna.co.uk/jobs/details/5737492348?utm_medium=api&utm_source=fec81443","2026-05-22"
"Senior QA Engineer","Langham Recruitment","Manchester, Greater Manchester","Adzuna (TotalJobs+)","QA Automation Engineer","🏢 Office | 🚗 1h 20min | 🚌 ~2h 24min","https://www.adzuna.co.uk/jobs/land/ad/5736370559?se=MN-WkrBk8RGf9dnV8R691A&utm_medium=api&utm_source=fec81443&v=2A794D54E4E11548798AD58842ECD977CBF35B40","2026-05-21"
"Senior QA Engineer","Langham Recruitment","UK","Adzuna (TotalJobs+)","QA Automation Engineer","🏢 Office | 📍 Brak lokalizacji","https://www.adzuna.co.uk/jobs/land/ad/5735348937?se=MN-WkrBk8RGf9dnV8R691A&utm_medium=api&utm_source=fec81443&v=BBBF2A4747E645A8DED28D2F9A12AB044E72F950","2026-05-20"
"Automation QA Test Engineer £70,000 - Bristol","SR2","Bristol, South West England","Adzuna (TotalJobs+)","QA Automation Engineer","🏢 Office | 🚗 1h 51min | 🚌 ~2h 35min","https://www.adzuna.co.uk/jobs/land/ad/5735348941?se=MN-WkrBk8RGf9dnV8R691A&utm_medium=api&utm_source=fec81443&v=A787D4C4706D2B044A2849420DB499CBBEA3A62D","2026-05-20"
"Senior Java Software Developer - Data Engineering","Square One Resources","UK","Adzuna (TotalJobs+)","QA Automation Engineer","🏢 Office | 📍 Brak lokalizacji","https://www.adzuna.co.uk/jobs/details/5733680558?utm_medium=api&utm_source=fec81443","2026-05-19"
"Automated Quality Assurance Engineer (Home-Based UK)","Health Partners","UK","Adzuna (TotalJobs+)","QA Automation Engineer","🔀 Hybrid | 📍 Brak lokalizacji","https://www.adzuna.co.uk/jobs/details/5733214950?utm_medium=api&utm_source=fec81443","2026-05-18"
"Lead QA Engineer (Bangor / All UK)","Trust Payments","Bangor, Gwynedd","Adzuna (TotalJobs+)","QA Automation Engineer","🏢 Office | 🚗 1h 19min | 🚌 ~2h 23min 💾","https://www.adzuna.co.uk/jobs/details/5727311899?utm_medium=api&utm_source=fec81443","2026-05-12"
"QA Automation Engineer - Homebased","Outsourced","UK","Adzuna (TotalJobs+)","QA Automation Engineer","🏢 Office | 📍 Brak lokalizacji","https://www.adzuna.co.uk/jobs/details/5726366388?utm_medium=api&utm_source=fec81443","2026-05-12"
"Engineering Manager","Myn","Manchester, Greater Manchester","Adzuna (TotalJobs+)","QA Automation Engineer","🏢 Office | 🚗 1h 13min | 🚌 ~2h 12min 💾","https://www.adzuna.co.uk/jobs/details/5715945311?utm_medium=api&utm_source=fec81443","2026-05-01"
"Sr. Quality Assurance Engineer w/Detox Testing Experience","Concentrix","UK","Adzuna (TotalJobs+)","QA Automation Engineer","🏢 Office | 📍 Brak lokalizacji","https://www.adzuna.co.uk/jobs/land/ad/5711116799?se=MN-WkrBk8RGf9dnV8R691A&utm_medium=api&utm_source=fec81443&v=F71EA2295CEF4A0B99E730E3FFBB639AD9F83C61","2026-04-26"
"Automation Test Engineer - SC Cleared","Searchability  Ltd","Gloucester, Gloucestershire","Adzuna (TotalJobs+)","Test Automation Engineer","🏢 Office | 🚗 2h 25min ❌ | 🚌 ~3h 23min","https://www.adzuna.co.uk/jobs/details/5758217564?utm_medium=api&utm_source=fec81443","2026-06-10"
"De-Fleet - Product Data Analyst (12-month FTC/Secondment)","Motability Operations","Bristol, South West England","Adzuna (TotalJobs+)","Test Automation Engineer","🏢 Office | 🚗 1h 51min | 🚌 ~2h 35min","https://www.adzuna.co.uk/jobs/land/ad/5757945568?se=Hmb-krBk8RGfB7VO2mAFcg&utm_medium=api&utm_source=fec81443&v=FCBE49A69DC59FF65B480689C2540C49DF745F92","2026-06-10"
"Automation Test Engineer - SC Cleared","NSD","Gloucestershire, South West England","Adzuna (TotalJobs+)","Test Automation Engineer","🏢 Office | 🚗 2h 38min ❌ | 🚌 ~3h 41min","https://www.adzuna.co.uk/jobs/details/5757470813?utm_medium=api&utm_source=fec81443","2026-06-09"
"Automation Test Engineer - SC Cleared","Searchability NS&D","Gloucestershire, South West England","Adzuna (TotalJobs+)","Test Automation Engineer","🏢 Office | 🚗 2h 38min ❌ | 🚌 ~3h 41min","https://www.adzuna.co.uk/jobs/land/ad/5757412776?se=Hmb-krBk8RGfB7VO2mAFcg&utm_medium=api&utm_source=fec81443&v=36A7520455CF6D767B63838DCC5308E6009A2793","2026-06-09"
"Python Developer - AI/ML Integration","CGI","UK","Adzuna (TotalJobs+)","Test Automation Engineer","🏢 Office | 📍 Brak lokalizacji","https://www.adzuna.co.uk/jobs/details/5757222479?utm_medium=api&utm_source=fec81443","2026-06-09"
"Senior Data Engineer","Pontoon","Warwick, Warwickshire","Adzuna (TotalJobs+)","Test Automation Engineer","🏢 Office | 🚗 2h 8min ❌ | 🚌 ~2h 59min","https://www.adzuna.co.uk/jobs/land/ad/5756256071?se=Hmb-krBk8RGfB7VO2mAFcg&utm_medium=api&utm_source=fec81443&v=7D01231AD11669C4D35A21A8867257649FE9074C","2026-06-08"
"Senior Data Engineer","Pontoon","Guys Cliffe, Warwick","Adzuna (TotalJobs+)","Test Automation Engineer","🏢 Office | 🚗 2h 7min ❌ | 🚌 ~2h 58min","https://www.adzuna.co.uk/jobs/land/ad/5756252725?se=Hmb-krBk8RGfB7VO2mAFcg&utm_medium=api&utm_source=fec81443&v=DF06A83C3D36994D83CA04298DF2E373FF142040","2026-06-08"
"Infrastructure Test Automation Engineers","CGI","UK","Adzuna (TotalJobs+)","Test Automation Engineer","🏢 Office | 📍 Brak lokalizacji","https://www.adzuna.co.uk/jobs/details/5756245979?utm_medium=api&utm_source=fec81443","2026-06-08"
"MOD DV Cleared Test Automation Engineer","Data Careers","Netherstowe, Lichfield","Adzuna (TotalJobs+)","Test Automation Engineer","🏢 Office | 🚗 1h 36min | 🚌 ~2h 14min 💾","https://www.adzuna.co.uk/jobs/details/5755329864?utm_medium=api&utm_source=fec81443","2026-06-07"
"Junior Test Automation Engineer","Hastings Insurance Services","UK","Adzuna (TotalJobs+)","Test Automation Engineer","🏢 Office | 📍 Brak lokalizacji","https://www.adzuna.co.uk/jobs/details/5754571841?utm_medium=api&utm_source=fec81443","2026-06-06"
"Automation Test Analyst","Candour","Manchester, Greater Manchester","Adzuna (TotalJobs+)","Test Automation Engineer","🏢 Office | 🚗 1h 26min | 🚌 ~2h 35min 💾","https://www.adzuna.co.uk/jobs/details/5754218473?utm_medium=api&utm_source=fec81443","2026-06-06"
"Sr Analyst Automation Test Engineer","DXC Technology","UK","Adzuna (TotalJobs+)","Test Automation Engineer","🏢 Office | 📍 Brak lokalizacji","https://www.adzuna.co.uk/jobs/details/5752141852?utm_medium=api&utm_source=fec81443","2026-06-04"
"Senior Data Engineer","Queen Square Recruitment Ltd","Guys Cliffe, Warwick","Adzuna (TotalJobs+)","Test Automation Engineer","🏢 Office | 🚗 2h 7min ❌ | 🚌 ~2h 58min","https://www.adzuna.co.uk/jobs/land/ad/5750802328?se=Hmb-krBk8RGfB7VO2mAFcg&utm_medium=api&utm_source=fec81443&v=F9B99B6E57AD5D41E256FDFF19610904A1EB2192","2026-06-03"
"QA Lead","Maxcontact","Manchester, Greater Manchester","Adzuna (TotalJobs+)","Test Automation Engineer","🏢 Office | 🚗 1h 20min | 🚌 ~2h 24min 💾","https://www.adzuna.co.uk/jobs/details/5750353178?utm_medium=api&utm_source=fec81443","2026-06-03"
"Software Engineer in Test (SDET)","The Portfolio Group","Manchester Science Park, Manchester","Adzuna (TotalJobs+)","SDET","🏢 Office | 🚗 1h 18min | 🚌 ~2h 20min 💾","https://www.adzuna.co.uk/jobs/details/5752983152?utm_medium=api&utm_source=fec81443","2026-06-05"
"Software Development Engineer in Test","Cardano Foundation","UK","Adzuna (TotalJobs+)","SDET","🏢 Office | 📍 Brak lokalizacji","https://www.adzuna.co.uk/jobs/details/5752142590?utm_medium=api&utm_source=fec81443","2026-06-04"
"Software Engineer In Test (SDET)","The Portfolio Group","Manchester, Greater Manchester","Adzuna (TotalJobs+)","SDET","🏢 Office | 🚗 1h 20min | 🚌 ~2h 24min","https://www.adzuna.co.uk/jobs/land/ad/5747693649?se=8BFTk7Bk8RGfB7VO2mAFcg&utm_medium=api&utm_source=fec81443&v=9C8551748DEC67F74D521483F2BE4251F24CB50F","2026-06-01"
"Principal SDET/SEIT","The Portfolio Group","Manchester, Greater Manchester","Adzuna (TotalJobs+)","SDET","🏢 Office | 🚗 1h 20min | 🚌 ~2h 24min","https://www.adzuna.co.uk/jobs/land/ad/5747693108?se=8BFTk7Bk8RGfB7VO2mAFcg&utm_medium=api&utm_source=fec81443&v=C1F603551FCB821D5B94EEAFD1C9DE59D31BCD9D","2026-06-01"
"Principal SDET/SEIT","The Portfolio Group","Rusholme, Manchester","Adzuna (TotalJobs+)","SDET","🏢 Office | 🚗 1h 11min | 🚌 ~2h 7min","https://www.adzuna.co.uk/jobs/land/ad/5747531693?se=8BFTk7Bk8RGfB7VO2mAFcg&utm_medium=api&utm_source=fec81443&v=AFE69646C97A53E77BAB22EFC9B458E0803E34AD","2026-06-01"
"Software Engineer In Test (SDET)","The Portfolio Group","Rusholme, Manchester","Adzuna (TotalJobs+)","SDET","🏢 Office | 🚗 1h 11min | 🚌 ~2h 7min","https://www.adzuna.co.uk/jobs/land/ad/5747531695?se=8BFTk7Bk8RGfB7VO2mAFcg&utm_medium=api&utm_source=fec81443&v=7A0AF62822C6E3BA4E796211C532AE5C986C5C96","2026-06-01"
"Software Engineer / Senior QA & Test - DO-178C","DCS Recruitment","Oxfordshire, South East England","Adzuna (TotalJobs+)","SDET","🏢 Office | 🚗 2h 48min ❌ | 🚌 ~3h 55min","https://www.adzuna.co.uk/jobs/land/ad/5742298253?se=8BFTk7Bk8RGfB7VO2mAFcg&utm_medium=api&utm_source=fec81443&v=B84FEDAC1923E0FBCAAE14B04905D32D007EEE92","2026-05-27"
"QA Automation / SDET Engineer","Syntax Consultancy Ltd","Balsall Heath, Birmingham","Adzuna (TotalJobs+)","SDET","🏢 Office | 🚗 1h 49min | 🚌 ~2h 33min","https://www.adzuna.co.uk/jobs/land/ad/5740349601?se=8BFTk7Bk8RGfB7VO2mAFcg&utm_medium=api&utm_source=fec81443&v=A0514047D200C1EA08A8FDE8CEAB39C3FCEE213A","2026-05-25"
"QA Analyst / Senior QA Analyst – Insurance & Digital Platforms 3562739","Axiom Path","UK","Adzuna (TotalJobs+)","SDET","🏢 Office | 📍 Brak lokalizacji","https://www.adzuna.co.uk/jobs/details/5727332216?utm_medium=api&utm_source=fec81443","2026-05-12"
"Senior Automation Test Engineer",". CACI Limited","Bristol, South West England","Adzuna (TotalJobs+)","SDET","🏢 Office | 🚗 1h 51min | 🚌 ~2h 35min 💾","https://www.adzuna.co.uk/jobs/details/5726028731?utm_medium=api&utm_source=fec81443","2026-05-11"
"Senior Automation Test Engineer","CACI","Cheltenham, Gloucestershire","Adzuna (TotalJobs+)","SDET","🏢 Office | 🚗 2h 26min ❌ | 🚌 ~3h 25min","https://www.adzuna.co.uk/jobs/details/5722148531?utm_medium=api&utm_source=fec81443","2026-05-07"
"Software Development Engineer In Test","Protect Line LTD","UK","Adzuna (TotalJobs+)","SDET","🏢 Office | 📍 Brak lokalizacji","https://www.adzuna.co.uk/jobs/details/5721848948?utm_medium=api&utm_source=fec81443","2026-05-07"
"Software Engineer","Leidos","UK","Adzuna (TotalJobs+)","Software Engineer in Test","🏢 Office | 📍 Brak lokalizacji","https://www.adzuna.co.uk/jobs/details/5757823194?utm_medium=api&utm_source=fec81443","2026-06-10"
"DevOps Engineer","Leidos","UK","Adzuna (TotalJobs+)","Software Engineer in Test","🏢 Office | 📍 Brak lokalizacji","https://www.adzuna.co.uk/jobs/details/5757823185?utm_medium=api&utm_source=fec81443","2026-06-10"
"Senior Embedded Software Engineer","Chroma Recruitment Ltd","Manchester, Greater Manchester","Adzuna (TotalJobs+)","Software Engineer in Test","🏢 Office | 🚗 1h 20min | 🚌 ~2h 24min","https://www.adzuna.co.uk/jobs/details/5757469845?utm_medium=api&utm_source=fec81443","2026-06-09"
"Software Test Engineer","Muraai Information Technologies Limited","Binley, Coventry","Adzuna (TotalJobs+)","Software Engineer in Test","🏢 Office | 🚗 2h | 🚌 ~2h 48min","https://www.adzuna.co.uk/jobs/details/5757310743?utm_medium=api&utm_source=fec81443","2026-06-09"
"Head of Electronic Engineering","Saab UK","Elstow, Bedford","Adzuna (TotalJobs+)","Software Engineer in Test","🏢 Office | 🚗 2h 45min ❌ | 🚌 ~3h 51min","https://www.adzuna.co.uk/jobs/land/ad/5757280753?se=SJGok7Bk8RGTu-mYSZsjHQ&utm_medium=api&utm_source=fec81443&v=8A6A7E957204D0EA3151D830C61660DB6E499F33","2026-06-09"
"Test & Measurement Software Engineer","Druck Limited","UK","Adzuna (TotalJobs+)","Software Engineer in Test","🏢 Office | 📍 Brak lokalizacji","https://www.adzuna.co.uk/jobs/land/ad/5757222073?se=SJGok7Bk8RGTu-mYSZsjHQ&utm_medium=api&utm_source=fec81443&v=3ECCBED7620FE3943DAC175BADC03C8DF4EB8CD2","2026-06-09"
"Senior DevOps Engineer","CGI","UK","Adzuna (TotalJobs+)","Software Engineer in Test","🏢 Office | 📍 Brak lokalizacji","https://www.adzuna.co.uk/jobs/details/5756245436?utm_medium=api&utm_source=fec81443","2026-06-08"
"Software Quality Engineer","OrganOx","Oxford, Oxfordshire","Adzuna (TotalJobs+)","Software Engineer in Test","🏢 Office | 🚗 2h 51min ❌ | 🚌 ~4h 💾","https://www.adzuna.co.uk/jobs/details/5756241488?utm_medium=api&utm_source=fec81443","2026-06-08"
"Android Developer","Frontier Resourcing Ltd","Cheltenham, Gloucestershire","Adzuna (TotalJobs+)","Software Engineer in Test","🏢 Office | 🚗 2h 26min ❌ | 🚌 ~3h 24min 💾","https://www.adzuna.co.uk/jobs/details/5755608281?utm_medium=api&utm_source=fec81443","2026-06-07"
"Software Engineer","Equifax","Nottingham, Nottinghamshire","Adzuna (TotalJobs+)","Software Engineer in Test","🏢 Office | 🚗 2h 16min ❌ | 🚌 ~3h 10min 💾","https://www.adzuna.co.uk/jobs/details/5755549926?utm_medium=api&utm_source=fec81443","2026-06-07"
"Software Test Engineer","Motorola Solutions","UK","Adzuna (TotalJobs+)","Software Engineer in Test","🏢 Office | 📍 Brak lokalizacji","https://www.adzuna.co.uk/jobs/land/ad/5755549035?se=SJGok7Bk8RGTu-mYSZsjHQ&utm_medium=api&utm_source=fec81443&v=02CFCF4DCAD66E15B7A023431E34F34535897096","2026-06-07"
"Principal Software Engineer, Platform Modernization (Remote, United Kingdom)","Ticketmaster UK Limited","UK","Adzuna (TotalJobs+)","Software Engineer in Test","🏢 Office | 📍 Brak lokalizacji","https://www.adzuna.co.uk/jobs/land/ad/5754571622?se=SJGok7Bk8RGTu-mYSZsjHQ&utm_medium=api&utm_source=fec81443&v=D0701674D322818305956ED6C6E546004F938E38","2026-06-06"
"Software Engineer","NSD","Altofts, Normanton","Adzuna (TotalJobs+)","Software Engineer in Test","🏢 Office | 🚗 2h 1min ❌ | 🚌 ~2h 49min 💾","https://www.adzuna.co.uk/jobs/details/5754248548?utm_medium=api&utm_source=fec81443","2026-06-06"
"Remote Home Based C++ Software Engineer","4M Recruitment","UK","Adzuna (TotalJobs+)","Software Engineer in Test","🔀 Hybrid | 📍 Brak lokalizacji","https://www.adzuna.co.uk/jobs/land/ad/5753409097?se=SJGok7Bk8RGTu-mYSZsjHQ&utm_medium=api&utm_source=fec81443&v=182A814DE208552EA93C25ECA924D1123491466C","2026-06-05"
"Software Engineer","MBDA","Egerton, Bolton","Adzuna (TotalJobs+)","Software Engineer in Test","🏢 Office | 🚗 1h 19min | 🚌 ~2h 22min","https://www.adzuna.co.uk/jobs/land/ad/5753273221?se=SJGok7Bk8RGTu-mYSZsjHQ&utm_medium=api&utm_source=fec81443&v=3466B75077843D274166C20FBEC50A92A0572D89","2026-06-05"
"Software Test Engineer","Tatton Recruitment","Brooklands, Sale","Adzuna (TotalJobs+)","Software Engineer in Test","🏢 Office | 🚗 1h 8min | 🚌 ~2h 3min 💾","https://www.adzuna.co.uk/jobs/details/5752985100?utm_medium=api&utm_source=fec81443","2026-06-05"
"DIG Integration Engineer","Morson Edge","Eccles, Manchester","Adzuna (TotalJobs+)","Software Engineer in Test","🏢 Office | 🚗 1h 14min | 🚌 ~2h 13min 💾","https://www.adzuna.co.uk/jobs/details/5752983500?utm_medium=api&utm_source=fec81443","2026-06-05"
"De-Fleet - Product Data Analyst (12-month FTC/Secondment)","Motability Operations","Bristol, South West England","Adzuna (TotalJobs+)","Test Engineer","🏢 Office | 🚗 1h 51min | 🚌 ~2h 35min","https://www.adzuna.co.uk/jobs/land/ad/5757945568?se=Cm8rlLBk8RGTu-mYSZsjHQ&utm_medium=api&utm_source=fec81443&v=FCBE49A69DC59FF65B480689C2540C49DF745F92","2026-06-10"
"Electrical Test and Inspection Engineer","DL M & E Building Services Ltd","Manchester, Greater Manchester","Adzuna (TotalJobs+)","Test Engineer","🏢 Office | 🚗 1h 20min | 🚌 ~2h 24min","https://www.adzuna.co.uk/jobs/land/ad/5757944011?se=Cm8rlLBk8RGTu-mYSZsjHQ&utm_medium=api&utm_source=fec81443&v=2DBF551D083388CF643803C1A69591D228C95C3F","2026-06-10"
"Test Engineer","Leidos","UK","Adzuna (TotalJobs+)","Test Engineer","🏢 Office | 📍 Brak lokalizacji","https://www.adzuna.co.uk/jobs/details/5757823192?utm_medium=api&utm_source=fec81443","2026-06-10"
"Manufacturing Test Engineer - Vehicle Systems","Caterpillar, Inc.","Desford, Leicester","Adzuna (TotalJobs+)","Test Engineer","🏢 Office | 🚗 2h 8min ❌ | 🚌 ~2h 59min","https://www.adzuna.co.uk/jobs/details/5757821547?utm_medium=api&utm_source=fec81443","2026-06-10"
"V04872 - Process Engineer capped","Outsource UK","UK","Adzuna (TotalJobs+)","Test Engineer","🏢 Office | 📍 Brak lokalizacji","https://www.adzuna.co.uk/jobs/land/ad/5757525572?se=Cm8rlLBk8RGTu-mYSZsjHQ&utm_medium=api&utm_source=fec81443&v=C64EE1A0F071C05CC8246B2C57AFA3D286BFAB08","2026-06-09"
"Firmware Engineer","Evera Recruitment Ltd","Gloucestershire, South West England","Adzuna (TotalJobs+)","Test Engineer","🏢 Office | 🚗 2h 38min ❌ | 🚌 ~3h 41min","https://www.adzuna.co.uk/jobs/details/5757469836?utm_medium=api&utm_source=fec81443","2026-06-09"
"Electronics Engineer","Evera Recruitment Ltd","Gloucestershire, South West England","Adzuna (TotalJobs+)","Test Engineer","🏢 Office | 🚗 2h 38min ❌ | 🚌 ~3h 41min","https://www.adzuna.co.uk/jobs/details/5757469634?utm_medium=api&utm_source=fec81443","2026-06-09"
"Compliance Coordinator","Linaker Limited","Bristol, South West England","Adzuna (TotalJobs+)","Test Engineer","🏢 Office | 🚗 1h 51min | 🚌 ~2h 35min","https://www.adzuna.co.uk/jobs/details/5757469617?utm_medium=api&utm_source=fec81443","2026-06-09"
"Product Quality Manager","Jeld-Wen","Burn Banks, Penrith","Adzuna (TotalJobs+)","QA Lead","🏢 Office | 🚗 2h 21min ❌ | 🚌 ~3h 17min","https://www.adzuna.co.uk/jobs/details/5757304576?utm_medium=api&utm_source=fec81443","2026-06-09"
"Data Specialist / Annotator (Image Labeller) 6-month Fixed Term Contract","Singer Instrument Co","UK","Adzuna (TotalJobs+)","QA Lead","🏢 Office | 📍 Brak lokalizacji","https://www.adzuna.co.uk/jobs/details/5755549374?utm_medium=api&utm_source=fec81443","2026-06-07"
"Director of Quality Assurance","Hyper Recruitment Solutions","Leicestershire, East Midlands","Adzuna (TotalJobs+)","QA Lead","🏢 Office | 🚗 2h 30min ❌ | 🚌 ~3h 30min 💾","https://www.adzuna.co.uk/jobs/details/5755043162?utm_medium=api&utm_source=fec81443","2026-06-07"
"Quality Engineer","Nicholas Associates","Sheffield, South Yorkshire","Adzuna (TotalJobs+)","QA Lead","🏢 Office | 🚗 2h 19min ❌ | 🚌 ~3h 15min 💾","https://www.adzuna.co.uk/jobs/details/5755013027?utm_medium=api&utm_source=fec81443","2026-06-07"
"Product Quality Manager","Jeld Wen","Burn Banks, Penrith","Adzuna (TotalJobs+)","QA Lead","🏢 Office | 🚗 2h 21min ❌ | 🚌 ~3h 17min","https://www.adzuna.co.uk/jobs/details/5754917788?utm_medium=api&utm_source=fec81443","2026-06-07"
"Quality Assurance & Compliance Manager - Training Services - Location Negotiable","ELMO Cloud HR & Payroll","UK","Adzuna (TotalJobs+)","QA Lead","🏢 Office | 📍 Brak lokalizacji","https://www.adzuna.co.uk/jobs/details/5754568554?utm_medium=api&utm_source=fec81443","2026-06-06"
"Quality Manager","Riverside Recruitment","Penrith, Cumbria","Adzuna (TotalJobs+)","QA Lead","🏢 Office | 🚗 2h 18min ❌ | 🚌 ~3h 13min","https://www.adzuna.co.uk/jobs/land/ad/5753881318?se=Bm6elLBk8RGfB7VO2mAFcg&utm_medium=api&utm_source=fec81443&v=FB4A74068ED9D3C791F877CDD28137F25C929624","2026-06-06"
"Quality Manager","Riverside","Penrith, Cumbria","Adzuna (TotalJobs+)","QA Lead","🏢 Office | 🚗 2h 23min ❌ | 🚌 ~3h 20min 💾","https://www.adzuna.co.uk/jobs/details/5753641845?utm_medium=api&utm_source=fec81443","2026-06-05"
"Quality Manager","Riverside Recruitment","Cliburn, Penrith","Adzuna (TotalJobs+)","QA Lead","🏢 Office | 🚗 2h 26min ❌ | 🚌 ~3h 24min 💾","https://www.adzuna.co.uk/jobs/details/5753412687?utm_medium=api&utm_source=fec81443","2026-06-05"
"MEP Manager","Skilled Careers","UK","Adzuna (TotalJobs+)","QA Lead","🏢 Office | 📍 Brak lokalizacji","https://www.adzuna.co.uk/jobs/land/ad/5753355304?se=Bm6elLBk8RGfB7VO2mAFcg&utm_medium=api&utm_source=fec81443&v=276BA05B94009EF8B3C58DBA5A886A122598D412","2026-06-05"
"QA Director","SRG","Stanley, Liverpool","Adzuna (TotalJobs+)","QA Lead","🏢 Office | 🚗 1h | 🚌 ~1h 48min","https://www.adzuna.co.uk/jobs/land/ad/5753275855?se=Bm6elLBk8RGfB7VO2mAFcg&utm_medium=api&utm_source=fec81443&v=A1FBBB740FCEEAA86D3C34372749C86358EFB047","2026-06-05"
"Production Stream Quality Lead (Nights)","Pilgrims Europe","UK","Adzuna (TotalJobs+)","QA Lead","🏢 Office | 📍 Brak lokalizacji","https://www.adzuna.co.uk/jobs/land/ad/5753187971?se=Bm6elLBk8RGfB7VO2mAFcg&utm_medium=api&utm_source=fec81443&v=BA0EE73B69AD42AAAFF5CC47CF61446662D13AE6","2026-06-05"
"AI Engineering Manager","Halian Technology Limited","Sydenham, Leamington Spa","Adzuna (TotalJobs+)","QA Lead","🏢 Office | 🚗 2h 13min ❌ | 🚌 ~3h 7min 💾","https://www.adzuna.co.uk/jobs/details/5752984517?utm_medium=api&utm_source=fec81443","2026-06-05"
"Back End Developer","The Portfolio Group","Manchester Science Park, Manchester","Adzuna (TotalJobs+)","QA Lead","🏢 Office | 🚗 1h 18min | 🚌 ~2h 20min 💾","https://www.adzuna.co.uk/jobs/details/5752984037?utm_medium=api&utm_source=fec81443","2026-06-05"
"Senior Python Developer","Tech4 Ltd","Newbridge, Wolverhampton","Adzuna (TotalJobs+)","QA Lead","🏢 Office | 🚗 1h 19min | 🚌 ~2h 22min 💾","https://www.adzuna.co.uk/jobs/details/5752982683?utm_medium=api&utm_source=fec81443","2026-06-05"
"QA Team Leader","Allstaff Recruitment","Milton Keynes, Buckinghamshire","Adzuna (TotalJobs+)","QA Lead","🏢 Office | 🚗 2h 36min ❌ | 🚌 ~3h 39min 💾","https://www.adzuna.co.uk/jobs/details/5752573254?utm_medium=api&utm_source=fec81443","2026-06-05"
"QA Engineer","","Manchester, England","Glassdoor","Software QA Automation Engineer","🏢 Office | 🚗 1h 27min | 🚌 ~2h 36min 💾","https://www.glassdoor.co.uk/job-listing/qa-engineer-clio-JV_IC2691218_KO0,11_KE12,16.htm?jl=1010076335947",""
"Senior QA Automation Engineer","","United Kingdom","Glassdoor","Software QA Automation Engineer","🏢 Office | 📍 Brak lokalizacji","https://www.glassdoor.co.uk/job-listing/senior-qa-automation-engineer-nice-JV_KO0,29_KE30,34.htm?jl=1010007955261",""