Title,Company,Location,Board,Search Term,Commute,URL,Posted
"Engineering Practice Lead","","Remote","Glassdoor","Testing Lead","🌐 Remote","https://www.glassdoor.co.uk/job-listing/engineering-practice-lead-simply-commerce-JV_KO0,25_KE26,41.htm?jl=1010028596512",""
"Software QA Engineer","","","Reed","Software QA Engineer","🏢 Office | 📍 Brak lokalizacji","https://www.reed.co.uk/jobs/software-qa-engineer/56947844?source=searchResults&filter=%2Fjobs%2Fsoftware-qa-engineer-jobs-in-united-kingdom",""
"QA Engineer - Manual testing web applications","","","Reed","Software QA Engineer","🏢 Office | 📍 Brak lokalizacji","https://www.reed.co.uk/jobs/qa-engineer-manual-testing-web-applications/56933699?source=searchResults&filter=%2Fjobs%2Fsoftware-qa-engineer-jobs-in-united-kingdom",""
"Software Tester","","","Reed","Software QA Engineer","🏢 Office | 📍 Brak lokalizacji","https://www.reed.co.uk/jobs/software-tester/56947977?source=searchResults&filter=%2Fjobs%2Fsoftware-qa-engineer-jobs-in-united-kingdom",""
"Software Engineer / Senior QA & Test - DO-178C","","","Reed","Software QA Engineer","🏢 Office | 📍 Brak lokalizacji","https://www.reed.co.uk/jobs/software-engineer-senior-qa-test-do-178c/56945855?source=searchResults&filter=%2Fjobs%2Fsoftware-qa-engineer-jobs-in-united-kingdom",""
"QA Test Analyst","","","Reed","Software QA Engineer","🏢 Office | 📍 Brak lokalizacji","https://www.reed.co.uk/jobs/qa-test-analyst/56934432?source=searchResults&filter=%2Fjobs%2Fsoftware-qa-engineer-jobs-in-united-kingdom",""
"Software Quality Engineer","","","Reed","Software QA Engineer","🏢 Office | 📍 Brak lokalizacji","https://www.reed.co.uk/jobs/software-quality-engineer/56698833?source=searchResults&filter=%2Fjobs%2Fsoftware-qa-engineer-jobs-in-united-kingdom",""
"QA Engineer - HYBRID","","","Reed","Software QA Engineer","🔀 Hybrid | 📍 Brak lokalizacji","https://www.reed.co.uk/jobs/qa-engineer-hybrid/56957160?source=searchResults&filter=%2Fjobs%2Fsoftware-qa-engineer-jobs-in-united-kingdom",""
"Software Developer","","","Reed","Software QA Engineer","🏢 Office | 📍 Brak lokalizacji","https://www.reed.co.uk/jobs/software-developer/56973907?source=searchResults&filter=%2Fjobs%2Fsoftware-qa-engineer-jobs-in-united-kingdom",""
"Quality Engineer","","","Reed","Software QA Engineer","🏢 Office | 📍 Brak lokalizacji","https://www.reed.co.uk/jobs/quality-engineer/56841765?source=searchResults&filter=%2Fjobs%2Fsoftware-qa-engineer-jobs-in-united-kingdom",""
"Quality Assurance Engineer","","","Reed","Software QA Engineer","🏢 Office | 📍 Brak lokalizacji","https://www.reed.co.uk/jobs/quality-assurance-engineer/56926756?source=searchResults&filter=%2Fjobs%2Fsoftware-qa-engineer-jobs-in-united-kingdom",""
"Lead QA Engineer","","","Reed","Software QA Engineer","🏢 Office | 📍 Brak lokalizacji","https://www.reed.co.uk/jobs/lead-qa-engineer/56967072?source=searchResults&filter=%2Fjobs%2Fsoftware-qa-engineer-jobs-in-united-kingdom",""
"QA Engineer - ServiceNow","","","Reed","Software QA Engineer","🏢 Office | 📍 Brak lokalizacji","https://www.reed.co.uk/jobs/qa-engineer-servicenow/56368015?source=searchResults&filter=%2Fjobs%2Fsoftware-qa-engineer-jobs-in-united-kingdom",""
"Test Quality Assurance Engineer","","","Reed","Software QA Engineer","🏢 Office | 📍 Brak lokalizacji","https://www.reed.co.uk/jobs/test-quality-assurance-engineer/56868487?source=searchResults&filter=%2Fjobs%2Fsoftware-qa-engineer-jobs-in-united-kingdom",""
"Test Engineer","","","Reed","Software QA Engineer","🏢 Office | 📍 Brak lokalizacji","https://www.reed.co.uk/jobs/test-engineer/56960933?source=searchResults&filter=%2Fjobs%2Fsoftware-qa-engineer-jobs-in-united-kingdom",""
"Test Engineer","","","Reed","Software QA Engineer","🏢 Office | 📍 Brak lokalizacji","https://www.reed.co.uk/jobs/test-engineer/56868490?source=searchResults&filter=%2Fjobs%2Fsoftware-qa-engineer-jobs-in-united-kingdom",""
"IT Support Engineer Apprentice","","","Reed","Software QA Engineer","🏢 Office | 📍 Brak lokalizacji","https://www.reed.co.uk/jobs/it-support-engineer-apprentice/56907290?source=searchResults&filter=%2Fjobs%2Fsoftware-qa-engineer-jobs-in-united-kingdom",""
"Senior Software Developer","","","Reed","Software QA Engineer","🏢 Office | 📍 Brak lokalizacji","https://www.reed.co.uk/jobs/senior-software-developer/56904263?source=searchResults&filter=%2Fjobs%2Fsoftware-qa-engineer-jobs-in-united-kingdom",""
"Software Developer Apprentice","","","Reed","Software QA Engineer","🏢 Office | 📍 Brak lokalizacji","https://www.reed.co.uk/jobs/software-developer-apprentice/56964161?source=searchResults&filter=%2Fjobs%2Fsoftware-qa-engineer-jobs-in-united-kingdom",""
"Quality Assurance","","","Reed","Software QA Engineer","🏢 Office | 📍 Brak lokalizacji","https://www.reed.co.uk/jobs/quality-assurance/56829104?source=searchResults&filter=%2Fjobs%2Fsoftware-qa-engineer-jobs-in-united-kingdom",""
"EC&I Commissioning Engineer","","","Reed","Software QA Engineer","🏢 Office | 📍 Brak lokalizacji","https://www.reed.co.uk/jobs/ec-i-commissioning-engineer/56978216?source=searchResults&filter=%2Fjobs%2Fsoftware-qa-engineer-jobs-in-united-kingdom",""
"QA Systems Application Specialist","","","Reed","Software QA Engineer","🏢 Office | 📍 Brak lokalizacji","https://www.reed.co.uk/jobs/qa-systems-application-specialist/56931686?source=searchResults&filter=%2Fjobs%2Fsoftware-qa-engineer-jobs-in-united-kingdom",""
"Principal Software Engineer","","","Reed","Software QA Engineer","🏢 Office | 📍 Brak lokalizacji","https://www.reed.co.uk/jobs/principal-software-engineer/56913241?source=searchResults&filter=%2Fjobs%2Fsoftware-qa-engineer-jobs-in-united-kingdom",""
"Production Engineer","","","Reed","Software QA Engineer","🏢 Office | 📍 Brak lokalizacji","https://www.reed.co.uk/jobs/production-engineer/56885575?source=searchResults&filter=%2Fjobs%2Fsoftware-qa-engineer-jobs-in-united-kingdom",""
"Quality Engineer","","","Reed","Software QA Engineer","🏢 Office | 📍 Brak lokalizacji","https://www.reed.co.uk/jobs/quality-engineer/56913330?source=searchResults&filter=%2Fjobs%2Fsoftware-qa-engineer-jobs-in-united-kingdom",""
"AI & Digital Support Apprentice","","","Reed","Software QA Engineer","🏢 Office | 📍 Brak lokalizacji","https://www.reed.co.uk/jobs/ai-digital-support-apprentice/56930066?source=searchResults&filter=%2Fjobs%2Fsoftware-qa-engineer-jobs-in-united-kingdom",""
"QA Test Analyst","","","Reed","Software QA Automation Engineer","🏢 Office | 📍 Brak lokalizacji","https://www.reed.co.uk/jobs/qa-test-analyst/56934432?source=searchResults&filter=%2Fjobs%2Fsoftware-qa-automation-engineer-jobs-in-united-kingdom",""
"QA Engineer - Manual testing web applications","","","Reed","Software QA Automation Engineer","🏢 Office | 📍 Brak lokalizacji","https://www.reed.co.uk/jobs/qa-engineer-manual-testing-web-applications/56933699?source=searchResults&filter=%2Fjobs%2Fsoftware-qa-automation-engineer-jobs-in-united-kingdom",""
"Software QA Engineer","","","Reed","Software QA Automation Engineer","🏢 Office | 📍 Brak lokalizacji","https://www.reed.co.uk/jobs/software-qa-engineer/56947844?source=searchResults&filter=%2Fjobs%2Fsoftware-qa-automation-engineer-jobs-in-united-kingdom",""
"Software Tester","","","Reed","Software QA Automation Engineer","🏢 Office | 📍 Brak lokalizacji","https://www.reed.co.uk/jobs/software-tester/56947977?source=searchResults&filter=%2Fjobs%2Fsoftware-qa-automation-engineer-jobs-in-united-kingdom",""
"QA Automation Engineer","","","Reed","Software QA Automation Engineer","🏢 Office | 📍 Brak lokalizacji","https://www.reed.co.uk/jobs/qa-automation-engineer/56978781?source=searchResults&filter=%2Fjobs%2Fsoftware-qa-automation-engineer-jobs-in-united-kingdom",""
"Lead QA Engineer","","","Reed","Software QA Automation Engineer","🏢 Office | 📍 Brak lokalizacji","https://www.reed.co.uk/jobs/lead-qa-engineer/56967072?source=searchResults&filter=%2Fjobs%2Fsoftware-qa-automation-engineer-jobs-in-united-kingdom",""
"Q&A Test Engineer","","","Reed","Software QA Automation Engineer","🏢 Office | 📍 Brak lokalizacji","https://www.reed.co.uk/jobs/q-a-test-engineer/56912604?source=searchResults&filter=%2Fjobs%2Fsoftware-qa-automation-engineer-jobs-in-united-kingdom",""
"Technical Customer Success Specialist - Graduate","","","Reed","Software QA Automation Engineer","🏢 Office | 📍 Brak lokalizacji","https://www.reed.co.uk/jobs/technical-customer-success-specialist-graduate/56865868?source=searchResults&filter=%2Fjobs%2Fsoftware-qa-automation-engineer-jobs-in-united-kingdom",""
"AI & Digital Support Apprentice","","","Reed","Software QA Automation Engineer","🏢 Office | 📍 Brak lokalizacji","https://www.reed.co.uk/jobs/ai-digital-support-apprentice/56930066?source=searchResults&filter=%2Fjobs%2Fsoftware-qa-automation-engineer-jobs-in-united-kingdom",""
"Senior C++ Developer (Hybrid, UK-Based)","","","Reed","Software QA Automation Engineer","🔀 Hybrid | 📍 Brak lokalizacji","https://www.reed.co.uk/jobs/senior-c-developer-hybrid-uk-based/56901919?source=searchResults&filter=%2Fjobs%2Fsoftware-qa-automation-engineer-jobs-in-united-kingdom",""
"Engineering Manager","","","Reed","Software QA Automation Engineer","🏢 Office | 📍 Brak lokalizacji","https://www.reed.co.uk/jobs/engineering-manager/56927986?source=searchResults&filter=%2Fjobs%2Fsoftware-qa-automation-engineer-jobs-in-united-kingdom",""
"QA Systems Application Specialist","","","Reed","Software QA Automation Engineer","🏢 Office | 📍 Brak lokalizacji","https://www.reed.co.uk/jobs/qa-systems-application-specialist/56931686?source=searchResults&filter=%2Fjobs%2Fsoftware-qa-automation-engineer-jobs-in-united-kingdom",""
"Test Engineer","","","Reed","Software QA Automation Engineer","🏢 Office | 📍 Brak lokalizacji","https://www.reed.co.uk/jobs/test-engineer/56960933?source=searchResults&filter=%2Fjobs%2Fsoftware-qa-automation-engineer-jobs-in-united-kingdom",""
"Quality Engineer","","","Reed","Software QA Automation Engineer","🏢 Office | 📍 Brak lokalizacji","https://www.reed.co.uk/jobs/quality-engineer/56913330?source=searchResults&filter=%2Fjobs%2Fsoftware-qa-automation-engineer-jobs-in-united-kingdom",""
"QA Test Lead","","","Reed","Software QA Automation Engineer","🏢 Office | 📍 Brak lokalizacji","https://www.reed.co.uk/jobs/qa-test-lead/56821661?source=searchResults&filter=%2Fjobs%2Fsoftware-qa-automation-engineer-jobs-in-united-kingdom",""
"QA Auditor","","","Reed","Software QA Automation Engineer","🏢 Office | 📍 Brak lokalizacji","https://www.reed.co.uk/jobs/qa-auditor/56839922?source=searchResults&filter=%2Fjobs%2Fsoftware-qa-automation-engineer-jobs-in-united-kingdom",""
"QA Technician","","","Reed","Software QA Automation Engineer","🏢 Office | 📍 Brak lokalizacji","https://www.reed.co.uk/jobs/qa-technician/56978113?source=searchResults&filter=%2Fjobs%2Fsoftware-qa-automation-engineer-jobs-in-united-kingdom",""
"Test Analyst - Hybrid - Warwick - UK","","","Reed","Software QA Automation Engineer","🔀 Hybrid | 📍 Brak lokalizacji","https://www.reed.co.uk/jobs/test-analyst-hybrid-warwick-uk/56939059?source=searchResults&filter=%2Fjobs%2Fsoftware-qa-automation-engineer-jobs-in-united-kingdom",""
"Senior Test Analyst","","","Reed","Software QA Automation Engineer","🏢 Office | 📍 Brak lokalizacji","https://www.reed.co.uk/jobs/senior-test-analyst/56833369?source=searchResults&filter=%2Fjobs%2Fsoftware-qa-automation-engineer-jobs-in-united-kingdom",""
"Test Lead","","","Reed","Software QA Automation Engineer","🏢 Office | 📍 Brak lokalizacji","https://www.reed.co.uk/jobs/test-lead/56914845?source=searchResults&filter=%2Fjobs%2Fsoftware-qa-automation-engineer-jobs-in-united-kingdom",""
"Senior Java Developer (AWS, Java, API) - Sussex - Hybrid","","","Reed","Software QA Automation Engineer","🔀 Hybrid | 📍 Brak lokalizacji","https://www.reed.co.uk/jobs/senior-java-developer-aws-java-api-sussex-hybrid/56886034?source=searchResults&filter=%2Fjobs%2Fsoftware-qa-automation-engineer-jobs-in-united-kingdom",""
"Lead AI Red Teaming & QA Engineer","","","Reed","Software QA Automation Engineer","🏢 Office | 📍 Brak lokalizacji","https://www.reed.co.uk/jobs/lead-ai-red-teaming-qa-engineer/56912145?source=searchResults&filter=%2Fjobs%2Fsoftware-qa-automation-engineer-jobs-in-united-kingdom",""
"Software Quality Engineer","","","Reed","Software QA Automation Engineer","🏢 Office | 📍 Brak lokalizacji","https://www.reed.co.uk/jobs/software-quality-engineer/56698833?source=searchResults&filter=%2Fjobs%2Fsoftware-qa-automation-engineer-jobs-in-united-kingdom",""
"Software Test & Automation Engineer","","","Reed","Software QA Automation Engineer","🏢 Office | 📍 Brak lokalizacji","https://www.reed.co.uk/jobs/software-test-automation-engineer/56933953?source=searchResults&filter=%2Fjobs%2Fsoftware-qa-automation-engineer-jobs-in-united-kingdom",""
"DevOps Cloud Engineer / Linux Systems Administrator","","","Reed","Software QA Automation Engineer","🏢 Office | 📍 Brak lokalizacji","https://www.reed.co.uk/jobs/devops-cloud-engineer-linux-systems-administrator/56946492?source=searchResults&filter=%2Fjobs%2Fsoftware-qa-automation-engineer-jobs-in-united-kingdom",""
"QA Test Lead","","","Reed","Testing Lead","🏢 Office | 📍 Brak lokalizacji","https://www.reed.co.uk/jobs/qa-test-lead/56821661?source=searchResults&filter=%2Fjobs%2Ftesting-lead-jobs-in-united-kingdom",""
"Test Lead","","","Reed","Testing Lead","🏢 Office | 📍 Brak lokalizacji","https://www.reed.co.uk/jobs/test-lead/56914845?source=searchResults&filter=%2Fjobs%2Ftesting-lead-jobs-in-united-kingdom",""
"Test Lead","","","Reed","Testing Lead","🏢 Office | 📍 Brak lokalizacji","https://www.reed.co.uk/jobs/test-lead/56878121?source=searchResults&filter=%2Fjobs%2Ftesting-lead-jobs-in-united-kingdom",""
"Test Lead (Contract)","","","Reed","Testing Lead","🏢 Office | 📍 Brak lokalizacji","https://www.reed.co.uk/jobs/test-lead-contract/56936046?source=searchResults&filter=%2Fjobs%2Ftesting-lead-jobs-in-united-kingdom",""
"Analytical Testing Lead (Chemistry)","","","Reed","Testing Lead","🏢 Office | 📍 Brak lokalizacji","https://www.reed.co.uk/jobs/analytical-testing-lead-chemistry/56907064?source=searchResults&filter=%2Fjobs%2Ftesting-lead-jobs-in-united-kingdom",""
"Transformer Test Manager","","","Reed","Testing Lead","🏢 Office | 📍 Brak lokalizacji","https://www.reed.co.uk/jobs/transformer-test-manager/56893161?source=searchResults&filter=%2Fjobs%2Ftesting-lead-jobs-in-united-kingdom",""
"QA Test Lead (CCH Tagetik)","","","Reed","Testing Lead","🏢 Office | 📍 Brak lokalizacji","https://www.reed.co.uk/jobs/qa-test-lead-cch-tagetik/56957487?source=searchResults&filter=%2Fjobs%2Ftesting-lead-jobs-in-united-kingdom",""
"Test Manager / Lead £600/d Financial Services Remote","","","Reed","Testing Lead","🏢 Office | 📍 Brak lokalizacji","https://www.reed.co.uk/jobs/test-manager-lead-600-d-financial-services-remote/56894233?source=searchResults&filter=%2Fjobs%2Ftesting-lead-jobs-in-united-kingdom",""
"Lead Test Architect","","","Reed","Testing Lead","🏢 Office | 📍 Brak lokalizacji","https://www.reed.co.uk/jobs/lead-test-architect/56878784?source=searchResults&filter=%2Fjobs%2Ftesting-lead-jobs-in-united-kingdom",""
"Lead Software Test Engineer","","","Reed","Testing Lead","🏢 Office | 📍 Brak lokalizacji","https://www.reed.co.uk/jobs/lead-software-test-engineer/56878350?source=searchResults&filter=%2Fjobs%2Ftesting-lead-jobs-in-united-kingdom",""
"QA Test Analyst","","","Reed","Testing Lead","🏢 Office | 📍 Brak lokalizacji","https://www.reed.co.uk/jobs/qa-test-analyst/56934432?source=searchResults&filter=%2Fjobs%2Ftesting-lead-jobs-in-united-kingdom",""
"Lead Engineer","","","Reed","Testing Lead","🏢 Office | 📍 Brak lokalizacji","https://www.reed.co.uk/jobs/lead-engineer/56424517?source=searchResults&filter=%2Fjobs%2Ftesting-lead-jobs-in-united-kingdom",""
"Lead Engineer","","","Reed","Testing Lead","🏢 Office | 📍 Brak lokalizacji","https://www.reed.co.uk/jobs/lead-engineer/56922752?source=searchResults&filter=%2Fjobs%2Ftesting-lead-jobs-in-united-kingdom",""
"Cockpit Test and Development Lead Engineer","","","Reed","Testing Lead","🏢 Office | 📍 Brak lokalizacji","https://www.reed.co.uk/jobs/cockpit-test-and-development-lead-engineer/56929519?source=searchResults&filter=%2Fjobs%2Ftesting-lead-jobs-in-united-kingdom",""
"Lead Test Engineer – 12 month – SC Cleared – Manchester","","","Reed","Testing Lead","🏢 Office | 📍 Brak lokalizacji","https://www.reed.co.uk/jobs/lead-test-engineer--12-month--sc-cleared--manchester/56876926?source=searchResults&filter=%2Fjobs%2Ftesting-lead-jobs-in-united-kingdom",""
"Test Manager","","","Reed","Testing Lead","🏢 Office | 📍 Brak lokalizacji","https://www.reed.co.uk/jobs/test-manager/56985243?source=searchResults&filter=%2Fjobs%2Ftesting-lead-jobs-in-united-kingdom",""
"Test Manager (Fixed-Term Contract)","","","Reed","Testing Lead","🏢 Office | 📍 Brak lokalizacji","https://www.reed.co.uk/jobs/test-manager-fixed-term-contract/56985579?source=searchResults&filter=%2Fjobs%2Ftesting-lead-jobs-in-united-kingdom",""
"Test Engineer","","","Reed","Testing Lead","🏢 Office | 📍 Brak lokalizacji","https://www.reed.co.uk/jobs/test-engineer/56955292?source=searchResults&filter=%2Fjobs%2Ftesting-lead-jobs-in-united-kingdom",""
"Internal Controls Tester","","","Reed","Testing Lead","🏢 Office | 📍 Brak lokalizacji","https://www.reed.co.uk/jobs/internal-controls-tester/56844404?source=searchResults&filter=%2Fjobs%2Ftesting-lead-jobs-in-united-kingdom",""
"Lead Internal Quality Assurer","","","Reed","Testing Lead","🏢 Office | 📍 Brak lokalizacji","https://www.reed.co.uk/jobs/lead-internal-quality-assurer/56852440?source=searchResults&filter=%2Fjobs%2Ftesting-lead-jobs-in-united-kingdom",""
"QA Engineer - ServiceNow","","","Reed","Testing Lead","🏢 Office | 📍 Brak lokalizacji","https://www.reed.co.uk/jobs/qa-engineer-servicenow/56368015?source=searchResults&filter=%2Fjobs%2Ftesting-lead-jobs-in-united-kingdom",""
"QA Engineer - Manual testing web applications","","","Reed","Testing Lead","🏢 Office | 📍 Brak lokalizacji","https://www.reed.co.uk/jobs/qa-engineer-manual-testing-web-applications/56933699?source=searchResults&filter=%2Fjobs%2Ftesting-lead-jobs-in-united-kingdom",""
"Senior Design Engineer","","","Reed","Testing Lead","🏢 Office | 📍 Brak lokalizacji","https://www.reed.co.uk/jobs/senior-design-engineer/56956248?source=searchResults&filter=%2Fjobs%2Ftesting-lead-jobs-in-united-kingdom",""
"Lead QA Engineer","","","Reed","Testing Lead","🏢 Office | 📍 Brak lokalizacji","https://www.reed.co.uk/jobs/lead-qa-engineer/56967072?source=searchResults&filter=%2Fjobs%2Ftesting-lead-jobs-in-united-kingdom",""
"QA Lead","","","Reed","Testing Lead","🏢 Office | 📍 Brak lokalizacji","https://www.reed.co.uk/jobs/qa-lead/56952165?source=searchResults&filter=%2Fjobs%2Ftesting-lead-jobs-in-united-kingdom",""
"QA Test Lead","","","Reed","Test Lead","🏢 Office | 📍 Brak lokalizacji","https://www.reed.co.uk/jobs/qa-test-lead/56821661?source=searchResults&filter=%2Fjobs%2Ftest-lead-jobs-in-united-kingdom",""
"Test Lead","","","Reed","Test Lead","🏢 Office | 📍 Brak lokalizacji","https://www.reed.co.uk/jobs/test-lead/56914845?source=searchResults&filter=%2Fjobs%2Ftest-lead-jobs-in-united-kingdom",""
"Test Lead","","","Reed","Test Lead","🏢 Office | 📍 Brak lokalizacji","https://www.reed.co.uk/jobs/test-lead/56878121?source=searchResults&filter=%2Fjobs%2Ftest-lead-jobs-in-united-kingdom",""
"Test Lead (Contract)","","","Reed","Test Lead","🏢 Office | 📍 Brak lokalizacji","https://www.reed.co.uk/jobs/test-lead-contract/56936046?source=searchResults&filter=%2Fjobs%2Ftest-lead-jobs-in-united-kingdom",""
"QA Test Lead (CCH Tagetik)","","","Reed","Test Lead","🏢 Office | 📍 Brak lokalizacji","https://www.reed.co.uk/jobs/qa-test-lead-cch-tagetik/56957487?source=searchResults&filter=%2Fjobs%2Ftest-lead-jobs-in-united-kingdom",""
"Analytical Testing Lead (Chemistry)","","","Reed","Test Lead","🏢 Office | 📍 Brak lokalizacji","https://www.reed.co.uk/jobs/analytical-testing-lead-chemistry/56907064?source=searchResults&filter=%2Fjobs%2Ftest-lead-jobs-in-united-kingdom",""
"Transformer Test Manager","","","Reed","Test Lead","🏢 Office | 📍 Brak lokalizacji","https://www.reed.co.uk/jobs/transformer-test-manager/56893161?source=searchResults&filter=%2Fjobs%2Ftest-lead-jobs-in-united-kingdom",""
"Test Manager / Lead £600/d Financial Services Remote","","","Reed","Test Lead","🏢 Office | 📍 Brak lokalizacji","https://www.reed.co.uk/jobs/test-manager-lead-600-d-financial-services-remote/56894233?source=searchResults&filter=%2Fjobs%2Ftest-lead-jobs-in-united-kingdom",""
"Lead Test Architect","","","Reed","Test Lead","🏢 Office | 📍 Brak lokalizacji","https://www.reed.co.uk/jobs/lead-test-architect/56878784?source=searchResults&filter=%2Fjobs%2Ftest-lead-jobs-in-united-kingdom",""
"Lead Software Test Engineer","","","Reed","Test Lead","🏢 Office | 📍 Brak lokalizacji","https://www.reed.co.uk/jobs/lead-software-test-engineer/56878350?source=searchResults&filter=%2Fjobs%2Ftest-lead-jobs-in-united-kingdom",""
"QA Test Analyst","","","Reed","Test Lead","🏢 Office | 📍 Brak lokalizacji","https://www.reed.co.uk/jobs/qa-test-analyst/56934432?source=searchResults&filter=%2Fjobs%2Ftest-lead-jobs-in-united-kingdom",""
"Cockpit Test and Development Lead Engineer","","","Reed","Test Lead","🏢 Office | 📍 Brak lokalizacji","https://www.reed.co.uk/jobs/cockpit-test-and-development-lead-engineer/56929519?source=searchResults&filter=%2Fjobs%2Ftest-lead-jobs-in-united-kingdom",""
"Lead Test Engineer – 12 month – SC Cleared – Manchester","","","Reed","Test Lead","🏢 Office | 📍 Brak lokalizacji","https://www.reed.co.uk/jobs/lead-test-engineer--12-month--sc-cleared--manchester/56876926?source=searchResults&filter=%2Fjobs%2Ftest-lead-jobs-in-united-kingdom",""
"Test Manager","","","Reed","Test Lead","🏢 Office | 📍 Brak lokalizacji","https://www.reed.co.uk/jobs/test-manager/56985243?source=searchResults&filter=%2Fjobs%2Ftest-lead-jobs-in-united-kingdom",""
"Test Manager (Fixed-Term Contract)","","","Reed","Test Lead","🏢 Office | 📍 Brak lokalizacji","https://www.reed.co.uk/jobs/test-manager-fixed-term-contract/56985579?source=searchResults&filter=%2Fjobs%2Ftest-lead-jobs-in-united-kingdom",""
"Test Engineer","","","Reed","Test Lead","🏢 Office | 📍 Brak lokalizacji","https://www.reed.co.uk/jobs/test-engineer/56955292?source=searchResults&filter=%2Fjobs%2Ftest-lead-jobs-in-united-kingdom",""
"PNT Test Engineer","","","Reed","Test Lead","🏢 Office | 📍 Brak lokalizacji","https://www.reed.co.uk/jobs/pnt-test-engineer/56985702?source=searchResults&filter=%2Fjobs%2Ftest-lead-jobs-in-united-kingdom",""
"Internal Controls Tester","","","Reed","Test Lead","🏢 Office | 📍 Brak lokalizacji","https://www.reed.co.uk/jobs/internal-controls-tester/56844404?source=searchResults&filter=%2Fjobs%2Ftest-lead-jobs-in-united-kingdom",""
"QA Engineer - Manual testing web applications","","","Reed","Test Lead","🏢 Office | 📍 Brak lokalizacji","https://www.reed.co.uk/jobs/qa-engineer-manual-testing-web-applications/56933699?source=searchResults&filter=%2Fjobs%2Ftest-lead-jobs-in-united-kingdom",""
"QA Engineer - ServiceNow","","","Reed","Test Lead","🏢 Office | 📍 Brak lokalizacji","https://www.reed.co.uk/jobs/qa-engineer-servicenow/56368015?source=searchResults&filter=%2Fjobs%2Ftest-lead-jobs-in-united-kingdom",""
"Salesforce Test Engineer","","","Reed","Test Lead","🏢 Office | 📍 Brak lokalizacji","https://www.reed.co.uk/jobs/salesforce-test-engineer/56871152?source=searchResults&filter=%2Fjobs%2Ftest-lead-jobs-in-united-kingdom",""
"Senior Design Engineer","","","Reed","Test Lead","🏢 Office | 📍 Brak lokalizacji","https://www.reed.co.uk/jobs/senior-design-engineer/56956248?source=searchResults&filter=%2Fjobs%2Ftest-lead-jobs-in-united-kingdom",""
"Lead QA Engineer","","","Reed","Test Lead","🏢 Office | 📍 Brak lokalizacji","https://www.reed.co.uk/jobs/lead-qa-engineer/56967072?source=searchResults&filter=%2Fjobs%2Ftest-lead-jobs-in-united-kingdom",""
"Software QA Lead","","","Reed","Test Lead","🏢 Office | 📍 Brak lokalizacji","https://www.reed.co.uk/jobs/software-qa-lead/56848224?source=searchResults&filter=%2Fjobs%2Ftest-lead-jobs-in-united-kingdom",""
"QA Lead","","","Reed","Test Lead","🏢 Office | 📍 Brak lokalizacji","https://www.reed.co.uk/jobs/qa-lead/56952165?source=searchResults&filter=%2Fjobs%2Ftest-lead-jobs-in-united-kingdom",""
"QA Engineer - Manual testing web applications","","","Reed","QA Engineer","🏢 Office | 📍 Brak lokalizacji","https://www.reed.co.uk/jobs/qa-engineer-manual-testing-web-applications/56933699?source=searchResults&filter=%2Fjobs%2Fqa-engineer-jobs-in-united-kingdom",""
"QA Engineer","","","Reed","QA Engineer","🏢 Office | 📍 Brak lokalizacji","https://www.reed.co.uk/jobs/qa-engineer/56836249?source=searchResults&filter=%2Fjobs%2Fqa-engineer-jobs-in-united-kingdom",""
"QA Automation Engineer","","","Reed","QA Engineer","🏢 Office | 📍 Brak lokalizacji","https://www.reed.co.uk/jobs/qa-automation-engineer/56848010?source=searchResults&filter=%2Fjobs%2Fqa-engineer-jobs-in-united-kingdom",""
"Quality Assurance Engineer","","","Reed","QA Engineer","🏢 Office | 📍 Brak lokalizacji","https://www.reed.co.uk/jobs/quality-assurance-engineer/56861589?source=searchResults&filter=%2Fjobs%2Fqa-engineer-jobs-in-united-kingdom",""
"Quality Assurance Engineer","","","Reed","QA Engineer","🏢 Office | 📍 Brak lokalizacji","https://www.reed.co.uk/jobs/quality-assurance-engineer/56926756?source=searchResults&filter=%2Fjobs%2Fqa-engineer-jobs-in-united-kingdom",""
"QA Automation Engineer","","","Reed","QA Engineer","🏢 Office | 📍 Brak lokalizacji","https://www.reed.co.uk/jobs/qa-automation-engineer/56978781?source=searchResults&filter=%2Fjobs%2Fqa-engineer-jobs-in-united-kingdom",""
"Software QA Engineer","","","Reed","QA Engineer","🏢 Office | 📍 Brak lokalizacji","https://www.reed.co.uk/jobs/software-qa-engineer/56947844?source=searchResults&filter=%2Fjobs%2Fqa-engineer-jobs-in-united-kingdom",""
"QA Engineer - ServiceNow","","","Reed","QA Engineer","🏢 Office | 📍 Brak lokalizacji","https://www.reed.co.uk/jobs/qa-engineer-servicenow/56368015?source=searchResults&filter=%2Fjobs%2Fqa-engineer-jobs-in-united-kingdom",""
"Lead QA Engineer","","","Reed","QA Engineer","🏢 Office | 📍 Brak lokalizacji","https://www.reed.co.uk/jobs/lead-qa-engineer/56967072?source=searchResults&filter=%2Fjobs%2Fqa-engineer-jobs-in-united-kingdom",""
"Senior QA Engineer","","","Reed","QA Engineer","🏢 Office | 📍 Brak lokalizacji","https://www.reed.co.uk/jobs/senior-qa-engineer/56942815?source=searchResults&filter=%2Fjobs%2Fqa-engineer-jobs-in-united-kingdom",""
"Senior QA Engineer","","","Reed","QA Engineer","🏢 Office | 📍 Brak lokalizacji","https://www.reed.co.uk/jobs/senior-qa-engineer/56942822?source=searchResults&filter=%2Fjobs%2Fqa-engineer-jobs-in-united-kingdom",""
"QA Engineer - HYBRID","","","Reed","QA Engineer","🔀 Hybrid | 📍 Brak lokalizacji","https://www.reed.co.uk/jobs/qa-engineer-hybrid/56957160?source=searchResults&filter=%2Fjobs%2Fqa-engineer-jobs-in-united-kingdom",""
"QA Engineer - HS2","","","Reed","QA Engineer","🏢 Office | 📍 Brak lokalizacji","https://www.reed.co.uk/jobs/qa-engineer-hs2/56937575?source=searchResults&filter=%2Fjobs%2Fqa-engineer-jobs-in-united-kingdom",""
"Senior Quality Assurance Engineer","","","Reed","QA Engineer","🏢 Office | 📍 Brak lokalizacji","https://www.reed.co.uk/jobs/senior-quality-assurance-engineer/56824839?source=searchResults&filter=%2Fjobs%2Fqa-engineer-jobs-in-united-kingdom",""
"Test Quality Assurance Engineer","","","Reed","QA Engineer","🏢 Office | 📍 Brak lokalizacji","https://www.reed.co.uk/jobs/test-quality-assurance-engineer/56868487?source=searchResults&filter=%2Fjobs%2Fqa-engineer-jobs-in-united-kingdom",""
"AI (QA) Automation Engineer","","","Reed","QA Engineer","🏢 Office | 📍 Brak lokalizacji","https://www.reed.co.uk/jobs/ai-qa-automation-engineer/56888873?source=searchResults&filter=%2Fjobs%2Fqa-engineer-jobs-in-united-kingdom",""
"Supplier Quality Assurance Engineer","","","Reed","QA Engineer","🏢 Office | 📍 Brak lokalizacji","https://www.reed.co.uk/jobs/supplier-quality-assurance-engineer/56984503?source=searchResults&filter=%2Fjobs%2Fqa-engineer-jobs-in-united-kingdom",""
"Supplier Development and Quality Engineer","","","Reed","QA Engineer","🏢 Office | 📍 Brak lokalizacji","https://www.reed.co.uk/jobs/supplier-development-and-quality-engineer/56918038?source=searchResults&filter=%2Fjobs%2Fqa-engineer-jobs-in-united-kingdom",""
"Lead AI Red Teaming & QA Engineer","","","Reed","QA Engineer","🏢 Office | 📍 Brak lokalizacji","https://www.reed.co.uk/jobs/lead-ai-red-teaming-qa-engineer/56912145?source=searchResults&filter=%2Fjobs%2Fqa-engineer-jobs-in-united-kingdom",""
"Technical Customer Success Specialist - Graduate","","","Reed","QA Engineer","🏢 Office | 📍 Brak lokalizacji","https://www.reed.co.uk/jobs/technical-customer-success-specialist-graduate/56865868?source=searchResults&filter=%2Fjobs%2Fqa-engineer-jobs-in-united-kingdom",""
"Quality Engineer (Exciting Technical Progression)","","","Reed","QA Engineer","🏢 Office | 📍 Brak lokalizacji","https://www.reed.co.uk/jobs/quality-engineer-exciting-technical-progression/56943805?source=searchResults&filter=%2Fjobs%2Fqa-engineer-jobs-in-united-kingdom",""
"Senior QA Tester","","","Reed","QA Engineer","🏢 Office | 📍 Brak lokalizacji","https://www.reed.co.uk/jobs/senior-qa-tester/56917575?source=searchResults&filter=%2Fjobs%2Fqa-engineer-jobs-in-united-kingdom",""
"Quality Engineer","","","Reed","QA Engineer","🏢 Office | 📍 Brak lokalizacji","https://www.reed.co.uk/jobs/quality-engineer/56922745?source=searchResults&filter=%2Fjobs%2Fqa-engineer-jobs-in-united-kingdom",""
"Software Engineer / Senior QA & Test - DO-178C","","","Reed","QA Engineer","🏢 Office | 📍 Brak lokalizacji","https://www.reed.co.uk/jobs/software-engineer-senior-qa-test-do-178c/56945855?source=searchResults&filter=%2Fjobs%2Fqa-engineer-jobs-in-united-kingdom",""
"QA Technician","","","Reed","QA Engineer","🏢 Office | 📍 Brak lokalizacji","https://www.reed.co.uk/jobs/qa-technician/56978113?source=searchResults&filter=%2Fjobs%2Fqa-engineer-jobs-in-united-kingdom",""
"QA Automation Engineer","","","Reed","QA Automation Engineer","🏢 Office | 📍 Brak lokalizacji","https://www.reed.co.uk/jobs/qa-automation-engineer/56848010?source=searchResults&filter=%2Fjobs%2Fqa-automation-engineer-jobs-in-united-kingdom",""
"QA Automation Engineer","","","Reed","QA Automation Engineer","🏢 Office | 📍 Brak lokalizacji","https://www.reed.co.uk/jobs/qa-automation-engineer/56978781?source=searchResults&filter=%2Fjobs%2Fqa-automation-engineer-jobs-in-united-kingdom",""
"AI (QA) Automation Engineer","","","Reed","QA Automation Engineer","🏢 Office | 📍 Brak lokalizacji","https://www.reed.co.uk/jobs/ai-qa-automation-engineer/56888873?source=searchResults&filter=%2Fjobs%2Fqa-automation-engineer-jobs-in-united-kingdom",""
"QA Engineer - Manual testing web applications","","","Reed","QA Automation Engineer","🏢 Office | 📍 Brak lokalizacji","https://www.reed.co.uk/jobs/qa-engineer-manual-testing-web-applications/56933699?source=searchResults&filter=%2Fjobs%2Fqa-automation-engineer-jobs-in-united-kingdom",""
"QA Test Analyst","","","Reed","QA Automation Engineer","🏢 Office | 📍 Brak lokalizacji","https://www.reed.co.uk/jobs/qa-test-analyst/56934432?source=searchResults&filter=%2Fjobs%2Fqa-automation-engineer-jobs-in-united-kingdom",""
"Senior QA Engineer","","","Reed","QA Automation Engineer","🏢 Office | 📍 Brak lokalizacji","https://www.reed.co.uk/jobs/senior-qa-engineer/56942815?source=searchResults&filter=%2Fjobs%2Fqa-automation-engineer-jobs-in-united-kingdom",""
"Senior QA Engineer","","","Reed","QA Automation Engineer","🏢 Office | 📍 Brak lokalizacji","https://www.reed.co.uk/jobs/senior-qa-engineer/56942822?source=searchResults&filter=%2Fjobs%2Fqa-automation-engineer-jobs-in-united-kingdom",""
"Software QA Engineer","","","Reed","QA Automation Engineer","🏢 Office | 📍 Brak lokalizacji","https://www.reed.co.uk/jobs/software-qa-engineer/56947844?source=searchResults&filter=%2Fjobs%2Fqa-automation-engineer-jobs-in-united-kingdom",""
"Lead QA Engineer","","","Reed","QA Automation Engineer","🏢 Office | 📍 Brak lokalizacji","https://www.reed.co.uk/jobs/lead-qa-engineer/56967072?source=searchResults&filter=%2Fjobs%2Fqa-automation-engineer-jobs-in-united-kingdom",""
"Lead Automation Tester Engineer, C#, tyescript, Playwright","","","Reed","QA Automation Engineer","🏢 Office | 📍 Brak lokalizacji","https://www.reed.co.uk/jobs/lead-automation-tester-engineer-c-tyescript-playwright/56838448?source=searchResults&filter=%2Fjobs%2Fqa-automation-engineer-jobs-in-united-kingdom",""
"Senior QA Tester","","","Reed","QA Automation Engineer","🏢 Office | 📍 Brak lokalizacji","https://www.reed.co.uk/jobs/senior-qa-tester/56917575?source=searchResults&filter=%2Fjobs%2Fqa-automation-engineer-jobs-in-united-kingdom",""
"Technical Customer Success Specialist - Graduate","","","Reed","QA Automation Engineer","🏢 Office | 📍 Brak lokalizacji","https://www.reed.co.uk/jobs/technical-customer-success-specialist-graduate/56865868?source=searchResults&filter=%2Fjobs%2Fqa-automation-engineer-jobs-in-united-kingdom",""
"Automation Engineer","","","Reed","QA Automation Engineer","🏢 Office | 📍 Brak lokalizacji","https://www.reed.co.uk/jobs/automation-engineer/56931697?source=searchResults&filter=%2Fjobs%2Fqa-automation-engineer-jobs-in-united-kingdom",""
"Process Engineer","","","Reed","QA Automation Engineer","🏢 Office | 📍 Brak lokalizacji","https://www.reed.co.uk/jobs/process-engineer/56894260?source=searchResults&filter=%2Fjobs%2Fqa-automation-engineer-jobs-in-united-kingdom",""
"Engineering Manager","","","Reed","QA Automation Engineer","🏢 Office | 📍 Brak lokalizacji","https://www.reed.co.uk/jobs/engineering-manager/56927986?source=searchResults&filter=%2Fjobs%2Fqa-automation-engineer-jobs-in-united-kingdom",""
"Senior Quality Assurance Engineer","","","Reed","QA Automation Engineer","🏢 Office | 📍 Brak lokalizacji","https://www.reed.co.uk/jobs/senior-quality-assurance-engineer/56824839?source=searchResults&filter=%2Fjobs%2Fqa-automation-engineer-jobs-in-united-kingdom",""
"Quality Assurance Engineer","","","Reed","QA Automation Engineer","🏢 Office | 📍 Brak lokalizacji","https://www.reed.co.uk/jobs/quality-assurance-engineer/56926756?source=searchResults&filter=%2Fjobs%2Fqa-automation-engineer-jobs-in-united-kingdom",""
"QA Systems Application Specialist","","","Reed","QA Automation Engineer","🏢 Office | 📍 Brak lokalizacji","https://www.reed.co.uk/jobs/qa-systems-application-specialist/56931686?source=searchResults&filter=%2Fjobs%2Fqa-automation-engineer-jobs-in-united-kingdom",""
"Quality Engineer","","","Reed","QA Automation Engineer","🏢 Office | 📍 Brak lokalizacji","https://www.reed.co.uk/jobs/quality-engineer/56913330?source=searchResults&filter=%2Fjobs%2Fqa-automation-engineer-jobs-in-united-kingdom",""
"AI & Digital Support Apprentice","","","Reed","QA Automation Engineer","🏢 Office | 📍 Brak lokalizacji","https://www.reed.co.uk/jobs/ai-digital-support-apprentice/56930066?source=searchResults&filter=%2Fjobs%2Fqa-automation-engineer-jobs-in-united-kingdom",""
"Data Engineer - AWS","","","Reed","QA Automation Engineer","🏢 Office | 📍 Brak lokalizacji","https://www.reed.co.uk/jobs/data-engineer-aws/56966361?source=searchResults&filter=%2Fjobs%2Fqa-automation-engineer-jobs-in-united-kingdom",""
"QA Auditor","","","Reed","QA Automation Engineer","🏢 Office | 📍 Brak lokalizacji","https://www.reed.co.uk/jobs/qa-auditor/56839922?source=searchResults&filter=%2Fjobs%2Fqa-automation-engineer-jobs-in-united-kingdom",""
"QA Test Lead","","","Reed","QA Automation Engineer","🏢 Office | 📍 Brak lokalizacji","https://www.reed.co.uk/jobs/qa-test-lead/56821661?source=searchResults&filter=%2Fjobs%2Fqa-automation-engineer-jobs-in-united-kingdom",""
"QA Engineer - HYBRID","","","Reed","QA Automation Engineer","🔀 Hybrid | 📍 Brak lokalizacji","https://www.reed.co.uk/jobs/qa-engineer-hybrid/56957160?source=searchResults&filter=%2Fjobs%2Fqa-automation-engineer-jobs-in-united-kingdom",""
"QA Technician","","","Reed","QA Automation Engineer","🏢 Office | 📍 Brak lokalizacji","https://www.reed.co.uk/jobs/qa-technician/56978113?source=searchResults&filter=%2Fjobs%2Fqa-automation-engineer-jobs-in-united-kingdom",""
"QA Test Analyst","","","Reed","Test Automation Engineer","🏢 Office | 📍 Brak lokalizacji","https://www.reed.co.uk/jobs/qa-test-analyst/56934432?source=searchResults&filter=%2Fjobs%2Ftest-automation-engineer-jobs-in-united-kingdom",""
"Software Test & Automation Engineer","","","Reed","Test Automation Engineer","🏢 Office | 📍 Brak lokalizacji","https://www.reed.co.uk/jobs/software-test-automation-engineer/56933953?source=searchResults&filter=%2Fjobs%2Ftest-automation-engineer-jobs-in-united-kingdom",""
"Automation Test Engineer","","","Reed","Test Automation Engineer","🏢 Office | 📍 Brak lokalizacji","https://www.reed.co.uk/jobs/automation-test-engineer/56974255?source=searchResults&filter=%2Fjobs%2Ftest-automation-engineer-jobs-in-united-kingdom",""
"QA Engineer - Manual testing web applications","","","Reed","Test Automation Engineer","🏢 Office | 📍 Brak lokalizacji","https://www.reed.co.uk/jobs/qa-engineer-manual-testing-web-applications/56933699?source=searchResults&filter=%2Fjobs%2Ftest-automation-engineer-jobs-in-united-kingdom",""
"Test Engineer","","","Reed","Test Automation Engineer","🏢 Office | 📍 Brak lokalizacji","https://www.reed.co.uk/jobs/test-engineer/56955292?source=searchResults&filter=%2Fjobs%2Ftest-automation-engineer-jobs-in-united-kingdom",""
"Automation Engineer","","","Reed","Test Automation Engineer","🏢 Office | 📍 Brak lokalizacji","https://www.reed.co.uk/jobs/automation-engineer/56931697?source=searchResults&filter=%2Fjobs%2Ftest-automation-engineer-jobs-in-united-kingdom",""
"Warehouse Automation Maintenance Engineer","","","Reed","Test Automation Engineer","🏢 Office | 📍 Brak lokalizacji","https://www.reed.co.uk/jobs/warehouse-automation-maintenance-engineer/56838652?source=searchResults&filter=%2Fjobs%2Ftest-automation-engineer-jobs-in-united-kingdom",""
"Automation Analyst","","","Reed","Test Automation Engineer","🏢 Office | 📍 Brak lokalizacji","https://www.reed.co.uk/jobs/automation-analyst/56880337?source=searchResults&filter=%2Fjobs%2Ftest-automation-engineer-jobs-in-united-kingdom",""
"QA Automation Engineer","","","Reed","Test Automation Engineer","🏢 Office | 📍 Brak lokalizacji","https://www.reed.co.uk/jobs/qa-automation-engineer/56848010?source=searchResults&filter=%2Fjobs%2Ftest-automation-engineer-jobs-in-united-kingdom",""
"Automation Engineer - Pharmaceutical","","","Reed","Test Automation Engineer","🏢 Office | 📍 Brak lokalizacji","https://www.reed.co.uk/jobs/automation-engineer-pharmaceutical/56888900?source=searchResults&filter=%2Fjobs%2Ftest-automation-engineer-jobs-in-united-kingdom",""
"Test Engineer - Active eDV Clearance","","","Reed","Test Automation Engineer","🏢 Office | 📍 Brak lokalizacji","https://www.reed.co.uk/jobs/test-engineer-active-edv-clearance/56950332?source=searchResults&filter=%2Fjobs%2Ftest-automation-engineer-jobs-in-united-kingdom",""
"Lead Automation Tester Engineer, C#, tyescript, Playwright","","","Reed","Test Automation Engineer","🏢 Office | 📍 Brak lokalizacji","https://www.reed.co.uk/jobs/lead-automation-tester-engineer-c-tyescript-playwright/56838448?source=searchResults&filter=%2Fjobs%2Ftest-automation-engineer-jobs-in-united-kingdom",""
"SOC Automation Engineer","","","Reed","Test Automation Engineer","🏢 Office | 📍 Brak lokalizacji","https://www.reed.co.uk/jobs/soc-automation-engineer/56917144?source=searchResults&filter=%2Fjobs%2Ftest-automation-engineer-jobs-in-united-kingdom",""
"Control and Automation Field Engineer","","","Reed","Test Automation Engineer","🏢 Office | 📍 Brak lokalizacji","https://www.reed.co.uk/jobs/control-and-automation-field-engineer/56913660?source=searchResults&filter=%2Fjobs%2Ftest-automation-engineer-jobs-in-united-kingdom",""
"Software Test Engineer","","","Reed","Test Automation Engineer","🏢 Office | 📍 Brak lokalizacji","https://www.reed.co.uk/jobs/software-test-engineer/56968171?source=searchResults&filter=%2Fjobs%2Ftest-automation-engineer-jobs-in-united-kingdom",""
"Junior Java developer - FTC - 3 Days a week onsite in Newcastle","","","Reed","Test Automation Engineer","🏢 Office | 📍 Brak lokalizacji","https://www.reed.co.uk/jobs/junior-java-developer-ftc-3-days-a-week-onsite-in-newcastle/56953271?source=searchResults&filter=%2Fjobs%2Ftest-automation-engineer-jobs-in-united-kingdom",""
"Test Engineer","","","Reed","Test Automation Engineer","🏢 Office | 📍 Brak lokalizacji","https://www.reed.co.uk/jobs/test-engineer/56960933?source=searchResults&filter=%2Fjobs%2Ftest-automation-engineer-jobs-in-united-kingdom",""
"Electrical Test and Inspection Engineer","","","Reed","Test Automation Engineer","🏢 Office | 📍 Brak lokalizacji","https://www.reed.co.uk/jobs/electrical-test-and-inspection-engineer/56964437?source=searchResults&filter=%2Fjobs%2Ftest-automation-engineer-jobs-in-united-kingdom",""
"Electrical Test and Inspection Engineer","","","Reed","Test Automation Engineer","🏢 Office | 📍 Brak lokalizacji","https://www.reed.co.uk/jobs/electrical-test-and-inspection-engineer/56925201?source=searchResults&filter=%2Fjobs%2Ftest-automation-engineer-jobs-in-united-kingdom",""
"Electrical Test and Inspection Engineer","","","Reed","Test Automation Engineer","🏢 Office | 📍 Brak lokalizacji","https://www.reed.co.uk/jobs/electrical-test-and-inspection-engineer/56924966?source=searchResults&filter=%2Fjobs%2Ftest-automation-engineer-jobs-in-united-kingdom",""
"Test Engineer","","","Reed","Test Automation Engineer","🏢 Office | 📍 Brak lokalizacji","https://www.reed.co.uk/jobs/test-engineer/56933380?source=searchResults&filter=%2Fjobs%2Ftest-automation-engineer-jobs-in-united-kingdom",""
"Software Engineer In Test (SDET)","","","Reed","Test Automation Engineer","🏢 Office | 📍 Brak lokalizacji","https://www.reed.co.uk/jobs/software-engineer-in-test-sdet/56964010?source=searchResults&filter=%2Fjobs%2Ftest-automation-engineer-jobs-in-united-kingdom",""
"Lead Test Engineer – 12 month – SC Cleared – Manchester","","","Reed","Test Automation Engineer","🏢 Office | 📍 Brak lokalizacji","https://www.reed.co.uk/jobs/lead-test-engineer--12-month--sc-cleared--manchester/56876926?source=searchResults&filter=%2Fjobs%2Ftest-automation-engineer-jobs-in-united-kingdom",""
"Automation Project Engineer","","","Reed","Test Automation Engineer","🏢 Office | 📍 Brak lokalizacji","https://www.reed.co.uk/jobs/automation-project-engineer/56968085?source=searchResults&filter=%2Fjobs%2Ftest-automation-engineer-jobs-in-united-kingdom",""
"Automation Project Engineer","","","Reed","Test Automation Engineer","🏢 Office | 📍 Brak lokalizacji","https://www.reed.co.uk/jobs/automation-project-engineer/56697811?source=searchResults&filter=%2Fjobs%2Ftest-automation-engineer-jobs-in-united-kingdom",""
"Principal SDET/SEIT","","","Reed","SDET","🏢 Office | 📍 Brak lokalizacji","https://www.reed.co.uk/jobs/principal-sdet-seit/56964006?source=searchResults&filter=%2Fjobs%2Fsdet-jobs-in-united-kingdom",""
"Software Engineer In Test (SDET)","","","Reed","SDET","🏢 Office | 📍 Brak lokalizacji","https://www.reed.co.uk/jobs/software-engineer-in-test-sdet/56964010?source=searchResults&filter=%2Fjobs%2Fsdet-jobs-in-united-kingdom",""
"Senior QA Tester","","","Reed","SDET","🏢 Office | 📍 Brak lokalizacji","https://www.reed.co.uk/jobs/senior-qa-tester/56917575?source=searchResults&filter=%2Fjobs%2Fsdet-jobs-in-united-kingdom",""
"QA Systems Application Specialist","","","Reed","SDET","🏢 Office | 📍 Brak lokalizacji","https://www.reed.co.uk/jobs/qa-systems-application-specialist/56931686?source=searchResults&filter=%2Fjobs%2Fsdet-jobs-in-united-kingdom",""
"QA Test Lead","","","Reed","SDET","🏢 Office | 📍 Brak lokalizacji","https://www.reed.co.uk/jobs/qa-test-lead/56821661?source=searchResults&filter=%2Fjobs%2Fsdet-jobs-in-united-kingdom",""
"QA Automation Engineer","","","Reed","SDET","🏢 Office | 📍 Brak lokalizacji","https://www.reed.co.uk/jobs/qa-automation-engineer/56848010?source=searchResults&filter=%2Fjobs%2Fsdet-jobs-in-united-kingdom",""
"SDR FPGA Engineer","","","Reed","SDET","🏢 Office | 📍 Brak lokalizacji","https://www.reed.co.uk/jobs/sdr-fpga-engineer/56893318?source=searchResults&filter=%2Fjobs%2Fsdet-jobs-in-united-kingdom",""
"Technical Delivery Lead - SDLC & Infrastructure","","","Reed","SDET","🏢 Office | 📍 Brak lokalizacji","https://www.reed.co.uk/jobs/technical-delivery-lead-sdlc-infrastructure/56830380?source=searchResults&filter=%2Fjobs%2Fsdet-jobs-in-united-kingdom",""
"SDR Manager","","","Reed","SDET","🏢 Office | 📍 Brak lokalizacji","https://www.reed.co.uk/jobs/sdr-manager/56919360?source=searchResults&filter=%2Fjobs%2Fsdet-jobs-in-united-kingdom",""
"SDR Manager","","","Reed","SDET","🏢 Office | 📍 Brak lokalizacji","https://www.reed.co.uk/jobs/sdr-manager/56861939?source=searchResults&filter=%2Fjobs%2Fsdet-jobs-in-united-kingdom",""
"QA Test Lead (CCH Tagetik)","","","Reed","SDET","🏢 Office | 📍 Brak lokalizacji","https://www.reed.co.uk/jobs/qa-test-lead-cch-tagetik/56957487?source=searchResults&filter=%2Fjobs%2Fsdet-jobs-in-united-kingdom",""
"SDR Manager - Team of 8 - SAAS Fintech -Slough","","","Reed","SDET","🏢 Office | 📍 Brak lokalizacji","https://www.reed.co.uk/jobs/sdr-manager-team-of-8-saas-fintech-slough/56905611?source=searchResults&filter=%2Fjobs%2Fsdet-jobs-in-united-kingdom",""
"Senior QA Engineer","","","Reed","SDET","🏢 Office | 📍 Brak lokalizacji","https://www.reed.co.uk/jobs/senior-qa-engineer/56942815?source=searchResults&filter=%2Fjobs%2Fsdet-jobs-in-united-kingdom",""
"Senior QA Engineer","","","Reed","SDET","🏢 Office | 📍 Brak lokalizacji","https://www.reed.co.uk/jobs/senior-qa-engineer/56942822?source=searchResults&filter=%2Fjobs%2Fsdet-jobs-in-united-kingdom",""
"SDR Manager - Team of 8 - SAAS Fintech - London","","","Reed","SDET","🏢 Office | 📍 Brak lokalizacji","https://www.reed.co.uk/jobs/sdr-manager-team-of-8-saas-fintech-london/56898510?source=searchResults&filter=%2Fjobs%2Fsdet-jobs-in-united-kingdom",""
"SDR Manager - Team of 8 - SAAS Fintech","","","Reed","SDET","🏢 Office | 📍 Brak lokalizacji","https://www.reed.co.uk/jobs/sdr-manager-team-of-8-saas-fintech/56974917?source=searchResults&filter=%2Fjobs%2Fsdet-jobs-in-united-kingdom",""
"CREST Penetration Tester","","","Reed","SDET","🏢 Office | 📍 Brak lokalizacji","https://www.reed.co.uk/jobs/crest-penetration-tester/56872382?source=searchResults&filter=%2Fjobs%2Fsdet-jobs-in-united-kingdom",""
"QA Automation Engineer","","","Reed","SDET","🏢 Office | 📍 Brak lokalizacji","https://www.reed.co.uk/jobs/qa-automation-engineer/56978781?source=searchResults&filter=%2Fjobs%2Fsdet-jobs-in-united-kingdom",""
"Test Development Engineer","","","Reed","SDET","🏢 Office | 📍 Brak lokalizacji","https://www.reed.co.uk/jobs/test-development-engineer/56722326?source=searchResults&filter=%2Fjobs%2Fsdet-jobs-in-united-kingdom",""
"Test Engineer (SFIA 4)","","","Reed","SDET","🏢 Office | 📍 Brak lokalizacji","https://www.reed.co.uk/jobs/test-engineer-sfia-4/56929400?source=searchResults&filter=%2Fjobs%2Fsdet-jobs-in-united-kingdom",""
"Senior Penetration Tester","","","Reed","SDET","🏢 Office | 📍 Brak lokalizacji","https://www.reed.co.uk/jobs/senior-penetration-tester/56858032?source=searchResults&filter=%2Fjobs%2Fsdet-jobs-in-united-kingdom",""
"GCP QA Consultant (Contract)","","","Reed","SDET","🏢 Office | 📍 Brak lokalizacji","https://www.reed.co.uk/jobs/gcp-qa-consultant-contract/56950870?source=searchResults&filter=%2Fjobs%2Fsdet-jobs-in-united-kingdom",""
"SC Cleared Tester","","","Reed","SDET","🏢 Office | 📍 Brak lokalizacji","https://www.reed.co.uk/jobs/sc-cleared-tester/56852462?source=searchResults&filter=%2Fjobs%2Fsdet-jobs-in-united-kingdom",""
"SRE | Bristol | Cyber-tech Scale Up | £90-105k","","","Reed","SDET","🏢 Office | 📍 Brak lokalizacji","https://www.reed.co.uk/jobs/sre--bristol--cyber-tech-scale-up--90-105k/56886024?source=searchResults&filter=%2Fjobs%2Fsdet-jobs-in-united-kingdom",""
"Software QA Engineer","","","Reed","SDET","🏢 Office | 📍 Brak lokalizacji","https://www.reed.co.uk/jobs/software-qa-engineer/56947844?source=searchResults&filter=%2Fjobs%2Fsdet-jobs-in-united-kingdom",""
"Software Engineer In Test (SDET)","","","Reed","Software Engineer in Test","🏢 Office | 📍 Brak lokalizacji","https://www.reed.co.uk/jobs/software-engineer-in-test-sdet/56964010?source=searchResults&filter=%2Fjobs%2Fsoftware-engineer-in-test-jobs-in-united-kingdom",""
"Senior Test Software Engineer","","","Reed","Software Engineer in Test","🏢 Office | 📍 Brak lokalizacji","https://www.reed.co.uk/jobs/senior-test-software-engineer/56829834?source=searchResults&filter=%2Fjobs%2Fsoftware-engineer-in-test-jobs-in-united-kingdom",""
"Software Engineer / Senior QA & Test - DO-178C","","","Reed","Software Engineer in Test","🏢 Office | 📍 Brak lokalizacji","https://www.reed.co.uk/jobs/software-engineer-senior-qa-test-do-178c/56945855?source=searchResults&filter=%2Fjobs%2Fsoftware-engineer-in-test-jobs-in-united-kingdom",""
"Software Development Engineer in Test","","","Reed","Software Engineer in Test","🏢 Office | 📍 Brak lokalizacji","https://www.reed.co.uk/jobs/software-development-engineer-in-test/56831121?source=searchResults&filter=%2Fjobs%2Fsoftware-engineer-in-test-jobs-in-united-kingdom",""
"QA Engineer - Manual testing web applications","","","Reed","Software Engineer in Test","🏢 Office | 📍 Brak lokalizacji","https://www.reed.co.uk/jobs/qa-engineer-manual-testing-web-applications/56933699?source=searchResults&filter=%2Fjobs%2Fsoftware-engineer-in-test-jobs-in-united-kingdom",""
"Application Software Engineer","","","Reed","Software Engineer in Test","🏢 Office | 📍 Brak lokalizacji","https://www.reed.co.uk/jobs/application-software-engineer/56978825?source=searchResults&filter=%2Fjobs%2Fsoftware-engineer-in-test-jobs-in-united-kingdom",""
"ADA Software Engineer","","","Reed","Software Engineer in Test","🏢 Office | 📍 Brak lokalizacji","https://www.reed.co.uk/jobs/ada-software-engineer/56861138?source=searchResults&filter=%2Fjobs%2Fsoftware-engineer-in-test-jobs-in-united-kingdom",""
"Software Applications Engineer","","","Reed","Software Engineer in Test","🏢 Office | 📍 Brak lokalizacji","https://www.reed.co.uk/jobs/software-applications-engineer/56852363?source=searchResults&filter=%2Fjobs%2Fsoftware-engineer-in-test-jobs-in-united-kingdom",""
"Full Stack Software Engineer","","","Reed","Software Engineer in Test","🏢 Office | 📍 Brak lokalizacji","https://www.reed.co.uk/jobs/full-stack-software-engineer/56952995?source=searchResults&filter=%2Fjobs%2Fsoftware-engineer-in-test-jobs-in-united-kingdom",""
"Senior Software Engineer","","","Reed","Software Engineer in Test","🏢 Office | 📍 Brak lokalizacji","https://www.reed.co.uk/jobs/senior-software-engineer/56867019?source=searchResults&filter=%2Fjobs%2Fsoftware-engineer-in-test-jobs-in-united-kingdom",""
"Senior Software Developer","","","Reed","Software Engineer in Test","🏢 Office | 📍 Brak lokalizacji","https://www.reed.co.uk/jobs/senior-software-developer/56904263?source=searchResults&filter=%2Fjobs%2Fsoftware-engineer-in-test-jobs-in-united-kingdom",""
"Senior Software Engineer","","","Reed","Software Engineer in Test","🏢 Office | 📍 Brak lokalizacji","https://www.reed.co.uk/jobs/senior-software-engineer/56864801?source=searchResults&filter=%2Fjobs%2Fsoftware-engineer-in-test-jobs-in-united-kingdom",""
"Graduate Software Engineer","","","Reed","Software Engineer in Test","🏢 Office | 📍 Brak lokalizacji","https://www.reed.co.uk/jobs/graduate-software-engineer/56933725?source=searchResults&filter=%2Fjobs%2Fsoftware-engineer-in-test-jobs-in-united-kingdom",""
"Principal Software Engineer","","","Reed","Software Engineer in Test","🏢 Office | 📍 Brak lokalizacji","https://www.reed.co.uk/jobs/principal-software-engineer/56913241?source=searchResults&filter=%2Fjobs%2Fsoftware-engineer-in-test-jobs-in-united-kingdom",""
"Electronics Project Engineer","","","Reed","Software Engineer in Test","🏢 Office | 📍 Brak lokalizacji","https://www.reed.co.uk/jobs/electronics-project-engineer/56832555?source=searchResults&filter=%2Fjobs%2Fsoftware-engineer-in-test-jobs-in-united-kingdom",""
"Embedded Software Engineer","","","Reed","Software Engineer in Test","🏢 Office | 📍 Brak lokalizacji","https://www.reed.co.uk/jobs/embedded-software-engineer/56951387?source=searchResults&filter=%2Fjobs%2Fsoftware-engineer-in-test-jobs-in-united-kingdom",""
"Chief Software Architect","","","Reed","Software Engineer in Test","🏢 Office | 📍 Brak lokalizacji","https://www.reed.co.uk/jobs/chief-software-architect/56976824?source=searchResults&filter=%2Fjobs%2Fsoftware-engineer-in-test-jobs-in-united-kingdom",""
"Lead Software Engineer","","","Reed","Software Engineer in Test","🏢 Office | 📍 Brak lokalizacji","https://www.reed.co.uk/jobs/lead-software-engineer/56969653?source=searchResults&filter=%2Fjobs%2Fsoftware-engineer-in-test-jobs-in-united-kingdom",""
"Software Developer Apprentice","","","Reed","Software Engineer in Test","🏢 Office | 📍 Brak lokalizacji","https://www.reed.co.uk/jobs/software-developer-apprentice/56964161?source=searchResults&filter=%2Fjobs%2Fsoftware-engineer-in-test-jobs-in-united-kingdom",""
"Software Engineer","","","Reed","Software Engineer in Test","🏢 Office | 📍 Brak lokalizacji","https://www.reed.co.uk/jobs/software-engineer/56979025?source=searchResults&filter=%2Fjobs%2Fsoftware-engineer-in-test-jobs-in-united-kingdom",""
"Software Engineer","","","Reed","Software Engineer in Test","🏢 Office | 📍 Brak lokalizacji","https://www.reed.co.uk/jobs/software-engineer/56867830?source=searchResults&filter=%2Fjobs%2Fsoftware-engineer-in-test-jobs-in-united-kingdom",""
"Software Engineer","","","Reed","Software Engineer in Test","🏢 Office | 📍 Brak lokalizacji","https://www.reed.co.uk/jobs/software-engineer/56829515?source=searchResults&filter=%2Fjobs%2Fsoftware-engineer-in-test-jobs-in-united-kingdom",""
"Software Engineer","","","Reed","Software Engineer in Test","🏢 Office | 📍 Brak lokalizacji","https://www.reed.co.uk/jobs/software-engineer/56900900?source=searchResults&filter=%2Fjobs%2Fsoftware-engineer-in-test-jobs-in-united-kingdom",""
"Mechanical Engineer","","","Reed","Software Engineer in Test","🏢 Office | 📍 Brak lokalizacji","https://www.reed.co.uk/jobs/mechanical-engineer/56817766?source=searchResults&filter=%2Fjobs%2Fsoftware-engineer-in-test-jobs-in-united-kingdom",""
"Electronics Engineer","","","Reed","Software Engineer in Test","🏢 Office | 📍 Brak lokalizacji","https://www.reed.co.uk/jobs/electronics-engineer/56873409?source=searchResults&filter=%2Fjobs%2Fsoftware-engineer-in-test-jobs-in-united-kingdom",""
"Test Engineer","","","Reed","Test Engineer","🏢 Office | 📍 Brak lokalizacji","https://www.reed.co.uk/jobs/test-engineer/56955292?source=searchResults&filter=%2Fjobs%2Ftest-engineer-jobs-in-united-kingdom",""
"PNT Test Engineer","","","Reed","Test Engineer","🏢 Office | 📍 Brak lokalizacji","https://www.reed.co.uk/jobs/pnt-test-engineer/56985702?source=searchResults&filter=%2Fjobs%2Ftest-engineer-jobs-in-united-kingdom",""
"Test Engineer","","","Reed","Test Engineer","🏢 Office | 📍 Brak lokalizacji","https://www.reed.co.uk/jobs/test-engineer/56852380?source=searchResults&filter=%2Fjobs%2Ftest-engineer-jobs-in-united-kingdom",""
"Test Engineer","","","Reed","Test Engineer","🏢 Office | 📍 Brak lokalizacji","https://www.reed.co.uk/jobs/test-engineer/56978876?source=searchResults&filter=%2Fjobs%2Ftest-engineer-jobs-in-united-kingdom",""
"Test Engineer","","","Reed","Test Engineer","🏢 Office | 📍 Brak lokalizacji","https://www.reed.co.uk/jobs/test-engineer/56837052?source=searchResults&filter=%2Fjobs%2Ftest-engineer-jobs-in-united-kingdom",""
"Test Engineer","","","Reed","Test Engineer","🏢 Office | 📍 Brak lokalizacji","https://www.reed.co.uk/jobs/test-engineer/56824230?source=searchResults&filter=%2Fjobs%2Ftest-engineer-jobs-in-united-kingdom",""
"Test Engineer","","","Reed","Test Engineer","🏢 Office | 📍 Brak lokalizacji","https://www.reed.co.uk/jobs/test-engineer/56906046?source=searchResults&filter=%2Fjobs%2Ftest-engineer-jobs-in-united-kingdom",""
"Test Engineer","","","Reed","Test Engineer","🏢 Office | 📍 Brak lokalizacji","https://www.reed.co.uk/jobs/test-engineer/56955554?source=searchResults&filter=%2Fjobs%2Ftest-engineer-jobs-in-united-kingdom",""
"Test Engineer","","","Reed","Test Engineer","🏢 Office | 📍 Brak lokalizacji","https://www.reed.co.uk/jobs/test-engineer/56933380?source=searchResults&filter=%2Fjobs%2Ftest-engineer-jobs-in-united-kingdom",""
"Test Engineer","","","Reed","Test Engineer","🏢 Office | 📍 Brak lokalizacji","https://www.reed.co.uk/jobs/test-engineer/56960933?source=searchResults&filter=%2Fjobs%2Ftest-engineer-jobs-in-united-kingdom",""
"Test Engineer","","","Reed","Test Engineer","🏢 Office | 📍 Brak lokalizacji","https://www.reed.co.uk/jobs/test-engineer/56868490?source=searchResults&filter=%2Fjobs%2Ftest-engineer-jobs-in-united-kingdom",""
"Production Test Engineer","","","Reed","Test Engineer","🏢 Office | 📍 Brak lokalizacji","https://www.reed.co.uk/jobs/production-test-engineer/56952930?source=searchResults&filter=%2Fjobs%2Ftest-engineer-jobs-in-united-kingdom",""
"Software Test Engineer","","","Reed","Test Engineer","🏢 Office | 📍 Brak lokalizacji","https://www.reed.co.uk/jobs/software-test-engineer/56968171?source=searchResults&filter=%2Fjobs%2Ftest-engineer-jobs-in-united-kingdom",""
"Software Test Engineer","","","Reed","Test Engineer","🏢 Office | 📍 Brak lokalizacji","https://www.reed.co.uk/jobs/software-test-engineer/56840898?source=searchResults&filter=%2Fjobs%2Ftest-engineer-jobs-in-united-kingdom",""
"EDS Test Engineer","","","Reed","Test Engineer","🏢 Office | 📍 Brak lokalizacji","https://www.reed.co.uk/jobs/eds-test-engineer/56904583?source=searchResults&filter=%2Fjobs%2Ftest-engineer-jobs-in-united-kingdom",""
"Software Test Engineer","","","Reed","Test Engineer","🏢 Office | 📍 Brak lokalizacji","https://www.reed.co.uk/jobs/software-test-engineer/56892387?source=searchResults&filter=%2Fjobs%2Ftest-engineer-jobs-in-united-kingdom",""
"Electronic Test Engineer","","","Reed","Test Engineer","🏢 Office | 📍 Brak lokalizacji","https://www.reed.co.uk/jobs/electronic-test-engineer/56831561?source=searchResults&filter=%2Fjobs%2Ftest-engineer-jobs-in-united-kingdom",""
"Electronic Test Engineer","","","Reed","Test Engineer","🏢 Office | 📍 Brak lokalizacji","https://www.reed.co.uk/jobs/electronic-test-engineer/56914050?source=searchResults&filter=%2Fjobs%2Ftest-engineer-jobs-in-united-kingdom",""
"Manufacturing Test Engineer","","","Reed","Test Engineer","🏢 Office | 📍 Brak lokalizacji","https://www.reed.co.uk/jobs/manufacturing-test-engineer/56722191?source=searchResults&filter=%2Fjobs%2Ftest-engineer-jobs-in-united-kingdom",""
"Electrical Test Engineer","","","Reed","Test Engineer","🏢 Office | 📍 Brak lokalizacji","https://www.reed.co.uk/jobs/electrical-test-engineer/56891989?source=searchResults&filter=%2Fjobs%2Ftest-engineer-jobs-in-united-kingdom",""
"Electronics Test Engineer","","","Reed","Test Engineer","🏢 Office | 📍 Brak lokalizacji","https://www.reed.co.uk/jobs/electronics-test-engineer/56897817?source=searchResults&filter=%2Fjobs%2Ftest-engineer-jobs-in-united-kingdom",""
"Transducer Test Engineer","","","Reed","Test Engineer","🏢 Office | 📍 Brak lokalizacji","https://www.reed.co.uk/jobs/transducer-test-engineer/56950306?source=searchResults&filter=%2Fjobs%2Ftest-engineer-jobs-in-united-kingdom",""
"Electronics Test Engineer","","","Reed","Test Engineer","🏢 Office | 📍 Brak lokalizacji","https://www.reed.co.uk/jobs/electronics-test-engineer/56864741?source=searchResults&filter=%2Fjobs%2Ftest-engineer-jobs-in-united-kingdom",""
"Salesforce Test Engineer","","","Reed","Test Engineer","🏢 Office | 📍 Brak lokalizacji","https://www.reed.co.uk/jobs/salesforce-test-engineer/56871152?source=searchResults&filter=%2Fjobs%2Ftest-engineer-jobs-in-united-kingdom",""
"Production Test Engineer","","","Reed","Test Engineer","🏢 Office | 📍 Brak lokalizacji","https://www.reed.co.uk/jobs/production-test-engineer/56843403?source=searchResults&filter=%2Fjobs%2Ftest-engineer-jobs-in-united-kingdom",""
"QA Test Lead","","","Reed","QA Lead","🏢 Office | 📍 Brak lokalizacji","https://www.reed.co.uk/jobs/qa-test-lead/56821661?source=searchResults&filter=%2Fjobs%2Fqa-lead-jobs-in-united-kingdom",""
"QA Lead","","","Reed","QA Lead","🏢 Office | 📍 Brak lokalizacji","https://www.reed.co.uk/jobs/qa-lead/56952165?source=searchResults&filter=%2Fjobs%2Fqa-lead-jobs-in-united-kingdom",""
"QA/QA Lead-Food Sector","","","Reed","QA Lead","🏢 Office | 📍 Brak lokalizacji","https://www.reed.co.uk/jobs/qa-qa-lead-food-sector/56952387?source=searchResults&filter=%2Fjobs%2Fqa-lead-jobs-in-united-kingdom",""
"QA Team Lead","","","Reed","QA Lead","🏢 Office | 📍 Brak lokalizacji","https://www.reed.co.uk/jobs/qa-team-lead/56981332?source=searchResults&filter=%2Fjobs%2Fqa-lead-jobs-in-united-kingdom",""
"Software QA Lead","","","Reed","QA Lead","🏢 Office | 📍 Brak lokalizacji","https://www.reed.co.uk/jobs/software-qa-lead/56848224?source=searchResults&filter=%2Fjobs%2Fqa-lead-jobs-in-united-kingdom",""
"QA Test Lead (CCH Tagetik)","","","Reed","QA Lead","🏢 Office | 📍 Brak lokalizacji","https://www.reed.co.uk/jobs/qa-test-lead-cch-tagetik/56957487?source=searchResults&filter=%2Fjobs%2Fqa-lead-jobs-in-united-kingdom",""
"Lead QA Engineer","","","Reed","QA Lead","🏢 Office | 📍 Brak lokalizacji","https://www.reed.co.uk/jobs/lead-qa-engineer/56967072?source=searchResults&filter=%2Fjobs%2Fqa-lead-jobs-in-united-kingdom",""
"QA Systems Application Specialist","","","Reed","QA Lead","🏢 Office | 📍 Brak lokalizacji","https://www.reed.co.uk/jobs/qa-systems-application-specialist/56931686?source=searchResults&filter=%2Fjobs%2Fqa-lead-jobs-in-united-kingdom",""
"Senior QA Officer - Operations (18-month Fixed Term)","","","Reed","QA Lead","🏢 Office | 📍 Brak lokalizacji","https://www.reed.co.uk/jobs/senior-qa-officer-operations-18-month-fixed-term/56947470?source=searchResults&filter=%2Fjobs%2Fqa-lead-jobs-in-united-kingdom",""
"Quality Manager","","","Reed","QA Lead","🏢 Office | 📍 Brak lokalizacji","https://www.reed.co.uk/jobs/quality-manager/56936013?source=searchResults&filter=%2Fjobs%2Fqa-lead-jobs-in-united-kingdom",""
"QA Test Analyst","","","Reed","QA Lead","🏢 Office | 📍 Brak lokalizacji","https://www.reed.co.uk/jobs/qa-test-analyst/56934432?source=searchResults&filter=%2Fjobs%2Fqa-lead-jobs-in-united-kingdom",""
"Lead Internal Quality Assurer","","","Reed","QA Lead","🏢 Office | 📍 Brak lokalizacji","https://www.reed.co.uk/jobs/lead-internal-quality-assurer/56852440?source=searchResults&filter=%2Fjobs%2Fqa-lead-jobs-in-united-kingdom",""
"Lead AI Red Teaming & QA Engineer","","","Reed","QA Lead","🏢 Office | 📍 Brak lokalizacji","https://www.reed.co.uk/jobs/lead-ai-red-teaming-qa-engineer/56912145?source=searchResults&filter=%2Fjobs%2Fqa-lead-jobs-in-united-kingdom",""
"QA Engineer - Manual testing web applications","","","Reed","QA Lead","🏢 Office | 📍 Brak lokalizacji","https://www.reed.co.uk/jobs/qa-engineer-manual-testing-web-applications/56933699?source=searchResults&filter=%2Fjobs%2Fqa-lead-jobs-in-united-kingdom",""
"Quality Assurance Supervisor","","","Reed","QA Lead","🏢 Office | 📍 Brak lokalizacji","https://www.reed.co.uk/jobs/quality-assurance-supervisor/56951839?source=searchResults&filter=%2Fjobs%2Fqa-lead-jobs-in-united-kingdom",""
"Quality Assurance Analyst","","","Reed","QA Lead","🏢 Office | 📍 Brak lokalizacji","https://www.reed.co.uk/jobs/quality-assurance-analyst/56711570?source=searchResults&filter=%2Fjobs%2Fqa-lead-jobs-in-united-kingdom",""
"Financial Crime QA Manager (Hybrid 3 days per week in Central London)","","","Reed","QA Lead","🔀 Hybrid | 📍 Brak lokalizacji","https://www.reed.co.uk/jobs/financial-crime-qa-manager-hybrid-3-days-per-week-in-central-london/56929738?source=searchResults&filter=%2Fjobs%2Fqa-lead-jobs-in-united-kingdom",""
"Quality Assurance Specialist","","","Reed","QA Lead","🏢 Office | 📍 Brak lokalizacji","https://www.reed.co.uk/jobs/quality-assurance-specialist/56843359?source=searchResults&filter=%2Fjobs%2Fqa-lead-jobs-in-united-kingdom",""
"Quality Assurance Manager","","","Reed","QA Lead","🏢 Office | 📍 Brak lokalizacji","https://www.reed.co.uk/jobs/quality-assurance-manager/56943507?source=searchResults&filter=%2Fjobs%2Fqa-lead-jobs-in-united-kingdom",""
"QA Auditor","","","Reed","QA Lead","🏢 Office | 📍 Brak lokalizacji","https://www.reed.co.uk/jobs/qa-auditor/56839922?source=searchResults&filter=%2Fjobs%2Fqa-lead-jobs-in-united-kingdom",""
"Test Lead","","","Reed","QA Lead","🏢 Office | 📍 Brak lokalizacji","https://www.reed.co.uk/jobs/test-lead/56878121?source=searchResults&filter=%2Fjobs%2Fqa-lead-jobs-in-united-kingdom",""
"Quality Assurance Manager - FMCG Manufacturing","","","Reed","QA Lead","🏢 Office | 📍 Brak lokalizacji","https://www.reed.co.uk/jobs/quality-assurance-manager-fmcg-manufacturing/56887030?source=searchResults&filter=%2Fjobs%2Fqa-lead-jobs-in-united-kingdom",""
"QA Team Leader","","","Reed","QA Lead","🏢 Office | 📍 Brak lokalizacji","https://www.reed.co.uk/jobs/qa-team-leader/56986755?source=searchResults&filter=%2Fjobs%2Fqa-lead-jobs-in-united-kingdom",""
"QA Manager","","","Reed","QA Lead","🏢 Office | 📍 Brak lokalizacji","https://www.reed.co.uk/jobs/qa-manager/56898188?source=searchResults&filter=%2Fjobs%2Fqa-lead-jobs-in-united-kingdom",""
"QA Manager / QA Supervisor (Food Manufacturing)","","","Reed","QA Lead","🏢 Office | 📍 Brak lokalizacji","https://www.reed.co.uk/jobs/qa-manager-qa-supervisor-food-manufacturing/56895626?source=searchResults&filter=%2Fjobs%2Fqa-lead-jobs-in-united-kingdom",""
"Senior Machine Learning Test Engineer United Kingdom","Autodesk","Sheffield, South Yorkshire","Adzuna (TotalJobs+)","Software QA Engineer","🏢 Office | 🚗 2h 9min ❌ | 🚌 ~3h 1min 💾","https://www.adzuna.co.uk/jobs/details/5751291321?utm_medium=api&utm_source=fec81443","2026-06-04"
"Senior Machine Learning Test Engineer United Kingdom","Autodesk","Birmingham, West Midlands","Adzuna (TotalJobs+)","Software QA Engineer","🏢 Office | 🚗 1h 37min | 🚌 ~2h 16min 💾","https://www.adzuna.co.uk/jobs/details/5751291313?utm_medium=api&utm_source=fec81443","2026-06-04"
"Senior Machine Learning Test Engineer United Kingdom","Autodesk","UK","Adzuna (TotalJobs+)","Software QA Engineer","🏢 Office | 📍 Brak lokalizacji","https://www.adzuna.co.uk/jobs/details/5751291300?utm_medium=api&utm_source=fec81443","2026-06-04"
"Software QA Engineer","Halliburton","UK","Adzuna (TotalJobs+)","Software QA Engineer","🏢 Office | 📍 Brak lokalizacji","https://www.adzuna.co.uk/jobs/details/5750412387?utm_medium=api&utm_source=fec81443","2026-06-03"
"Senior Gameplay Programmer","Cloud Imperium Games Limited","Manchester, Greater Manchester","Adzuna (TotalJobs+)","Software QA Engineer","🏢 Office | 🚗 1h 20min | 🚌 ~2h 24min 💾","https://www.adzuna.co.uk/jobs/details/5750340926?utm_medium=api&utm_source=fec81443","2026-06-03"
"Software Delivery Manager","SThree UK","East Midlands, UK","Adzuna (TotalJobs+)","Software QA Engineer","🏢 Office | 🚗 1h 35min | 🚌 ~2h 13min 💾","https://www.adzuna.co.uk/jobs/details/5744679934?utm_medium=api&utm_source=fec81443","2026-05-29"
"Software Delivery Manager","Computer Futures","East Midlands, UK","Adzuna (TotalJobs+)","Software QA Engineer","🏢 Office | 🚗 1h 35min | 🚌 ~2h 13min","https://www.adzuna.co.uk/jobs/land/ad/5744640102?se=jMIfVMFg8RG88rkiu28HPQ&utm_medium=api&utm_source=fec81443&v=0CF016F44183EFB169089D137DCBAE352ABD33A1","2026-05-29"
"Application Analyst","Rightmove Careers","Milton Keynes, Buckinghamshire","Adzuna (TotalJobs+)","Software QA Engineer","🏢 Office | 🚗 2h 36min ❌ | 🚌 ~3h 39min 💾","https://www.adzuna.co.uk/jobs/details/5744466518?utm_medium=api&utm_source=fec81443","2026-05-29"
"Dynamics 365 CE Developer (Power Platform & CRM)",". CGI IT UK Limited","UK","Adzuna (TotalJobs+)","Software QA Engineer","🏢 Office | 📍 Brak lokalizacji","https://www.adzuna.co.uk/jobs/details/5743990535?utm_medium=api&utm_source=fec81443","2026-05-28"
"QA Automation / SDET Engineer","Pro Contract Jobs Ltd","Birmingham, West Midlands","Adzuna (TotalJobs+)","Software QA Engineer","🏢 Office | 🚗 1h 42min | 🚌 ~2h 23min 💾","https://www.adzuna.co.uk/jobs/details/5743673714?utm_medium=api&utm_source=fec81443","2026-05-28"
"Simulation Engineer","Frontier Resourcing Ltd","UK","Adzuna (TotalJobs+)","Software QA Engineer","🏢 Office | 📍 Brak lokalizacji","https://www.adzuna.co.uk/jobs/land/ad/5742314490?se=jMIfVMFg8RG88rkiu28HPQ&utm_medium=api&utm_source=fec81443&v=958454C73AFEB669B0C238415E66A5CABC337714","2026-05-27"
"Software Engineer / Senior QA & Test - DO-178C","DCS Recruitment","Oxfordshire, South East England","Adzuna (TotalJobs+)","Software QA Engineer","🏢 Office | 🚗 2h 49min ❌ | 🚌 ~3h 57min","https://www.adzuna.co.uk/jobs/land/ad/5742298253?se=jMIfVMFg8RG88rkiu28HPQ&utm_medium=api&utm_source=fec81443&v=B84FEDAC1923E0FBCAAE14B04905D32D007EEE92","2026-05-27"
"QA Automation / SDET Engineer","Syntax Consultancy Ltd","Balsall Heath, Birmingham","Adzuna (TotalJobs+)","Software QA Engineer","🏢 Office | 🚗 1h 49min | 🚌 ~2h 33min","https://www.adzuna.co.uk/jobs/land/ad/5740349601?se=jMIfVMFg8RG88rkiu28HPQ&utm_medium=api&utm_source=fec81443&v=A0514047D200C1EA08A8FDE8CEAB39C3FCEE213A","2026-05-25"
"Senior Software Engineer (ML QA)","Graphcore","Bristol, South West England","Adzuna (TotalJobs+)","Software QA Engineer","🏢 Office | 🚗 1h 52min | 🚌 ~2h 37min 💾","https://www.adzuna.co.uk/jobs/details/5739766551?utm_medium=api&utm_source=fec81443","2026-05-24"
"QA / Test Engineer - eSC / DV cleared",". Investigo","UK","Adzuna (TotalJobs+)","Software QA Engineer","🏢 Office | 📍 Brak lokalizacji","https://www.adzuna.co.uk/jobs/details/5735631290?utm_medium=api&utm_source=fec81443","2026-05-20"
"Okta Customer Identity Engineer","Insulet Corporation","UK","Adzuna (TotalJobs+)","Software QA Engineer","🏢 Office | 📍 Brak lokalizacji","https://www.adzuna.co.uk/jobs/details/5735092736?utm_medium=api&utm_source=fec81443","2026-05-20"
"Senior Delivery Manager","Informed Solutions","Holbeck, Leeds","Adzuna (TotalJobs+)","Software QA Engineer","🏢 Office | 🚗 1h 52min | 🚌 ~2h 37min 💾","https://www.adzuna.co.uk/jobs/details/5733143777?utm_medium=api&utm_source=fec81443","2026-05-18"
"QA Automation / SDET Engineer","Syntax Consultancy Ltd","Balsall Heath, Birmingham","Adzuna (TotalJobs+)","Software QA Automation Engineer","🏢 Office | 🚗 1h 49min | 🚌 ~2h 33min","https://www.adzuna.co.uk/jobs/land/ad/5740349601?se=1my8VMFg8RG88rkiu28HPQ&utm_medium=api&utm_source=fec81443&v=A0514047D200C1EA08A8FDE8CEAB39C3FCEE213A","2026-05-25"
"Senior Delivery Manager","Informed Solutions","Altrincham, Greater Manchester","Adzuna (TotalJobs+)","Software QA Automation Engineer","🏢 Office | 🚗 1h 3min | 🚌 ~1h 54min 💾","https://www.adzuna.co.uk/jobs/details/5457262885?utm_medium=api&utm_source=fec81443","2025-10-21"
"Senior NDT Inspector - UT 3.7 (Days or Nights)","Employment Solutions Limited","Bolton, Greater Manchester","Adzuna (TotalJobs+)","Testing Lead","🏢 Office | 🚗 1h 11min | 🚌 ~2h 8min","https://www.adzuna.co.uk/jobs/land/ad/5752892293?se=IiDvVMFg8RGTyYTYU6ltQQ&utm_medium=api&utm_source=fec81443&v=656DEAD8FDFB4F75A58A8B9C66534109FE341734","2026-06-05"
"Lead Test Engineer","Tatton Recruitment","Brooklands, Sale","Adzuna (TotalJobs+)","Testing Lead","🏢 Office | 🚗 1h 4min | 🚌 ~1h 55min","https://www.adzuna.co.uk/jobs/details/5752771056?utm_medium=api&utm_source=fec81443","2026-06-05"
"Environmental Business Development Executive","SGS United Kingdom Limited","Wolverhampton, West Midlands","Adzuna (TotalJobs+)","Testing Lead","🏢 Office | 🚗 1h 23min | 🚌 ~2h 30min","https://www.adzuna.co.uk/jobs/details/5752710860?utm_medium=api&utm_source=fec81443","2026-06-05"
"BDM - Food Testing & Advisory Services","SGS United Kingdom Limited","Wolverhampton, West Midlands","Adzuna (TotalJobs+)","Testing Lead","🏢 Office | 🚗 1h 23min | 🚌 ~2h 30min","https://www.adzuna.co.uk/jobs/details/5752710835?utm_medium=api&utm_source=fec81443","2026-06-05"
"Gas Testing Technician","SGS United Kingdom Limited","Wolverhampton, West Midlands","Adzuna (TotalJobs+)","Testing Lead","🏢 Office | 🚗 1h 23min | 🚌 ~2h 30min","https://www.adzuna.co.uk/jobs/details/5752709391?utm_medium=api&utm_source=fec81443","2026-06-05"
"Static Commissioning Engineer","GE Vernova","Stafford, Staffordshire","Adzuna (TotalJobs+)","Testing Lead","🏢 Office | 🚗 1h 16min | 🚌 ~2h 17min","https://www.adzuna.co.uk/jobs/details/5752579116?utm_medium=api&utm_source=fec81443","2026-06-05"
"QHSE Advisor","SGS United Kingdom Limited","Ellesmere Port, Cheshire","Adzuna (TotalJobs+)","Testing Lead","🏢 Office | 🚗 29min | 🚌 ~53min","https://www.adzuna.co.uk/jobs/land/ad/5752289545?se=IiDvVMFg8RGTyYTYU6ltQQ&utm_medium=api&utm_source=fec81443&v=EBFD220607DF06BA788951CB64EFAD42E355DA3D","2026-06-04"
"Commissioning Engineer (Mechanical or Process)","Amentum","Bristol, South West England","Adzuna (TotalJobs+)","Testing Lead","🏢 Office | 🚗 1h 52min | 🚌 ~2h 37min","https://www.adzuna.co.uk/jobs/land/ad/5752257375?se=IiDvVMFg8RGTyYTYU6ltQQ&utm_medium=api&utm_source=fec81443&v=108853ECF0BEB04EFB379E1D632C06EC0B8A8206","2026-06-04"
"Managing Security Architect","Sopra Steria","UK","Adzuna (TotalJobs+)","Testing Lead","🏢 Office | 📍 Brak lokalizacji","https://www.adzuna.co.uk/jobs/land/ad/5752255228?se=IiDvVMFg8RGTyYTYU6ltQQ&utm_medium=api&utm_source=fec81443&v=C6132AD86E982449D18391E1F41D9495E7689B01","2026-06-04"
"Shop Floor Labourer/Driver","Special Steel Group","Heeley, Sheffield","Adzuna (TotalJobs+)","Testing Lead","🏢 Office | 🚗 2h 16min ❌ | 🚌 ~3h 10min","https://www.adzuna.co.uk/jobs/land/ad/5752197011?se=IiDvVMFg8RGTyYTYU6ltQQ&utm_medium=api&utm_source=fec81443&v=B2B230200F7CFCE4EF91D4B987683F940A1D70B3","2026-06-04"
"Systems Engineer","Infinity Quest UK","UK","Adzuna (TotalJobs+)","Testing Lead","🏢 Office | 📍 Brak lokalizacji","https://www.adzuna.co.uk/jobs/details/5752186288?utm_medium=api&utm_source=fec81443","2026-06-04"
"Paid Media Manager","FOCUS 5 RECRUITMENT LTD","Leeds, West Yorkshire","Adzuna (TotalJobs+)","Testing Lead","🏢 Office | 🚗 1h 58min | 🚌 ~2h 45min","https://www.adzuna.co.uk/jobs/details/5752157764?utm_medium=api&utm_source=fec81443","2026-06-04"
"Head of Electrical Safety (Authorised Person)","Flex","UK","Adzuna (TotalJobs+)","Testing Lead","🏢 Office | 📍 Brak lokalizacji","https://www.adzuna.co.uk/jobs/details/5752149004?utm_medium=api&utm_source=fec81443","2026-06-04"
"Senior Automation Test Analyst (Edinburgh)","Seven Investment Management","UK","Adzuna (TotalJobs+)","Testing Lead","🏢 Office | 📍 Brak lokalizacji","https://www.adzuna.co.uk/jobs/land/ad/5752147412?se=IiDvVMFg8RGTyYTYU6ltQQ&utm_medium=api&utm_source=fec81443&v=E74B997F4DAE37D9A15AC56E14770A8975252059","2026-06-04"
"FLM","Iron Mountain","UK","Adzuna (TotalJobs+)","Testing Lead","🏢 Office | 📍 Brak lokalizacji","https://www.adzuna.co.uk/jobs/details/5752142539?utm_medium=api&utm_source=fec81443","2026-06-04"
"Mechanical Systems Engineer","CBSbutler Holdings Limited trading as CBSbutler","Aggborough, Kidderminster","Adzuna (TotalJobs+)","Testing Lead","🏢 Office | 🚗 1h 46min | 🚌 ~2h 29min","https://www.adzuna.co.uk/jobs/land/ad/5752142465?se=IiDvVMFg8RGTyYTYU6ltQQ&utm_medium=api&utm_source=fec81443&v=5AA386A287ACEB69F3AC52232D5682C8D29A4AB3","2026-06-04"
"Sr Analyst Automation Test Engineer","DXC Technology","UK","Adzuna (TotalJobs+)","Testing Lead","🏢 Office | 📍 Brak lokalizacji","https://www.adzuna.co.uk/jobs/details/5752141852?utm_medium=api&utm_source=fec81443","2026-06-04"
"Systems Delivery Manager (USA) - USA","ISR Recruitment","Harrogate, North Yorkshire","Adzuna (TotalJobs+)","Testing Lead","🏢 Office | 🚗 2h 22min ❌ | 🚌 ~3h 19min","https://www.adzuna.co.uk/jobs/details/5752141487?utm_medium=api&utm_source=fec81443","2026-06-04"
"Design Manager","WB Power Services Ltd","Woodthorpe, Loughborough","Adzuna (TotalJobs+)","Testing Lead","🏢 Office | 🚗 2h 4min ❌ | 🚌 ~2h 53min","https://www.adzuna.co.uk/jobs/land/ad/5751948414?se=IiDvVMFg8RGTyYTYU6ltQQ&utm_medium=api&utm_source=fec81443&v=2C0E37E438BFB304394AA6C22B49494E0C26032B","2026-06-04"
"Senior NDT Inspector - UT 3.7 (Days or Nights)","Employment Solutions Limited","Bolton, Greater Manchester","Adzuna (TotalJobs+)","Test Lead","🏢 Office | 🚗 1h 11min | 🚌 ~2h 8min","https://www.adzuna.co.uk/jobs/land/ad/5752892293?se=EO2_VcFg8RGTyYTYU6ltQQ&utm_medium=api&utm_source=fec81443&v=656DEAD8FDFB4F75A58A8B9C66534109FE341734","2026-06-05"
"QHSE Advisor","SGS United Kingdom Limited","Ellesmere Port, Cheshire","Adzuna (TotalJobs+)","Test Lead","🏢 Office | 🚗 29min | 🚌 ~53min","https://www.adzuna.co.uk/jobs/land/ad/5752289545?se=EO2_VcFg8RGTyYTYU6ltQQ&utm_medium=api&utm_source=fec81443&v=EBFD220607DF06BA788951CB64EFAD42E355DA3D","2026-06-04"
"Commissioning Engineer (Mechanical or Process)","Amentum","Bristol, South West England","Adzuna (TotalJobs+)","Test Lead","🏢 Office | 🚗 1h 52min | 🚌 ~2h 37min","https://www.adzuna.co.uk/jobs/land/ad/5752257375?se=EO2_VcFg8RGTyYTYU6ltQQ&utm_medium=api&utm_source=fec81443&v=108853ECF0BEB04EFB379E1D632C06EC0B8A8206","2026-06-04"
"Managing Security Architect","Sopra Steria","UK","Adzuna (TotalJobs+)","Test Lead","🏢 Office | 📍 Brak lokalizacji","https://www.adzuna.co.uk/jobs/land/ad/5752255228?se=EO2_VcFg8RGTyYTYU6ltQQ&utm_medium=api&utm_source=fec81443&v=C6132AD86E982449D18391E1F41D9495E7689B01","2026-06-04"
"Shop Floor Labourer/Driver","Special Steel Group","Heeley, Sheffield","Adzuna (TotalJobs+)","Test Lead","🏢 Office | 🚗 2h 16min ❌ | 🚌 ~3h 10min","https://www.adzuna.co.uk/jobs/land/ad/5752197011?se=EO2_VcFg8RGTyYTYU6ltQQ&utm_medium=api&utm_source=fec81443&v=B2B230200F7CFCE4EF91D4B987683F940A1D70B3","2026-06-04"
"Senior Automation Test Analyst (Edinburgh)","Seven Investment Management","UK","Adzuna (TotalJobs+)","Test Lead","🏢 Office | 📍 Brak lokalizacji","https://www.adzuna.co.uk/jobs/land/ad/5752147412?se=EO2_VcFg8RGTyYTYU6ltQQ&utm_medium=api&utm_source=fec81443&v=E74B997F4DAE37D9A15AC56E14770A8975252059","2026-06-04"
"Mechanical Systems Engineer","CBSbutler Holdings Limited trading as CBSbutler","Aggborough, Kidderminster","Adzuna (TotalJobs+)","Test Lead","🏢 Office | 🚗 1h 46min | 🚌 ~2h 29min","https://www.adzuna.co.uk/jobs/land/ad/5752142465?se=EO2_VcFg8RGTyYTYU6ltQQ&utm_medium=api&utm_source=fec81443&v=5AA386A287ACEB69F3AC52232D5682C8D29A4AB3","2026-06-04"
"Design Manager","WB Power Services Ltd","Woodthorpe, Loughborough","Adzuna (TotalJobs+)","Test Lead","🏢 Office | 🚗 2h 4min ❌ | 🚌 ~2h 53min","https://www.adzuna.co.uk/jobs/land/ad/5751948414?se=EO2_VcFg8RGTyYTYU6ltQQ&utm_medium=api&utm_source=fec81443&v=2C0E37E438BFB304394AA6C22B49494E0C26032B","2026-06-04"
"Case Erector Operative","McCain Foods  Ltd","Huntingdon, Cambridgeshire","Adzuna (TotalJobs+)","QA Engineer","🏢 Office | 🚗 2h 49min ❌ | 🚌 ~3h 57min","https://www.adzuna.co.uk/jobs/details/5752709083?utm_medium=api&utm_source=fec81443","2026-06-05"
"C++ developer","Hexwired Recruitment Limited","Holcot, Northampton","Adzuna (TotalJobs+)","QA Engineer","🏢 Office | 🚗 2h 22min ❌ | 🚌 ~3h 19min","https://www.adzuna.co.uk/jobs/land/ad/5752196739?se=6LMvVsFg8RGSg4LAY2WzgQ&utm_medium=api&utm_source=fec81443&v=32225B746E1D6E68409A37CF2BAC25BD040C1534","2026-06-04"
"Head of Data and Data Management","Luxion","UK","Adzuna (TotalJobs+)","QA Engineer","🏢 Office | 📍 Brak lokalizacji","https://www.adzuna.co.uk/jobs/details/5752141481?utm_medium=api&utm_source=fec81443","2026-06-04"
"Technical QA & Release Manager","RQ","UK","Adzuna (TotalJobs+)","QA Engineer","🏢 Office | 📍 Brak lokalizacji","https://www.adzuna.co.uk/jobs/details/5751956735?utm_medium=api&utm_source=fec81443","2026-06-04"
"Principal Mechanical Engineer","Kier Group","Rusholme, Manchester","Adzuna (TotalJobs+)","QA Engineer","🏢 Office | 🚗 1h 12min | 🚌 ~2h 9min","https://www.adzuna.co.uk/jobs/details/5751659067?utm_medium=api&utm_source=fec81443","2026-06-04"
"Junior QA Automation Engineer","Durell Software","Bristol, South West England","Adzuna (TotalJobs+)","QA Engineer","🏢 Office | 🚗 1h 48min | 🚌 ~2h 31min 💾","https://www.adzuna.co.uk/jobs/details/5751618316?utm_medium=api&utm_source=fec81443","2026-06-04"
"Experienced IT Recruiter Needed for Ongoing Technical Hiring","","UK","Adzuna (TotalJobs+)","QA Engineer","🏢 Office | 📍 Brak lokalizacji","https://www.adzuna.co.uk/jobs/details/5751572646?utm_medium=api&utm_source=fec81443","2026-06-04"
"Senior Business Analyst","LegalAndGeneral","UK","Adzuna (TotalJobs+)","QA Engineer","🏢 Office | 📍 Brak lokalizacji","https://www.adzuna.co.uk/jobs/details/5751512544?utm_medium=api&utm_source=fec81443","2026-06-04"
"QA Engineer","Rebel Recruitment","Birmingham, West Midlands","Adzuna (TotalJobs+)","QA Engineer","🏢 Office | 🚗 1h 37min | 🚌 ~2h 16min 💾","https://www.adzuna.co.uk/jobs/details/5751482851?utm_medium=api&utm_source=fec81443","2026-06-04"
"Electrical QA/QC Engineer – Data Centre Construction","Breagh Recruitment","UK","Adzuna (TotalJobs+)","QA Engineer","🏢 Office | 📍 Brak lokalizacji","https://www.adzuna.co.uk/jobs/details/5751313528?utm_medium=api&utm_source=fec81443","2026-06-04"
"Senior QA Test Engineer £70,000 - Bristol","SR2","Bristol, South West England","Adzuna (TotalJobs+)","QA Automation Engineer","🏢 Office | 🚗 1h 52min | 🚌 ~2h 37min","https://www.adzuna.co.uk/jobs/land/ad/5749243286?se=clO_VsFg8RGBGK567DEvNg&utm_medium=api&utm_source=fec81443&v=A789C0CB7CB47CFD0881ADDE62549370EE42A34A","2026-06-02"
"Senior Automation Engineer","Penta Consulting","Liverpool, Merseyside","Adzuna (TotalJobs+)","QA Automation Engineer","🏢 Office | 🚗 54min | 🚌 ~1h 37min 💾","https://www.adzuna.co.uk/jobs/details/5747314147?utm_medium=api&utm_source=fec81443","2026-06-01"
"Automation QA Test Engineer £70,000 - Bristol","SR2","Bristol, South West England","Adzuna (TotalJobs+)","QA Automation Engineer","🏢 Office | 🚗 1h 52min | 🚌 ~2h 37min","https://www.adzuna.co.uk/jobs/land/ad/5741324252?se=clO_VsFg8RGBGK567DEvNg&utm_medium=api&utm_source=fec81443&v=05DB5CC844CE9AEDDCEBA4E1974D3D465C089C0E","2026-05-26"
"QA Automation / SDET Engineer","Syntax Consultancy Ltd","Balsall Heath, Birmingham","Adzuna (TotalJobs+)","QA Automation Engineer","🏢 Office | 🚗 1h 49min | 🚌 ~2h 33min","https://www.adzuna.co.uk/jobs/land/ad/5740349601?se=clO_VsFg8RGBGK567DEvNg&utm_medium=api&utm_source=fec81443&v=A0514047D200C1EA08A8FDE8CEAB39C3FCEE213A","2026-05-25"
"Senior Software Test Engineer","Langham Recruitment","Manchester, Greater Manchester","Adzuna (TotalJobs+)","QA Automation Engineer","🏢 Office | 🚗 1h 26min | 🚌 ~2h 35min 💾","https://www.adzuna.co.uk/jobs/details/5738852350?utm_medium=api&utm_source=fec81443","2026-05-23"
"Lead QA Engineer","TPXImpact Holdings Plc","UK","Adzuna (TotalJobs+)","QA Automation Engineer","🏢 Office | 📍 Brak lokalizacji","https://www.adzuna.co.uk/jobs/details/5737492348?utm_medium=api&utm_source=fec81443","2026-05-22"
"Senior QA Engineer","Langham Recruitment","Manchester, Greater Manchester","Adzuna (TotalJobs+)","QA Automation Engineer","🏢 Office | 🚗 1h 22min | 🚌 ~2h 27min","https://www.adzuna.co.uk/jobs/land/ad/5736370559?se=clO_VsFg8RGBGK567DEvNg&utm_medium=api&utm_source=fec81443&v=2A794D54E4E11548798AD58842ECD977CBF35B40","2026-05-21"
"Automation QA Test Engineer £70,000 - Bristol","SR2","Bristol, South West England","Adzuna (TotalJobs+)","QA Automation Engineer","🏢 Office | 🚗 1h 52min | 🚌 ~2h 37min","https://www.adzuna.co.uk/jobs/land/ad/5735348941?se=clO_VsFg8RGBGK567DEvNg&utm_medium=api&utm_source=fec81443&v=A787D4C4706D2B044A2849420DB499CBBEA3A62D","2026-05-20"
"Senior QA Engineer","Langham Recruitment","UK","Adzuna (TotalJobs+)","QA Automation Engineer","🏢 Office | 📍 Brak lokalizacji","https://www.adzuna.co.uk/jobs/land/ad/5735348937?se=clO_VsFg8RGBGK567DEvNg&utm_medium=api&utm_source=fec81443&v=BBBF2A4747E645A8DED28D2F9A12AB044E72F950","2026-05-20"
"Senior Java Software Developer - Data Engineering","Square One Resources","UK","Adzuna (TotalJobs+)","QA Automation Engineer","🏢 Office | 📍 Brak lokalizacji","https://www.adzuna.co.uk/jobs/details/5733680558?utm_medium=api&utm_source=fec81443","2026-05-19"
"Automated Quality Assurance Engineer (Home-Based UK)","Health Partners","UK","Adzuna (TotalJobs+)","QA Automation Engineer","🔀 Hybrid | 📍 Brak lokalizacji","https://www.adzuna.co.uk/jobs/details/5733214950?utm_medium=api&utm_source=fec81443","2026-05-18"
"Lead QA Engineer (Bangor / All UK)","Trust Payments","Bangor, Gwynedd","Adzuna (TotalJobs+)","QA Automation Engineer","🏢 Office | 🚗 1h 19min | 🚌 ~2h 23min 💾","https://www.adzuna.co.uk/jobs/details/5727311899?utm_medium=api&utm_source=fec81443","2026-05-12"
"QA Automation Engineer - Homebased","Outsourced","UK","Adzuna (TotalJobs+)","QA Automation Engineer","🏢 Office | 📍 Brak lokalizacji","https://www.adzuna.co.uk/jobs/details/5726366388?utm_medium=api&utm_source=fec81443","2026-05-12"
"Engineering Manager","Myn","Manchester, Greater Manchester","Adzuna (TotalJobs+)","QA Automation Engineer","🏢 Office | 🚗 1h 13min | 🚌 ~2h 12min 💾","https://www.adzuna.co.uk/jobs/details/5715945311?utm_medium=api&utm_source=fec81443","2026-05-01"
"Sr. Quality Assurance Engineer w/Detox Testing Experience","Concentrix","UK","Adzuna (TotalJobs+)","QA Automation Engineer","🏢 Office | 📍 Brak lokalizacji","https://www.adzuna.co.uk/jobs/land/ad/5711116799?se=clO_VsFg8RGBGK567DEvNg&utm_medium=api&utm_source=fec81443&v=F71EA2295CEF4A0B99E730E3FFBB639AD9F83C61","2026-04-26"
"DevOps Engineer","DXC Technology","UK","Adzuna (TotalJobs+)","QA Automation Engineer","🏢 Office | 📍 Brak lokalizacji","https://www.adzuna.co.uk/jobs/details/5707198284?utm_medium=api&utm_source=fec81443","2026-04-22"
"Automation Test Engineer","Russell Tobin","UK","Adzuna (TotalJobs+)","Test Automation Engineer","🏢 Office | 📍 Brak lokalizacji","https://www.adzuna.co.uk/jobs/details/5752876605?utm_medium=api&utm_source=fec81443","2026-06-05"
"Automation Test Engineer - Central Government","Spinwell Global","UK","Adzuna (TotalJobs+)","Test Automation Engineer","🏢 Office | 📍 Brak lokalizacji","https://www.adzuna.co.uk/jobs/details/5752144911?utm_medium=api&utm_source=fec81443","2026-06-04"
"Senior Vice President, Full-Stack Engineer","BNY","Manchester Science Park, Manchester","Adzuna (TotalJobs+)","Test Automation Engineer","🏢 Office | 🚗 1h 13min | 🚌 ~2h 12min","https://www.adzuna.co.uk/jobs/land/ad/5751306030?se=NFRWV8Fg8RGBGK567DEvNg&utm_medium=api&utm_source=fec81443&v=E0B1F8A1058FE712CF0DBD3F3D9B93473D6E10F2","2026-06-04"
"Senior Data Engineer","Queen Square Recruitment Ltd","Guys Cliffe, Warwick","Adzuna (TotalJobs+)","Test Automation Engineer","🏢 Office | 🚗 2h 7min ❌ | 🚌 ~2h 58min","https://www.adzuna.co.uk/jobs/land/ad/5750802328?se=NFRWV8Fg8RGBGK567DEvNg&utm_medium=api&utm_source=fec81443&v=F9B99B6E57AD5D41E256FDFF19610904A1EB2192","2026-06-03"
"QA Lead","Maxcontact","Manchester, Greater Manchester","Adzuna (TotalJobs+)","Test Automation Engineer","🏢 Office | 🚗 1h 20min | 🚌 ~2h 24min 💾","https://www.adzuna.co.uk/jobs/details/5750353178?utm_medium=api&utm_source=fec81443","2026-06-03"
"Senior Vice President, Full-Stack Engineer","BNY","Manchester, Greater Manchester","Adzuna (TotalJobs+)","Test Automation Engineer","🏢 Office | 🚗 1h 20min | 🚌 ~2h 24min 💾","https://www.adzuna.co.uk/jobs/details/5749982350?utm_medium=api&utm_source=fec81443","2026-06-03"
"Senior Vice President, Full-Stack Engineer","BNY","Rusholme, Manchester","Adzuna (TotalJobs+)","Test Automation Engineer","🏢 Office | 🚗 1h 11min | 🚌 ~2h 7min 💾","https://www.adzuna.co.uk/jobs/details/5749863307?utm_medium=api&utm_source=fec81443","2026-06-03"
"Senior Vice President, Full-Stack Engineer","BNY","Manchester Science Park, Manchester","Adzuna (TotalJobs+)","Test Automation Engineer","🏢 Office | 🚗 1h 13min | 🚌 ~2h 12min","https://www.adzuna.co.uk/jobs/land/ad/5749347802?se=NFRWV8Fg8RGBGK567DEvNg&utm_medium=api&utm_source=fec81443&v=4C672BA8C78391FD1A4F1DBD9B3F781F20BF1EFF","2026-06-02"
"Test Engineer","Lancesoft Europe","UK","Adzuna (TotalJobs+)","Test Automation Engineer","🏢 Office | 📍 Brak lokalizacji","https://www.adzuna.co.uk/jobs/details/5749336307?utm_medium=api&utm_source=fec81443","2026-06-02"
"Site Manager","Hays Specialist Recruitment Limited","Milton Keynes, Buckinghamshire","Adzuna (TotalJobs+)","Test Automation Engineer","🏢 Office | 🚗 2h 36min ❌ | 🚌 ~3h 39min","https://www.adzuna.co.uk/jobs/land/ad/5749334539?se=NFRWV8Fg8RGBGK567DEvNg&utm_medium=api&utm_source=fec81443&v=6263D25ECB4AAB9F3766C8E7D05EEFEF8821E31C","2026-06-02"
"Senior QA Test Engineer £70,000 - Bristol","SR2","Bristol, South West England","Adzuna (TotalJobs+)","Test Automation Engineer","🏢 Office | 🚗 1h 52min | 🚌 ~2h 37min","https://www.adzuna.co.uk/jobs/land/ad/5749243286?se=NFRWV8Fg8RGBGK567DEvNg&utm_medium=api&utm_source=fec81443&v=A789C0CB7CB47CFD0881ADDE62549370EE42A34A","2026-06-02"
"Senior Manager, Firefox Mobile Test Engineering","Mozilla","UK","Adzuna (TotalJobs+)","Test Automation Engineer","🏢 Office | 📍 Brak lokalizacji","https://www.adzuna.co.uk/jobs/details/5745454413?utm_medium=api&utm_source=fec81443","2026-05-30"
"Automation Test Engineer","Infinity Quest UK","UK","Adzuna (TotalJobs+)","Test Automation Engineer","🏢 Office | 📍 Brak lokalizacji","https://www.adzuna.co.uk/jobs/details/5744696886?utm_medium=api&utm_source=fec81443","2026-05-29"
"Software Development Engineer in Test","Cardano Foundation","UK","Adzuna (TotalJobs+)","SDET","🏢 Office | 📍 Brak lokalizacji","https://www.adzuna.co.uk/jobs/details/5752142590?utm_medium=api&utm_source=fec81443","2026-06-04"
"Salesforce Test Lead","Careerwise UK","UK","Adzuna (TotalJobs+)","SDET","🏢 Office | 📍 Brak lokalizacji","https://www.adzuna.co.uk/jobs/details/5750390687?utm_medium=api&utm_source=fec81443","2026-06-03"
"Software Engineer In Test (SDET)","The Portfolio Group","Manchester, Greater Manchester","Adzuna (TotalJobs+)","SDET","🏢 Office | 🚗 1h 22min | 🚌 ~2h 27min","https://www.adzuna.co.uk/jobs/land/ad/5747693649?se=lOvMV8Fg8RGBGK567DEvNg&utm_medium=api&utm_source=fec81443&v=9C8551748DEC67F74D521483F2BE4251F24CB50F","2026-06-01"
"Principal SDET/SEIT","The Portfolio Group","Manchester, Greater Manchester","Adzuna (TotalJobs+)","SDET","🏢 Office | 🚗 1h 22min | 🚌 ~2h 27min","https://www.adzuna.co.uk/jobs/land/ad/5747693108?se=lOvMV8Fg8RGBGK567DEvNg&utm_medium=api&utm_source=fec81443&v=C1F603551FCB821D5B94EEAFD1C9DE59D31BCD9D","2026-06-01"
"Principal SDET/SEIT","The Portfolio Group","Rusholme, Manchester","Adzuna (TotalJobs+)","SDET","🏢 Office | 🚗 1h 12min | 🚌 ~2h 9min","https://www.adzuna.co.uk/jobs/land/ad/5747531693?se=lOvMV8Fg8RGBGK567DEvNg&utm_medium=api&utm_source=fec81443&v=AFE69646C97A53E77BAB22EFC9B458E0803E34AD","2026-06-01"
"Software Engineer In Test (SDET)","The Portfolio Group","Rusholme, Manchester","Adzuna (TotalJobs+)","SDET","🏢 Office | 🚗 1h 12min | 🚌 ~2h 9min","https://www.adzuna.co.uk/jobs/land/ad/5747531695?se=lOvMV8Fg8RGBGK567DEvNg&utm_medium=api&utm_source=fec81443&v=7A0AF62822C6E3BA4E796211C532AE5C986C5C96","2026-06-01"
"Software Engineer / Senior QA & Test - DO-178C","DCS Recruitment","Oxfordshire, South East England","Adzuna (TotalJobs+)","SDET","🏢 Office | 🚗 2h 49min ❌ | 🚌 ~3h 57min","https://www.adzuna.co.uk/jobs/land/ad/5742298253?se=lOvMV8Fg8RGBGK567DEvNg&utm_medium=api&utm_source=fec81443&v=B84FEDAC1923E0FBCAAE14B04905D32D007EEE92","2026-05-27"
"QA Automation / SDET Engineer","Syntax Consultancy Ltd","Balsall Heath, Birmingham","Adzuna (TotalJobs+)","SDET","🏢 Office | 🚗 1h 49min | 🚌 ~2h 33min","https://www.adzuna.co.uk/jobs/land/ad/5740349601?se=lOvMV8Fg8RGBGK567DEvNg&utm_medium=api&utm_source=fec81443&v=A0514047D200C1EA08A8FDE8CEAB39C3FCEE213A","2026-05-25"
"QA Analyst / Senior QA Analyst – Insurance & Digital Platforms 3562739","Axiom Path","UK","Adzuna (TotalJobs+)","SDET","🏢 Office | 📍 Brak lokalizacji","https://www.adzuna.co.uk/jobs/details/5727332216?utm_medium=api&utm_source=fec81443","2026-05-12"
"Senior Automation Test Engineer",". CACI Limited","Bristol, South West England","Adzuna (TotalJobs+)","SDET","🏢 Office | 🚗 1h 51min | 🚌 ~2h 35min 💾","https://www.adzuna.co.uk/jobs/details/5726028731?utm_medium=api&utm_source=fec81443","2026-05-11"
"Lead Test Engineer","InvitISE Ltd","Hyde Park, Leeds","Adzuna (TotalJobs+)","SDET","🏢 Office | 🚗 1h 54min | 🚌 ~2h 39min 💾","https://www.adzuna.co.uk/jobs/details/5722158869?utm_medium=api&utm_source=fec81443","2026-05-07"
"Senior Automation Test Engineer","CACI","Manchester, Greater Manchester","Adzuna (TotalJobs+)","SDET","🏢 Office | 🚗 1h 22min | 🚌 ~2h 27min","https://www.adzuna.co.uk/jobs/details/5722148531?utm_medium=api&utm_source=fec81443","2026-05-07"
"Software Development Engineer In Test","Protect Line LTD","UK","Adzuna (TotalJobs+)","SDET","🏢 Office | 📍 Brak lokalizacji","https://www.adzuna.co.uk/jobs/details/5721848948?utm_medium=api&utm_source=fec81443","2026-05-07"
"Software and Systems Test Coordination Engineer","Contechs Consulting Ltd","Warwick, Warwickshire","Adzuna (TotalJobs+)","Software Engineer in Test","🏢 Office | 🚗 2h 8min ❌ | 🚌 ~2h 59min","https://www.adzuna.co.uk/jobs/details/5752134622?utm_medium=api&utm_source=fec81443","2026-06-04"
"Devops Engineering Intern","Stealth Startup","UK","Adzuna (TotalJobs+)","Software Engineer in Test","🏢 Office | 📍 Brak lokalizacji","https://www.adzuna.co.uk/jobs/details/5751927672?utm_medium=api&utm_source=fec81443","2026-06-04"
"Software Engineer","Searchability  Ltd","UK","Adzuna (TotalJobs+)","Software Engineer in Test","🏢 Office | 📍 Brak lokalizacji","https://www.adzuna.co.uk/jobs/details/5751724360?utm_medium=api&utm_source=fec81443","2026-06-04"
"Software Engineer","NSD","Gloucestershire, South West England","Adzuna (TotalJobs+)","Software Engineer in Test","🏢 Office | 🚗 2h 36min ❌ | 🚌 ~3h 38min 💾","https://www.adzuna.co.uk/jobs/details/5751481093?utm_medium=api&utm_source=fec81443","2026-06-04"
"Lead Platform Quality Architect","StarCompliance","York, North Yorkshire","Adzuna (TotalJobs+)","Software Engineer in Test","🏢 Office | 🚗 2h 18min ❌ | 🚌 ~3h 13min 💾","https://www.adzuna.co.uk/jobs/details/5750371674?utm_medium=api&utm_source=fec81443","2026-06-03"
"Senior Engineering Manager, Web Apps","Roku","Manchester, Greater Manchester","Adzuna (TotalJobs+)","Software Engineer in Test","🏢 Office | 🚗 1h 20min | 🚌 ~2h 24min 💾","https://www.adzuna.co.uk/jobs/details/5750348816?utm_medium=api&utm_source=fec81443","2026-06-03"
"Software Engineer In Test (SDET)","The Portfolio Group","Manchester, Greater Manchester","Adzuna (TotalJobs+)","Software Engineer in Test","🏢 Office | 🚗 1h 22min | 🚌 ~2h 27min","https://www.adzuna.co.uk/jobs/land/ad/5747693649?se=4l2YWMFg8RGBGK567DEvNg&utm_medium=api&utm_source=fec81443&v=9C8551748DEC67F74D521483F2BE4251F24CB50F","2026-06-01"
"Software Engineer In Test (SDET)","The Portfolio Group","Rusholme, Manchester","Adzuna (TotalJobs+)","Software Engineer in Test","🏢 Office | 🚗 1h 12min | 🚌 ~2h 9min","https://www.adzuna.co.uk/jobs/land/ad/5747531695?se=4l2YWMFg8RGBGK567DEvNg&utm_medium=api&utm_source=fec81443&v=7A0AF62822C6E3BA4E796211C532AE5C986C5C96","2026-06-01"
"Quality Engineer","Pumpflow Ltd","Manchester, Greater Manchester","Adzuna (TotalJobs+)","Test Engineer","🏢 Office | 🚗 1h 22min | 🚌 ~2h 27min","https://www.adzuna.co.uk/jobs/details/5752876840?utm_medium=api&utm_source=fec81443","2026-06-05"
"Senior Quality Engineering Manager","ROQ LTD","Whittle-Le-Woods, Chorley","Adzuna (TotalJobs+)","Test Engineer","🏢 Office | 🚗 1h 18min | 🚌 ~2h 20min","https://www.adzuna.co.uk/jobs/land/ad/5752831713?se=SNMlWcFg8RGBGK567DEvNg&utm_medium=api&utm_source=fec81443&v=CFE4F8B020843752B7F8C5C0AB92EEACE6590A3C","2026-06-05"
"Gas Engineer","Millers Vanguard","Birmingham, West Midlands","Adzuna (TotalJobs+)","Test Engineer","🏢 Office | 🚗 1h 42min | 🚌 ~2h 23min","https://www.adzuna.co.uk/jobs/land/ad/5752829229?se=SNMlWcFg8RGBGK567DEvNg&utm_medium=api&utm_source=fec81443&v=A191BC9B2621D4720217BC8EA226382D94FA0E9C","2026-06-05"
"Controls Engineer (Fantastic Technical Training)","Rise Technical Recruitment","UK","Adzuna (TotalJobs+)","Test Engineer","🏢 Office | 📍 Brak lokalizacji","https://www.adzuna.co.uk/jobs/details/5752786614?utm_medium=api&utm_source=fec81443","2026-06-05"
"Senior Software Engineer Python AWS","Gleeson Recruitment Group","Deritend, Birmingham","Adzuna (TotalJobs+)","Test Engineer","🏢 Office | 🚗 1h 48min | 🚌 ~2h 31min","https://www.adzuna.co.uk/jobs/details/5752771156?utm_medium=api&utm_source=fec81443","2026-06-05"
"Assistant Electrical Supervisor- Elec AP","Morson Edge","Old Town, Stratford-Upon-Avon","Adzuna (TotalJobs+)","Test Engineer","🏢 Office | 🚗 2h 15min ❌ | 🚌 ~3h 8min","https://www.adzuna.co.uk/jobs/land/ad/5752721938?se=SNMlWcFg8RGBGK567DEvNg&utm_medium=api&utm_source=fec81443&v=1E911C7E064946D50CDE4A592E6BC07DE9C70D45","2026-06-05"
"Electrical Test Engineer","Morson Edge","Oxford Airport, Kidlington","Adzuna (TotalJobs+)","Test Engineer","🏢 Office | 🚗 2h 48min ❌ | 🚌 ~3h 55min","https://www.adzuna.co.uk/jobs/land/ad/5752717341?se=SNMlWcFg8RGBGK567DEvNg&utm_medium=api&utm_source=fec81443&v=FFF9201C0430E0C1002B1315579CAC05C417F12D","2026-06-05"
"Test Technician","TXM Recruit","Milton Keynes, Buckinghamshire","Adzuna (TotalJobs+)","Test Engineer","🏢 Office | 🚗 2h 36min ❌ | 🚌 ~3h 39min","https://www.adzuna.co.uk/jobs/land/ad/5752717243?se=SNMlWcFg8RGBGK567DEvNg&utm_medium=api&utm_source=fec81443&v=11B54678D0385E8C061E00C78E1E534EA128D4D0","2026-06-05"
"Senior Quality Engineering Manager","ROQ LTD","Chorley, Lancashire","Adzuna (TotalJobs+)","Test Engineer","🏢 Office | 🚗 1h 21min | 🚌 ~2h 26min","https://www.adzuna.co.uk/jobs/details/5752710123?utm_medium=api&utm_source=fec81443","2026-06-05"
"Engineer","Story Contracting","Normanton, West Yorkshire","Adzuna (TotalJobs+)","Test Engineer","🏢 Office | 🚗 1h 55min | 🚌 ~2h 42min","https://www.adzuna.co.uk/jobs/details/5752708120?utm_medium=api&utm_source=fec81443","2026-06-05"
"Electrical Test Engineer","Morson Edge","Kidlington, Oxfordshire","Adzuna (TotalJobs+)","Test Engineer","🏢 Office | 🚗 2h 42min ❌ | 🚌 ~3h 47min","https://www.adzuna.co.uk/jobs/details/5752705978?utm_medium=api&utm_source=fec81443","2026-06-05"
"Senior Data Engineer","Trust in SODA","UK","Adzuna (TotalJobs+)","Test Engineer","🏢 Office | 📍 Brak lokalizacji","https://www.adzuna.co.uk/jobs/details/5752593017?utm_medium=api&utm_source=fec81443","2026-06-05"
"Mechanical Designer","Eaton Corporation","Nottingham, Nottinghamshire","Adzuna (TotalJobs+)","Test Engineer","🏢 Office | 🚗 2h 9min ❌ | 🚌 ~3h","https://www.adzuna.co.uk/jobs/details/5752578684?utm_medium=api&utm_source=fec81443","2026-06-05"
"QA Team Leader","Allstaff Recruitment","Milton Keynes, Buckinghamshire","Adzuna (TotalJobs+)","QA Lead","🏢 Office | 🚗 2h 36min ❌ | 🚌 ~3h 39min","https://www.adzuna.co.uk/jobs/details/5752573254?utm_medium=api&utm_source=fec81443","2026-06-05"
"QA Team Leader","Allstaff","Crownhill, Milton Keynes","Adzuna (TotalJobs+)","QA Lead","🏢 Office | 🚗 2h 40min ❌ | 🚌 ~3h 44min","https://www.adzuna.co.uk/jobs/details/5752199077?utm_medium=api&utm_source=fec81443","2026-06-04"
"Player Support Specialist","Kinetic Games","UK","Adzuna (TotalJobs+)","QA Lead","🏢 Office | 📍 Brak lokalizacji","https://www.adzuna.co.uk/jobs/details/5752142122?utm_medium=api&utm_source=fec81443","2026-06-04"
"Quality Engineer","Nicholas Associates","Heeley, Sheffield","Adzuna (TotalJobs+)","QA Lead","🏢 Office | 🚗 2h 16min ❌ | 🚌 ~3h 10min","https://www.adzuna.co.uk/jobs/land/ad/5751841564?se=rjWtWcFg8RGTyYTYU6ltQQ&utm_medium=api&utm_source=fec81443&v=80B517ACAA47951E1C3A3DC7F42A56673FB732FC","2026-06-04"
"Production Stream Quality Lead (Nights)","Pilgrims Europe","UK","Adzuna (TotalJobs+)","QA Lead","🏢 Office | 📍 Brak lokalizacji","https://www.adzuna.co.uk/jobs/land/ad/5751763633?se=rjWtWcFg8RGTyYTYU6ltQQ&utm_medium=api&utm_source=fec81443&v=12E3FABBB9FCDE59F9925B7286853A6BEDE399DB","2026-06-04"
"Nuclear Quality Manager","AECOM","Warrington, Cheshire","Adzuna (TotalJobs+)","QA Lead","🏢 Office | 🚗 46min | 🚌 ~1h 24min 💾","https://www.adzuna.co.uk/jobs/details/5751148104?utm_medium=api&utm_source=fec81443","2026-06-03"
"Nuclear Quality Manager","AECOM","UK","Adzuna (TotalJobs+)","QA Lead","🏢 Office | 📍 Brak lokalizacji","https://www.adzuna.co.uk/jobs/details/5751148107?utm_medium=api&utm_source=fec81443","2026-06-03"
"Head of IT Governance","Canopius","Manchester, Greater Manchester","Adzuna (TotalJobs+)","QA Lead","🏢 Office | 🚗 1h 20min | 🚌 ~2h 24min 💾","https://www.adzuna.co.uk/jobs/details/5750347635?utm_medium=api&utm_source=fec81443","2026-06-03"
"Mechanical Package Manager – Data Centre Construction","Breagh Recruitment","UK","Adzuna (TotalJobs+)","QA Lead","🏢 Office | 📍 Brak lokalizacji","https://www.adzuna.co.uk/jobs/details/5749888365?utm_medium=api&utm_source=fec81443","2026-06-03"
"Senior Engineering Manager","URENCO UK Ltd","Capenhurst, Chester","Adzuna (TotalJobs+)","QA Lead","🏢 Office | 🚗 36min | 🚌 ~1h 4min","https://www.adzuna.co.uk/jobs/land/ad/5749731770?se=rjWtWcFg8RGTyYTYU6ltQQ&utm_medium=api&utm_source=fec81443&v=548ABA4CADE28BEA5DCA2D283E324CD82990E85E","2026-06-02"
"IT Audit Manager","Hargreaves Lansdown","Bristol, South West England","Adzuna (TotalJobs+)","QA Lead","🏢 Office | 🚗 1h 51min | 🚌 ~2h 35min 💾","https://www.adzuna.co.uk/jobs/details/5749355024?utm_medium=api&utm_source=fec81443","2026-06-02"
"Product Manager","Tagged Resources Ltd","Humberstone, Leicester","Adzuna (TotalJobs+)","QA Lead","🏢 Office | 🚗 2h 20min ❌ | 🚌 ~3h 16min","https://www.adzuna.co.uk/jobs/land/ad/5749346882?se=rjWtWcFg8RGTyYTYU6ltQQ&utm_medium=api&utm_source=fec81443&v=5DE68D0B10ED44B3FCF8B2C20EB7D82D22E0EB6B","2026-06-02"
"Compliance & QA Lead","Opus Recruitment Solutions","Hyde Park, Leeds","Adzuna (TotalJobs+)","QA Lead","🏢 Office | 🚗 1h 54min | 🚌 ~2h 40min","https://www.adzuna.co.uk/jobs/land/ad/5749344666?se=rjWtWcFg8RGTyYTYU6ltQQ&utm_medium=api&utm_source=fec81443&v=AD705D7A3E11F8F079B30ED97C5AF7331F6F26B5","2026-06-02"
"Registered Manager","Brayson Consulting Ltd","Holcot, Northampton","Adzuna (TotalJobs+)","QA Lead","🏢 Office | 🚗 2h 22min ❌ | 🚌 ~3h 19min","https://www.adzuna.co.uk/jobs/land/ad/5748577339?se=rjWtWcFg8RGTyYTYU6ltQQ&utm_medium=api&utm_source=fec81443&v=D180370F42BF79B2AB2937DCC845EF4C632EFDE2","2026-06-02"
"Head of IT Governance","Canopius Services","Manchester, Greater Manchester","Adzuna (TotalJobs+)","QA Lead","🏢 Office | 🚗 1h 23min | 🚌 ~2h 30min 💾","https://www.adzuna.co.uk/jobs/details/5748235655?utm_medium=api&utm_source=fec81443","2026-06-01"
"QA Manager","Samworth Brothers","Leicester, Leicestershire","Adzuna (TotalJobs+)","QA Lead","🏢 Office | 🚗 2h 22min ❌ | 🚌 ~3h 19min 💾","https://www.adzuna.co.uk/jobs/details/5747559536?utm_medium=api&utm_source=fec81443","2026-06-01"
"Lead Quality Assurance Engineer","","United Kingdom","Glassdoor","Testing Lead","🏢 Office | 📍 Brak lokalizacji","https://www.glassdoor.co.uk/job-listing/lead-quality-assurance-engineer-hudl-JV_KO0,31_KE32,36.htm?jl=1009998086830",""
"Test Team Lead","","Salford, North West England, England","Glassdoor","Testing Lead","🏢 Office | 🚗 1h 57min | 🚌 ~2h 43min","https://www.glassdoor.co.uk/job-listing/test-team-lead-bbc-JV_IC3528162_KO0,14_KE15,18.htm?jl=1010158500068",""
"Information Governance Manager","","Matlock, England","Glassdoor","Testing Lead","🏢 Office | 🚗 2h 9min ❌ | 🚌 ~3h","https://www.glassdoor.co.uk/job-listing/information-governance-manager-yha-england-wales-JV_IC3283419_KO0,30_KE31,48.htm?jl=1010133951979",""
"Finance Systems Lead","","Ruddington, England","Glassdoor","Testing Lead","🏢 Office | 🚗 2h | 🚌 ~2h 47min","https://www.glassdoor.co.uk/job-listing/finance-systems-lead-ideagen-JV_IC3528127_KO0,20_KE21,28.htm?jl=1010127071470",""
"Partnership Lead - Inclusive Design","","United Kingdom","Glassdoor","Testing Lead","🏢 Office | 📍 Brak lokalizacji","https://www.glassdoor.co.uk/job-listing/partnership-lead-inclusive-design-see-me-please-ltd-JV_KO0,33_KE34,51.htm?jl=1010145151583",""
"Performance Analysis Lead","","Loughborough, England","Glassdoor","Testing Lead","🏢 Office | 🚗 2h 1min ❌ | 🚌 ~2h 50min","https://www.glassdoor.co.uk/job-listing/performance-analysis-lead-loughborough-university-JV_IC3527616_KO0,25_KE26,49.htm?jl=1010147266986",""
"Lead Engineer","","United Kingdom","Glassdoor","Testing Lead","🏢 Office | 📍 Brak lokalizacji","https://www.glassdoor.co.uk/job-listing/lead-engineer-newday-JV_KO0,13_KE14,20.htm?jl=1010148547718",""
"Lead Consultant- Performance testing","","Warwick, West Midlands, England","Glassdoor","Testing Lead","🏢 Office | 🚗 1h 52min | 🚌 ~2h 37min 💾","https://www.glassdoor.co.uk/job-listing/lead-consultant-performance-testing-infosys-JV_IC3320084_KO0,35_KE36,43.htm?jl=1010143001207",""
"S/4HANA Programme - Testing Workstream Lead (Fixed Term)","","Manchester, England","Glassdoor","Testing Lead","🏢 Office | 🚗 1h 23min | 🚌 ~2h 30min 💾","https://www.glassdoor.co.uk/job-listing/s-4hana-programme-testing-workstream-lead-fixed-term-mcbride-JV_IC2691218_KO0,52_KE53,60.htm?jl=1010114756616",""
"Lead Systems Engineer","","Leeds, England","Glassdoor","Testing Lead","🏢 Office | 🚗 1h 58min | 🚌 ~2h 45min","https://www.glassdoor.co.uk/job-listing/lead-systems-engineer-nhs-JV_IC3414359_KO0,21_KE22,25.htm?jl=1010149110068",""
"Solutions Architect","","Leeds, England","Glassdoor","Testing Lead","🏢 Office | 🚗 1h 58min | 🚌 ~2h 45min","https://www.glassdoor.co.uk/job-listing/solutions-architect-stepchange-debt-charity-JV_IC3414359_KO0,19_KE20,43.htm?jl=1010132043741",""