Title,Company,Location,Board,Search Term,Commute,URL,Posted
"Senior QA Automation Engineer","","Remote","Glassdoor","Software QA Automation Engineer","🌐 Remote","https://www.glassdoor.co.uk/job-listing/senior-qa-automation-engineer-cookie-do-JV_KO0,29_KE30,39.htm?jl=1010154823255",""
"Software Development Engineer in Test","","Remote","Glassdoor","Software QA Automation Engineer","🌐 Remote","https://www.glassdoor.co.uk/job-listing/software-development-engineer-in-test-accesspay-au-JV_KO0,37_KE38,50.htm?jl=1010155342860",""
"Software QA Engineer","","","Reed","Software QA Engineer","🏢 Office | 📍 Brak lokalizacji","https://www.reed.co.uk/jobs/software-qa-engineer/56947844?source=searchResults&filter=%2Fjobs%2Fsoftware-qa-engineer-jobs-in-united-kingdom",""
"QA Engineer - Manual testing web applications","","","Reed","Software QA Engineer","🏢 Office | 📍 Brak lokalizacji","https://www.reed.co.uk/jobs/qa-engineer-manual-testing-web-applications/56933699?source=searchResults&filter=%2Fjobs%2Fsoftware-qa-engineer-jobs-in-united-kingdom",""
"Senior QA Engineer","","","Reed","Software QA Engineer","🏢 Office | 📍 Brak lokalizacji","https://www.reed.co.uk/jobs/senior-qa-engineer/56932224?source=searchResults&filter=%2Fjobs%2Fsoftware-qa-engineer-jobs-in-united-kingdom",""
"Software Tester","","","Reed","Software QA Engineer","🏢 Office | 📍 Brak lokalizacji","https://www.reed.co.uk/jobs/software-tester/56947977?source=searchResults&filter=%2Fjobs%2Fsoftware-qa-engineer-jobs-in-united-kingdom",""
"QA Test Analyst","","","Reed","Software QA Engineer","🏢 Office | 📍 Brak lokalizacji","https://www.reed.co.uk/jobs/qa-test-analyst/56934432?source=searchResults&filter=%2Fjobs%2Fsoftware-qa-engineer-jobs-in-united-kingdom",""
"Software Engineer / Senior QA & Test - DO-178C","","","Reed","Software QA Engineer","🏢 Office | 📍 Brak lokalizacji","https://www.reed.co.uk/jobs/software-engineer-senior-qa-test-do-178c/56945855?source=searchResults&filter=%2Fjobs%2Fsoftware-qa-engineer-jobs-in-united-kingdom",""
"Software Quality Engineer","","","Reed","Software QA Engineer","🏢 Office | 📍 Brak lokalizacji","https://www.reed.co.uk/jobs/software-quality-engineer/56698833?source=searchResults&filter=%2Fjobs%2Fsoftware-qa-engineer-jobs-in-united-kingdom",""
"QA Engineer - HYBRID","","","Reed","Software QA Engineer","🔀 Hybrid | 📍 Brak lokalizacji","https://www.reed.co.uk/jobs/qa-engineer-hybrid/56957160?source=searchResults&filter=%2Fjobs%2Fsoftware-qa-engineer-jobs-in-united-kingdom",""
"Software Developer","","","Reed","Software QA Engineer","🏢 Office | 📍 Brak lokalizacji","https://www.reed.co.uk/jobs/software-developer/56973907?source=searchResults&filter=%2Fjobs%2Fsoftware-qa-engineer-jobs-in-united-kingdom",""
"Quality Engineer","","","Reed","Software QA Engineer","🏢 Office | 📍 Brak lokalizacji","https://www.reed.co.uk/jobs/quality-engineer/56841765?source=searchResults&filter=%2Fjobs%2Fsoftware-qa-engineer-jobs-in-united-kingdom",""
"Quality Assurance Engineer","","","Reed","Software QA Engineer","🏢 Office | 📍 Brak lokalizacji","https://www.reed.co.uk/jobs/quality-assurance-engineer/56926756?source=searchResults&filter=%2Fjobs%2Fsoftware-qa-engineer-jobs-in-united-kingdom",""
"QA Manual Test Engineer","","","Reed","Software QA Engineer","🏢 Office | 📍 Brak lokalizacji","https://www.reed.co.uk/jobs/qa-manual-test-engineer/56929615?source=searchResults&filter=%2Fjobs%2Fsoftware-qa-engineer-jobs-in-united-kingdom",""
"Q&A Test Engineer","","","Reed","Software QA Engineer","🏢 Office | 📍 Brak lokalizacji","https://www.reed.co.uk/jobs/q-a-test-engineer/56912604?source=searchResults&filter=%2Fjobs%2Fsoftware-qa-engineer-jobs-in-united-kingdom",""
"Lead QA Engineer","","","Reed","Software QA Engineer","🏢 Office | 📍 Brak lokalizacji","https://www.reed.co.uk/jobs/lead-qa-engineer/56967072?source=searchResults&filter=%2Fjobs%2Fsoftware-qa-engineer-jobs-in-united-kingdom",""
"Junior Automation QA Engineer","","","Reed","Software QA Engineer","🏢 Office | 📍 Brak lokalizacji","https://www.reed.co.uk/jobs/junior-automation-qa-engineer/56812839?source=searchResults&filter=%2Fjobs%2Fsoftware-qa-engineer-jobs-in-united-kingdom",""
"QA Engineer - ServiceNow","","","Reed","Software QA Engineer","🏢 Office | 📍 Brak lokalizacji","https://www.reed.co.uk/jobs/qa-engineer-servicenow/56368015?source=searchResults&filter=%2Fjobs%2Fsoftware-qa-engineer-jobs-in-united-kingdom",""
"Lead Quality Engineer","","","Reed","Software QA Engineer","🏢 Office | 📍 Brak lokalizacji","https://www.reed.co.uk/jobs/lead-quality-engineer/56812312?source=searchResults&filter=%2Fjobs%2Fsoftware-qa-engineer-jobs-in-united-kingdom",""
"Test Quality Assurance Engineer","","","Reed","Software QA Engineer","🏢 Office | 📍 Brak lokalizacji","https://www.reed.co.uk/jobs/test-quality-assurance-engineer/56868487?source=searchResults&filter=%2Fjobs%2Fsoftware-qa-engineer-jobs-in-united-kingdom",""
"Test Engineer","","","Reed","Software QA Engineer","🏢 Office | 📍 Brak lokalizacji","https://www.reed.co.uk/jobs/test-engineer/56960933?source=searchResults&filter=%2Fjobs%2Fsoftware-qa-engineer-jobs-in-united-kingdom",""
"Test Engineer","","","Reed","Software QA Engineer","🏢 Office | 📍 Brak lokalizacji","https://www.reed.co.uk/jobs/test-engineer/56868490?source=searchResults&filter=%2Fjobs%2Fsoftware-qa-engineer-jobs-in-united-kingdom",""
"IT Support Engineer Apprentice","","","Reed","Software QA Engineer","🏢 Office | 📍 Brak lokalizacji","https://www.reed.co.uk/jobs/it-support-engineer-apprentice/56907290?source=searchResults&filter=%2Fjobs%2Fsoftware-qa-engineer-jobs-in-united-kingdom",""
"Senior Software Developer","","","Reed","Software QA Engineer","🏢 Office | 📍 Brak lokalizacji","https://www.reed.co.uk/jobs/senior-software-developer/56904263?source=searchResults&filter=%2Fjobs%2Fsoftware-qa-engineer-jobs-in-united-kingdom",""
"Software Developer Apprentice","","","Reed","Software QA Engineer","🏢 Office | 📍 Brak lokalizacji","https://www.reed.co.uk/jobs/software-developer-apprentice/56964161?source=searchResults&filter=%2Fjobs%2Fsoftware-qa-engineer-jobs-in-united-kingdom",""
"EC&I Commissioning Engineer","","","Reed","Software QA Engineer","🏢 Office | 📍 Brak lokalizacji","https://www.reed.co.uk/jobs/ec-i-commissioning-engineer/56978216?source=searchResults&filter=%2Fjobs%2Fsoftware-qa-engineer-jobs-in-united-kingdom",""
"QA Systems Application Specialist","","","Reed","Software QA Engineer","🏢 Office | 📍 Brak lokalizacji","https://www.reed.co.uk/jobs/qa-systems-application-specialist/56931686?source=searchResults&filter=%2Fjobs%2Fsoftware-qa-engineer-jobs-in-united-kingdom",""
"QA Test Analyst","","","Reed","Software QA Automation Engineer","🏢 Office | 📍 Brak lokalizacji","https://www.reed.co.uk/jobs/qa-test-analyst/56934432?source=searchResults&filter=%2Fjobs%2Fsoftware-qa-automation-engineer-jobs-in-united-kingdom",""
"Senior QA Engineer","","","Reed","Software QA Automation Engineer","🏢 Office | 📍 Brak lokalizacji","https://www.reed.co.uk/jobs/senior-qa-engineer/56932224?source=searchResults&filter=%2Fjobs%2Fsoftware-qa-automation-engineer-jobs-in-united-kingdom",""
"QA Engineer - Manual testing web applications","","","Reed","Software QA Automation Engineer","🏢 Office | 📍 Brak lokalizacji","https://www.reed.co.uk/jobs/qa-engineer-manual-testing-web-applications/56933699?source=searchResults&filter=%2Fjobs%2Fsoftware-qa-automation-engineer-jobs-in-united-kingdom",""
"Software QA Engineer","","","Reed","Software QA Automation Engineer","🏢 Office | 📍 Brak lokalizacji","https://www.reed.co.uk/jobs/software-qa-engineer/56947844?source=searchResults&filter=%2Fjobs%2Fsoftware-qa-automation-engineer-jobs-in-united-kingdom",""
"Software Tester","","","Reed","Software QA Automation Engineer","🏢 Office | 📍 Brak lokalizacji","https://www.reed.co.uk/jobs/software-tester/56947977?source=searchResults&filter=%2Fjobs%2Fsoftware-qa-automation-engineer-jobs-in-united-kingdom",""
"Junior Automation QA Engineer","","","Reed","Software QA Automation Engineer","🏢 Office | 📍 Brak lokalizacji","https://www.reed.co.uk/jobs/junior-automation-qa-engineer/56812839?source=searchResults&filter=%2Fjobs%2Fsoftware-qa-automation-engineer-jobs-in-united-kingdom",""
"Lead Quality Engineer","","","Reed","Software QA Automation Engineer","🏢 Office | 📍 Brak lokalizacji","https://www.reed.co.uk/jobs/lead-quality-engineer/56812312?source=searchResults&filter=%2Fjobs%2Fsoftware-qa-automation-engineer-jobs-in-united-kingdom",""
"Lead QA Engineer","","","Reed","Software QA Automation Engineer","🏢 Office | 📍 Brak lokalizacji","https://www.reed.co.uk/jobs/lead-qa-engineer/56967072?source=searchResults&filter=%2Fjobs%2Fsoftware-qa-automation-engineer-jobs-in-united-kingdom",""
"Q&A Test Engineer","","","Reed","Software QA Automation Engineer","🏢 Office | 📍 Brak lokalizacji","https://www.reed.co.uk/jobs/q-a-test-engineer/56912604?source=searchResults&filter=%2Fjobs%2Fsoftware-qa-automation-engineer-jobs-in-united-kingdom",""
"Technical Customer Success Specialist - Graduate","","","Reed","Software QA Automation Engineer","🏢 Office | 📍 Brak lokalizacji","https://www.reed.co.uk/jobs/technical-customer-success-specialist-graduate/56865868?source=searchResults&filter=%2Fjobs%2Fsoftware-qa-automation-engineer-jobs-in-united-kingdom",""
"AI & Digital Support Apprentice","","","Reed","Software QA Automation Engineer","🏢 Office | 📍 Brak lokalizacji","https://www.reed.co.uk/jobs/ai-digital-support-apprentice/56930066?source=searchResults&filter=%2Fjobs%2Fsoftware-qa-automation-engineer-jobs-in-united-kingdom",""
"Senior C++ Developer (Hybrid, UK-Based)","","","Reed","Software QA Automation Engineer","🔀 Hybrid | 📍 Brak lokalizacji","https://www.reed.co.uk/jobs/senior-c-developer-hybrid-uk-based/56901919?source=searchResults&filter=%2Fjobs%2Fsoftware-qa-automation-engineer-jobs-in-united-kingdom",""
"Engineering Manager","","","Reed","Software QA Automation Engineer","🏢 Office | 📍 Brak lokalizacji","https://www.reed.co.uk/jobs/engineering-manager/56927986?source=searchResults&filter=%2Fjobs%2Fsoftware-qa-automation-engineer-jobs-in-united-kingdom",""
"QA Systems Application Specialist","","","Reed","Software QA Automation Engineer","🏢 Office | 📍 Brak lokalizacji","https://www.reed.co.uk/jobs/qa-systems-application-specialist/56931686?source=searchResults&filter=%2Fjobs%2Fsoftware-qa-automation-engineer-jobs-in-united-kingdom",""
"Test Engineer","","","Reed","Software QA Automation Engineer","🏢 Office | 📍 Brak lokalizacji","https://www.reed.co.uk/jobs/test-engineer/56960933?source=searchResults&filter=%2Fjobs%2Fsoftware-qa-automation-engineer-jobs-in-united-kingdom",""
"Quality Engineer","","","Reed","Software QA Automation Engineer","🏢 Office | 📍 Brak lokalizacji","https://www.reed.co.uk/jobs/quality-engineer/56913330?source=searchResults&filter=%2Fjobs%2Fsoftware-qa-automation-engineer-jobs-in-united-kingdom",""
"QA Test Lead","","","Reed","Software QA Automation Engineer","🏢 Office | 📍 Brak lokalizacji","https://www.reed.co.uk/jobs/qa-test-lead/56821661?source=searchResults&filter=%2Fjobs%2Fsoftware-qa-automation-engineer-jobs-in-united-kingdom",""
"QA Auditor","","","Reed","Software QA Automation Engineer","🏢 Office | 📍 Brak lokalizacji","https://www.reed.co.uk/jobs/qa-auditor/56839922?source=searchResults&filter=%2Fjobs%2Fsoftware-qa-automation-engineer-jobs-in-united-kingdom",""
"Test Analyst - Hybrid - Warwick - UK","","","Reed","Software QA Automation Engineer","🔀 Hybrid | 📍 Brak lokalizacji","https://www.reed.co.uk/jobs/test-analyst-hybrid-warwick-uk/56939059?source=searchResults&filter=%2Fjobs%2Fsoftware-qa-automation-engineer-jobs-in-united-kingdom",""
"Senior Test Analyst","","","Reed","Software QA Automation Engineer","🏢 Office | 📍 Brak lokalizacji","https://www.reed.co.uk/jobs/senior-test-analyst/56833369?source=searchResults&filter=%2Fjobs%2Fsoftware-qa-automation-engineer-jobs-in-united-kingdom",""
"Test Lead","","","Reed","Software QA Automation Engineer","🏢 Office | 📍 Brak lokalizacji","https://www.reed.co.uk/jobs/test-lead/56914845?source=searchResults&filter=%2Fjobs%2Fsoftware-qa-automation-engineer-jobs-in-united-kingdom",""
"Senior Java Developer (AWS, Java, API) - Sussex - Hybrid","","","Reed","Software QA Automation Engineer","🔀 Hybrid | 📍 Brak lokalizacji","https://www.reed.co.uk/jobs/senior-java-developer-aws-java-api-sussex-hybrid/56886034?source=searchResults&filter=%2Fjobs%2Fsoftware-qa-automation-engineer-jobs-in-united-kingdom",""
"Lead AI Red Teaming & QA Engineer","","","Reed","Software QA Automation Engineer","🏢 Office | 📍 Brak lokalizacji","https://www.reed.co.uk/jobs/lead-ai-red-teaming-qa-engineer/56912145?source=searchResults&filter=%2Fjobs%2Fsoftware-qa-automation-engineer-jobs-in-united-kingdom",""
"Software Test & Automation Engineer","","","Reed","Software QA Automation Engineer","🏢 Office | 📍 Brak lokalizacji","https://www.reed.co.uk/jobs/software-test-automation-engineer/56933953?source=searchResults&filter=%2Fjobs%2Fsoftware-qa-automation-engineer-jobs-in-united-kingdom",""
"Software Quality Engineer","","","Reed","Software QA Automation Engineer","🏢 Office | 📍 Brak lokalizacji","https://www.reed.co.uk/jobs/software-quality-engineer/56698833?source=searchResults&filter=%2Fjobs%2Fsoftware-qa-automation-engineer-jobs-in-united-kingdom",""
"QA Test Lead","","","Reed","Testing Lead","🏢 Office | 📍 Brak lokalizacji","https://www.reed.co.uk/jobs/qa-test-lead/56821661?source=searchResults&filter=%2Fjobs%2Ftesting-lead-jobs-in-united-kingdom",""
"Test Lead","","","Reed","Testing Lead","🏢 Office | 📍 Brak lokalizacji","https://www.reed.co.uk/jobs/test-lead/56914845?source=searchResults&filter=%2Fjobs%2Ftesting-lead-jobs-in-united-kingdom",""
"Test Lead","","","Reed","Testing Lead","🏢 Office | 📍 Brak lokalizacji","https://www.reed.co.uk/jobs/test-lead/56878121?source=searchResults&filter=%2Fjobs%2Ftesting-lead-jobs-in-united-kingdom",""
"Test Lead","","","Reed","Testing Lead","🏢 Office | 📍 Brak lokalizacji","https://www.reed.co.uk/jobs/test-lead/56689532?source=searchResults&filter=%2Fjobs%2Ftesting-lead-jobs-in-united-kingdom",""
"Test Lead (Contract)","","","Reed","Testing Lead","🏢 Office | 📍 Brak lokalizacji","https://www.reed.co.uk/jobs/test-lead-contract/56936046?source=searchResults&filter=%2Fjobs%2Ftesting-lead-jobs-in-united-kingdom",""
"QA Test Lead (CCH Tagetik)","","","Reed","Testing Lead","🏢 Office | 📍 Brak lokalizacji","https://www.reed.co.uk/jobs/qa-test-lead-cch-tagetik/56957487?source=searchResults&filter=%2Fjobs%2Ftesting-lead-jobs-in-united-kingdom",""
"Analytical Testing Lead (Chemistry)","","","Reed","Testing Lead","🏢 Office | 📍 Brak lokalizacji","https://www.reed.co.uk/jobs/analytical-testing-lead-chemistry/56907064?source=searchResults&filter=%2Fjobs%2Ftesting-lead-jobs-in-united-kingdom",""
"Transformer Test Manager","","","Reed","Testing Lead","🏢 Office | 📍 Brak lokalizacji","https://www.reed.co.uk/jobs/transformer-test-manager/56893161?source=searchResults&filter=%2Fjobs%2Ftesting-lead-jobs-in-united-kingdom",""
"Test Lead with Active SC Clearance - London/Corsham, UK","","","Reed","Testing Lead","🏢 Office | 📍 Brak lokalizacji","https://www.reed.co.uk/jobs/test-lead-with-active-sc-clearance-london-corsham-uk/56818623?source=searchResults&filter=%2Fjobs%2Ftesting-lead-jobs-in-united-kingdom",""
"Test Manager / Lead £600/d Financial Services Remote","","","Reed","Testing Lead","🏢 Office | 📍 Brak lokalizacji","https://www.reed.co.uk/jobs/test-manager-lead-600-d-financial-services-remote/56894233?source=searchResults&filter=%2Fjobs%2Ftesting-lead-jobs-in-united-kingdom",""
"Lead Test Manager","","","Reed","Testing Lead","🏢 Office | 📍 Brak lokalizacji","https://www.reed.co.uk/jobs/lead-test-manager/56947305?source=searchResults&filter=%2Fjobs%2Ftesting-lead-jobs-in-united-kingdom",""
"Lead Test Architect","","","Reed","Testing Lead","🏢 Office | 📍 Brak lokalizacji","https://www.reed.co.uk/jobs/lead-test-architect/56878784?source=searchResults&filter=%2Fjobs%2Ftesting-lead-jobs-in-united-kingdom",""
"Lead Software Test Engineer","","","Reed","Testing Lead","🏢 Office | 📍 Brak lokalizacji","https://www.reed.co.uk/jobs/lead-software-test-engineer/56878350?source=searchResults&filter=%2Fjobs%2Ftesting-lead-jobs-in-united-kingdom",""
"QA Test Analyst","","","Reed","Testing Lead","🏢 Office | 📍 Brak lokalizacji","https://www.reed.co.uk/jobs/qa-test-analyst/56934432?source=searchResults&filter=%2Fjobs%2Ftesting-lead-jobs-in-united-kingdom",""
"Cockpit Test and Development Lead Engineer","","","Reed","Testing Lead","🏢 Office | 📍 Brak lokalizacji","https://www.reed.co.uk/jobs/cockpit-test-and-development-lead-engineer/56929519?source=searchResults&filter=%2Fjobs%2Ftesting-lead-jobs-in-united-kingdom",""
"Lead Test Engineer – 12 month – SC Cleared – Manchester","","","Reed","Testing Lead","🏢 Office | 📍 Brak lokalizacji","https://www.reed.co.uk/jobs/lead-test-engineer--12-month--sc-cleared--manchester/56876926?source=searchResults&filter=%2Fjobs%2Ftesting-lead-jobs-in-united-kingdom",""
"Programme Test Manager - Inside IR35 - REMOTE","","","Reed","Testing Lead","🏢 Office | 📍 Brak lokalizacji","https://www.reed.co.uk/jobs/programme-test-manager-inside-ir35-remote/56864530?source=searchResults&filter=%2Fjobs%2Ftesting-lead-jobs-in-united-kingdom",""
"Senior QA Engineer","","","Reed","Testing Lead","🏢 Office | 📍 Brak lokalizacji","https://www.reed.co.uk/jobs/senior-qa-engineer/56932224?source=searchResults&filter=%2Fjobs%2Ftesting-lead-jobs-in-united-kingdom",""
"Test Engineer","","","Reed","Testing Lead","🏢 Office | 📍 Brak lokalizacji","https://www.reed.co.uk/jobs/test-engineer/56955292?source=searchResults&filter=%2Fjobs%2Ftesting-lead-jobs-in-united-kingdom",""
"Internal Controls Tester","","","Reed","Testing Lead","🏢 Office | 📍 Brak lokalizacji","https://www.reed.co.uk/jobs/internal-controls-tester/56844404?source=searchResults&filter=%2Fjobs%2Ftesting-lead-jobs-in-united-kingdom",""
"Lead Internal Quality Assurer","","","Reed","Testing Lead","🏢 Office | 📍 Brak lokalizacji","https://www.reed.co.uk/jobs/lead-internal-quality-assurer/56852440?source=searchResults&filter=%2Fjobs%2Ftesting-lead-jobs-in-united-kingdom",""
"QA Engineer - ServiceNow","","","Reed","Testing Lead","🏢 Office | 📍 Brak lokalizacji","https://www.reed.co.uk/jobs/qa-engineer-servicenow/56368015?source=searchResults&filter=%2Fjobs%2Ftesting-lead-jobs-in-united-kingdom",""
"Senior Design Engineer","","","Reed","Testing Lead","🏢 Office | 📍 Brak lokalizacji","https://www.reed.co.uk/jobs/senior-design-engineer/56956248?source=searchResults&filter=%2Fjobs%2Ftesting-lead-jobs-in-united-kingdom",""
"Lead QA Engineer","","","Reed","Testing Lead","🏢 Office | 📍 Brak lokalizacji","https://www.reed.co.uk/jobs/lead-qa-engineer/56967072?source=searchResults&filter=%2Fjobs%2Ftesting-lead-jobs-in-united-kingdom",""
"Software QA Lead","","","Reed","Testing Lead","🏢 Office | 📍 Brak lokalizacji","https://www.reed.co.uk/jobs/software-qa-lead/56848224?source=searchResults&filter=%2Fjobs%2Ftesting-lead-jobs-in-united-kingdom",""
"QA Test Lead","","","Reed","Test Lead","🏢 Office | 📍 Brak lokalizacji","https://www.reed.co.uk/jobs/qa-test-lead/56821661?source=searchResults&filter=%2Fjobs%2Ftest-lead-jobs-in-united-kingdom",""
"Test Lead","","","Reed","Test Lead","🏢 Office | 📍 Brak lokalizacji","https://www.reed.co.uk/jobs/test-lead/56914845?source=searchResults&filter=%2Fjobs%2Ftest-lead-jobs-in-united-kingdom",""
"Test Lead","","","Reed","Test Lead","🏢 Office | 📍 Brak lokalizacji","https://www.reed.co.uk/jobs/test-lead/56878121?source=searchResults&filter=%2Fjobs%2Ftest-lead-jobs-in-united-kingdom",""
"Test Lead","","","Reed","Test Lead","🏢 Office | 📍 Brak lokalizacji","https://www.reed.co.uk/jobs/test-lead/56689532?source=searchResults&filter=%2Fjobs%2Ftest-lead-jobs-in-united-kingdom",""
"Test Lead (Contract)","","","Reed","Test Lead","🏢 Office | 📍 Brak lokalizacji","https://www.reed.co.uk/jobs/test-lead-contract/56936046?source=searchResults&filter=%2Fjobs%2Ftest-lead-jobs-in-united-kingdom",""
"QA Test Lead (CCH Tagetik)","","","Reed","Test Lead","🏢 Office | 📍 Brak lokalizacji","https://www.reed.co.uk/jobs/qa-test-lead-cch-tagetik/56957487?source=searchResults&filter=%2Fjobs%2Ftest-lead-jobs-in-united-kingdom",""
"Analytical Testing Lead (Chemistry)","","","Reed","Test Lead","🏢 Office | 📍 Brak lokalizacji","https://www.reed.co.uk/jobs/analytical-testing-lead-chemistry/56907064?source=searchResults&filter=%2Fjobs%2Ftest-lead-jobs-in-united-kingdom",""
"Transformer Test Manager","","","Reed","Test Lead","🏢 Office | 📍 Brak lokalizacji","https://www.reed.co.uk/jobs/transformer-test-manager/56893161?source=searchResults&filter=%2Fjobs%2Ftest-lead-jobs-in-united-kingdom",""
"Test Lead with Active SC Clearance - London/Corsham, UK","","","Reed","Test Lead","🏢 Office | 📍 Brak lokalizacji","https://www.reed.co.uk/jobs/test-lead-with-active-sc-clearance-london-corsham-uk/56818623?source=searchResults&filter=%2Fjobs%2Ftest-lead-jobs-in-united-kingdom",""
"Test Manager / Lead £600/d Financial Services Remote","","","Reed","Test Lead","🏢 Office | 📍 Brak lokalizacji","https://www.reed.co.uk/jobs/test-manager-lead-600-d-financial-services-remote/56894233?source=searchResults&filter=%2Fjobs%2Ftest-lead-jobs-in-united-kingdom",""
"Lead Test Manager","","","Reed","Test Lead","🏢 Office | 📍 Brak lokalizacji","https://www.reed.co.uk/jobs/lead-test-manager/56947305?source=searchResults&filter=%2Fjobs%2Ftest-lead-jobs-in-united-kingdom",""
"Lead Test Architect","","","Reed","Test Lead","🏢 Office | 📍 Brak lokalizacji","https://www.reed.co.uk/jobs/lead-test-architect/56878784?source=searchResults&filter=%2Fjobs%2Ftest-lead-jobs-in-united-kingdom",""
"Lead Software Test Engineer","","","Reed","Test Lead","🏢 Office | 📍 Brak lokalizacji","https://www.reed.co.uk/jobs/lead-software-test-engineer/56878350?source=searchResults&filter=%2Fjobs%2Ftest-lead-jobs-in-united-kingdom",""
"QA Test Analyst","","","Reed","Test Lead","🏢 Office | 📍 Brak lokalizacji","https://www.reed.co.uk/jobs/qa-test-analyst/56934432?source=searchResults&filter=%2Fjobs%2Ftest-lead-jobs-in-united-kingdom",""
"Cockpit Test and Development Lead Engineer","","","Reed","Test Lead","🏢 Office | 📍 Brak lokalizacji","https://www.reed.co.uk/jobs/cockpit-test-and-development-lead-engineer/56929519?source=searchResults&filter=%2Fjobs%2Ftest-lead-jobs-in-united-kingdom",""
"Lead Test Engineer – 12 month – SC Cleared – Manchester","","","Reed","Test Lead","🏢 Office | 📍 Brak lokalizacji","https://www.reed.co.uk/jobs/lead-test-engineer--12-month--sc-cleared--manchester/56876926?source=searchResults&filter=%2Fjobs%2Ftest-lead-jobs-in-united-kingdom",""
"Test Engineer","","","Reed","Test Lead","🏢 Office | 📍 Brak lokalizacji","https://www.reed.co.uk/jobs/test-engineer/56955292?source=searchResults&filter=%2Fjobs%2Ftest-lead-jobs-in-united-kingdom",""
"Programme Test Manager - Inside IR35 - REMOTE","","","Reed","Test Lead","🏢 Office | 📍 Brak lokalizacji","https://www.reed.co.uk/jobs/programme-test-manager-inside-ir35-remote/56864530?source=searchResults&filter=%2Fjobs%2Ftest-lead-jobs-in-united-kingdom",""
"Senior QA Engineer","","","Reed","Test Lead","🏢 Office | 📍 Brak lokalizacji","https://www.reed.co.uk/jobs/senior-qa-engineer/56932224?source=searchResults&filter=%2Fjobs%2Ftest-lead-jobs-in-united-kingdom",""
"Internal Controls Tester","","","Reed","Test Lead","🏢 Office | 📍 Brak lokalizacji","https://www.reed.co.uk/jobs/internal-controls-tester/56844404?source=searchResults&filter=%2Fjobs%2Ftest-lead-jobs-in-united-kingdom",""
"QA Engineer - ServiceNow","","","Reed","Test Lead","🏢 Office | 📍 Brak lokalizacji","https://www.reed.co.uk/jobs/qa-engineer-servicenow/56368015?source=searchResults&filter=%2Fjobs%2Ftest-lead-jobs-in-united-kingdom",""
"Salesforce Test Engineer","","","Reed","Test Lead","🏢 Office | 📍 Brak lokalizacji","https://www.reed.co.uk/jobs/salesforce-test-engineer/56871152?source=searchResults&filter=%2Fjobs%2Ftest-lead-jobs-in-united-kingdom",""
"Senior Design Engineer","","","Reed","Test Lead","🏢 Office | 📍 Brak lokalizacji","https://www.reed.co.uk/jobs/senior-design-engineer/56956248?source=searchResults&filter=%2Fjobs%2Ftest-lead-jobs-in-united-kingdom",""
"Software QA Lead","","","Reed","Test Lead","🏢 Office | 📍 Brak lokalizacji","https://www.reed.co.uk/jobs/software-qa-lead/56848224?source=searchResults&filter=%2Fjobs%2Ftest-lead-jobs-in-united-kingdom",""
"Lead QA Engineer","","","Reed","Test Lead","🏢 Office | 📍 Brak lokalizacji","https://www.reed.co.uk/jobs/lead-qa-engineer/56967072?source=searchResults&filter=%2Fjobs%2Ftest-lead-jobs-in-united-kingdom",""
"Senior QA Engineer","","","Reed","QA Engineer","🏢 Office | 📍 Brak lokalizacji","https://www.reed.co.uk/jobs/senior-qa-engineer/56932224?source=searchResults&filter=%2Fjobs%2Fqa-engineer-jobs-in-united-kingdom",""
"QA Engineer - Manual testing web applications","","","Reed","QA Engineer","🏢 Office | 📍 Brak lokalizacji","https://www.reed.co.uk/jobs/qa-engineer-manual-testing-web-applications/56933699?source=searchResults&filter=%2Fjobs%2Fqa-engineer-jobs-in-united-kingdom",""
"QA Engineer","","","Reed","QA Engineer","🏢 Office | 📍 Brak lokalizacji","https://www.reed.co.uk/jobs/qa-engineer/56836249?source=searchResults&filter=%2Fjobs%2Fqa-engineer-jobs-in-united-kingdom",""
"QA Automation Engineer","","","Reed","QA Engineer","🏢 Office | 📍 Brak lokalizacji","https://www.reed.co.uk/jobs/qa-automation-engineer/56848010?source=searchResults&filter=%2Fjobs%2Fqa-engineer-jobs-in-united-kingdom",""
"Quality Assurance Engineer","","","Reed","QA Engineer","🏢 Office | 📍 Brak lokalizacji","https://www.reed.co.uk/jobs/quality-assurance-engineer/56926756?source=searchResults&filter=%2Fjobs%2Fqa-engineer-jobs-in-united-kingdom",""
"Quality Assurance Engineer","","","Reed","QA Engineer","🏢 Office | 📍 Brak lokalizacji","https://www.reed.co.uk/jobs/quality-assurance-engineer/56861589?source=searchResults&filter=%2Fjobs%2Fqa-engineer-jobs-in-united-kingdom",""
"Quality Assurance Engineer","","","Reed","QA Engineer","🏢 Office | 📍 Brak lokalizacji","https://www.reed.co.uk/jobs/quality-assurance-engineer/56817300?source=searchResults&filter=%2Fjobs%2Fqa-engineer-jobs-in-united-kingdom",""
"Senior QA Engineer","","","Reed","QA Engineer","🏢 Office | 📍 Brak lokalizacji","https://www.reed.co.uk/jobs/senior-qa-engineer/56942815?source=searchResults&filter=%2Fjobs%2Fqa-engineer-jobs-in-united-kingdom",""
"Senior QA Engineer","","","Reed","QA Engineer","🏢 Office | 📍 Brak lokalizacji","https://www.reed.co.uk/jobs/senior-qa-engineer/56942822?source=searchResults&filter=%2Fjobs%2Fqa-engineer-jobs-in-united-kingdom",""
"QA Engineer - HYBRID","","","Reed","QA Engineer","🔀 Hybrid | 📍 Brak lokalizacji","https://www.reed.co.uk/jobs/qa-engineer-hybrid/56957160?source=searchResults&filter=%2Fjobs%2Fqa-engineer-jobs-in-united-kingdom",""
"QA Engineer - HS2","","","Reed","QA Engineer","🏢 Office | 📍 Brak lokalizacji","https://www.reed.co.uk/jobs/qa-engineer-hs2/56937575?source=searchResults&filter=%2Fjobs%2Fqa-engineer-jobs-in-united-kingdom",""
"Software QA Engineer","","","Reed","QA Engineer","🏢 Office | 📍 Brak lokalizacji","https://www.reed.co.uk/jobs/software-qa-engineer/56947844?source=searchResults&filter=%2Fjobs%2Fqa-engineer-jobs-in-united-kingdom",""
"QA Engineer - ServiceNow","","","Reed","QA Engineer","🏢 Office | 📍 Brak lokalizacji","https://www.reed.co.uk/jobs/qa-engineer-servicenow/56368015?source=searchResults&filter=%2Fjobs%2Fqa-engineer-jobs-in-united-kingdom",""
"Lead QA Engineer","","","Reed","QA Engineer","🏢 Office | 📍 Brak lokalizacji","https://www.reed.co.uk/jobs/lead-qa-engineer/56967072?source=searchResults&filter=%2Fjobs%2Fqa-engineer-jobs-in-united-kingdom",""
"Senior Quality Assurance Engineer","","","Reed","QA Engineer","🏢 Office | 📍 Brak lokalizacji","https://www.reed.co.uk/jobs/senior-quality-assurance-engineer/56824839?source=searchResults&filter=%2Fjobs%2Fqa-engineer-jobs-in-united-kingdom",""
"Test Quality Assurance Engineer","","","Reed","QA Engineer","🏢 Office | 📍 Brak lokalizacji","https://www.reed.co.uk/jobs/test-quality-assurance-engineer/56868487?source=searchResults&filter=%2Fjobs%2Fqa-engineer-jobs-in-united-kingdom",""
"AI (QA) Automation Engineer","","","Reed","QA Engineer","🏢 Office | 📍 Brak lokalizacji","https://www.reed.co.uk/jobs/ai-qa-automation-engineer/56888873?source=searchResults&filter=%2Fjobs%2Fqa-engineer-jobs-in-united-kingdom",""
"Junior Automation QA Engineer","","","Reed","QA Engineer","🏢 Office | 📍 Brak lokalizacji","https://www.reed.co.uk/jobs/junior-automation-qa-engineer/56812839?source=searchResults&filter=%2Fjobs%2Fqa-engineer-jobs-in-united-kingdom",""
"QA Manual Test Engineer","","","Reed","QA Engineer","🏢 Office | 📍 Brak lokalizacji","https://www.reed.co.uk/jobs/qa-manual-test-engineer/56929615?source=searchResults&filter=%2Fjobs%2Fqa-engineer-jobs-in-united-kingdom",""
"Supplier Development and Quality Engineer","","","Reed","QA Engineer","🏢 Office | 📍 Brak lokalizacji","https://www.reed.co.uk/jobs/supplier-development-and-quality-engineer/56918038?source=searchResults&filter=%2Fjobs%2Fqa-engineer-jobs-in-united-kingdom",""
"Lead AI Red Teaming & QA Engineer","","","Reed","QA Engineer","🏢 Office | 📍 Brak lokalizacji","https://www.reed.co.uk/jobs/lead-ai-red-teaming-qa-engineer/56912145?source=searchResults&filter=%2Fjobs%2Fqa-engineer-jobs-in-united-kingdom",""
"Technical Customer Success Specialist - Graduate","","","Reed","QA Engineer","🏢 Office | 📍 Brak lokalizacji","https://www.reed.co.uk/jobs/technical-customer-success-specialist-graduate/56865868?source=searchResults&filter=%2Fjobs%2Fqa-engineer-jobs-in-united-kingdom",""
"Quality Engineer (Exciting Technical Progression)","","","Reed","QA Engineer","🏢 Office | 📍 Brak lokalizacji","https://www.reed.co.uk/jobs/quality-engineer-exciting-technical-progression/56943805?source=searchResults&filter=%2Fjobs%2Fqa-engineer-jobs-in-united-kingdom",""
"Senior QA Tester","","","Reed","QA Engineer","🏢 Office | 📍 Brak lokalizacji","https://www.reed.co.uk/jobs/senior-qa-tester/56917575?source=searchResults&filter=%2Fjobs%2Fqa-engineer-jobs-in-united-kingdom",""
"Quality Engineer","","","Reed","QA Engineer","🏢 Office | 📍 Brak lokalizacji","https://www.reed.co.uk/jobs/quality-engineer/56922745?source=searchResults&filter=%2Fjobs%2Fqa-engineer-jobs-in-united-kingdom",""
"QA Automation Engineer","","","Reed","QA Automation Engineer","🏢 Office | 📍 Brak lokalizacji","https://www.reed.co.uk/jobs/qa-automation-engineer/56848010?source=searchResults&filter=%2Fjobs%2Fqa-automation-engineer-jobs-in-united-kingdom",""
"AI (QA) Automation Engineer","","","Reed","QA Automation Engineer","🏢 Office | 📍 Brak lokalizacji","https://www.reed.co.uk/jobs/ai-qa-automation-engineer/56888873?source=searchResults&filter=%2Fjobs%2Fqa-automation-engineer-jobs-in-united-kingdom",""
"Junior Automation QA Engineer","","","Reed","QA Automation Engineer","🏢 Office | 📍 Brak lokalizacji","https://www.reed.co.uk/jobs/junior-automation-qa-engineer/56812839?source=searchResults&filter=%2Fjobs%2Fqa-automation-engineer-jobs-in-united-kingdom",""
"QA Engineer - Manual testing web applications","","","Reed","QA Automation Engineer","🏢 Office | 📍 Brak lokalizacji","https://www.reed.co.uk/jobs/qa-engineer-manual-testing-web-applications/56933699?source=searchResults&filter=%2Fjobs%2Fqa-automation-engineer-jobs-in-united-kingdom",""
"Senior QA Engineer","","","Reed","QA Automation Engineer","🏢 Office | 📍 Brak lokalizacji","https://www.reed.co.uk/jobs/senior-qa-engineer/56932224?source=searchResults&filter=%2Fjobs%2Fqa-automation-engineer-jobs-in-united-kingdom",""
"QA Test Analyst","","","Reed","QA Automation Engineer","🏢 Office | 📍 Brak lokalizacji","https://www.reed.co.uk/jobs/qa-test-analyst/56934432?source=searchResults&filter=%2Fjobs%2Fqa-automation-engineer-jobs-in-united-kingdom",""
"Senior QA Engineer","","","Reed","QA Automation Engineer","🏢 Office | 📍 Brak lokalizacji","https://www.reed.co.uk/jobs/senior-qa-engineer/56942815?source=searchResults&filter=%2Fjobs%2Fqa-automation-engineer-jobs-in-united-kingdom",""
"Senior QA Engineer","","","Reed","QA Automation Engineer","🏢 Office | 📍 Brak lokalizacji","https://www.reed.co.uk/jobs/senior-qa-engineer/56942822?source=searchResults&filter=%2Fjobs%2Fqa-automation-engineer-jobs-in-united-kingdom",""
"Software QA Engineer","","","Reed","QA Automation Engineer","🏢 Office | 📍 Brak lokalizacji","https://www.reed.co.uk/jobs/software-qa-engineer/56947844?source=searchResults&filter=%2Fjobs%2Fqa-automation-engineer-jobs-in-united-kingdom",""
"Lead QA Engineer","","","Reed","QA Automation Engineer","🏢 Office | 📍 Brak lokalizacji","https://www.reed.co.uk/jobs/lead-qa-engineer/56967072?source=searchResults&filter=%2Fjobs%2Fqa-automation-engineer-jobs-in-united-kingdom",""
"Lead Automation Tester Engineer, C#, tyescript, Playwright","","","Reed","QA Automation Engineer","🏢 Office | 📍 Brak lokalizacji","https://www.reed.co.uk/jobs/lead-automation-tester-engineer-c-tyescript-playwright/56838448?source=searchResults&filter=%2Fjobs%2Fqa-automation-engineer-jobs-in-united-kingdom",""
"Senior QA Tester","","","Reed","QA Automation Engineer","🏢 Office | 📍 Brak lokalizacji","https://www.reed.co.uk/jobs/senior-qa-tester/56917575?source=searchResults&filter=%2Fjobs%2Fqa-automation-engineer-jobs-in-united-kingdom",""
"Q&A Test Engineer","","","Reed","QA Automation Engineer","🏢 Office | 📍 Brak lokalizacji","https://www.reed.co.uk/jobs/q-a-test-engineer/56912604?source=searchResults&filter=%2Fjobs%2Fqa-automation-engineer-jobs-in-united-kingdom",""
"Lead Quality Engineer","","","Reed","QA Automation Engineer","🏢 Office | 📍 Brak lokalizacji","https://www.reed.co.uk/jobs/lead-quality-engineer/56812312?source=searchResults&filter=%2Fjobs%2Fqa-automation-engineer-jobs-in-united-kingdom",""
"Technical Customer Success Specialist - Graduate","","","Reed","QA Automation Engineer","🏢 Office | 📍 Brak lokalizacji","https://www.reed.co.uk/jobs/technical-customer-success-specialist-graduate/56865868?source=searchResults&filter=%2Fjobs%2Fqa-automation-engineer-jobs-in-united-kingdom",""
"Automation Engineer","","","Reed","QA Automation Engineer","🏢 Office | 📍 Brak lokalizacji","https://www.reed.co.uk/jobs/automation-engineer/56931697?source=searchResults&filter=%2Fjobs%2Fqa-automation-engineer-jobs-in-united-kingdom",""
"Process Engineer","","","Reed","QA Automation Engineer","🏢 Office | 📍 Brak lokalizacji","https://www.reed.co.uk/jobs/process-engineer/56894260?source=searchResults&filter=%2Fjobs%2Fqa-automation-engineer-jobs-in-united-kingdom",""
"Senior Quality Assurance Engineer","","","Reed","QA Automation Engineer","🏢 Office | 📍 Brak lokalizacji","https://www.reed.co.uk/jobs/senior-quality-assurance-engineer/56824839?source=searchResults&filter=%2Fjobs%2Fqa-automation-engineer-jobs-in-united-kingdom",""
"Engineering Manager","","","Reed","QA Automation Engineer","🏢 Office | 📍 Brak lokalizacji","https://www.reed.co.uk/jobs/engineering-manager/56927986?source=searchResults&filter=%2Fjobs%2Fqa-automation-engineer-jobs-in-united-kingdom",""
"Quality Assurance Engineer","","","Reed","QA Automation Engineer","🏢 Office | 📍 Brak lokalizacji","https://www.reed.co.uk/jobs/quality-assurance-engineer/56926756?source=searchResults&filter=%2Fjobs%2Fqa-automation-engineer-jobs-in-united-kingdom",""
"QA Systems Application Specialist","","","Reed","QA Automation Engineer","🏢 Office | 📍 Brak lokalizacji","https://www.reed.co.uk/jobs/qa-systems-application-specialist/56931686?source=searchResults&filter=%2Fjobs%2Fqa-automation-engineer-jobs-in-united-kingdom",""
"Quality Engineer","","","Reed","QA Automation Engineer","🏢 Office | 📍 Brak lokalizacji","https://www.reed.co.uk/jobs/quality-engineer/56913330?source=searchResults&filter=%2Fjobs%2Fqa-automation-engineer-jobs-in-united-kingdom",""
"AI & Digital Support Apprentice","","","Reed","QA Automation Engineer","🏢 Office | 📍 Brak lokalizacji","https://www.reed.co.uk/jobs/ai-digital-support-apprentice/56930066?source=searchResults&filter=%2Fjobs%2Fqa-automation-engineer-jobs-in-united-kingdom",""
"Data Engineer - AWS","","","Reed","QA Automation Engineer","🏢 Office | 📍 Brak lokalizacji","https://www.reed.co.uk/jobs/data-engineer-aws/56966361?source=searchResults&filter=%2Fjobs%2Fqa-automation-engineer-jobs-in-united-kingdom",""
"QA Test Lead","","","Reed","QA Automation Engineer","🏢 Office | 📍 Brak lokalizacji","https://www.reed.co.uk/jobs/qa-test-lead/56821661?source=searchResults&filter=%2Fjobs%2Fqa-automation-engineer-jobs-in-united-kingdom",""
"QA Test Analyst","","","Reed","Test Automation Engineer","🏢 Office | 📍 Brak lokalizacji","https://www.reed.co.uk/jobs/qa-test-analyst/56934432?source=searchResults&filter=%2Fjobs%2Ftest-automation-engineer-jobs-in-united-kingdom",""
"Software Test & Automation Engineer","","","Reed","Test Automation Engineer","🏢 Office | 📍 Brak lokalizacji","https://www.reed.co.uk/jobs/software-test-automation-engineer/56933953?source=searchResults&filter=%2Fjobs%2Ftest-automation-engineer-jobs-in-united-kingdom",""
"Automation Test Engineer","","","Reed","Test Automation Engineer","🏢 Office | 📍 Brak lokalizacji","https://www.reed.co.uk/jobs/automation-test-engineer/56974255?source=searchResults&filter=%2Fjobs%2Ftest-automation-engineer-jobs-in-united-kingdom",""
"Senior QA Engineer","","","Reed","Test Automation Engineer","🏢 Office | 📍 Brak lokalizacji","https://www.reed.co.uk/jobs/senior-qa-engineer/56932224?source=searchResults&filter=%2Fjobs%2Ftest-automation-engineer-jobs-in-united-kingdom",""
"QA Engineer - Manual testing web applications","","","Reed","Test Automation Engineer","🏢 Office | 📍 Brak lokalizacji","https://www.reed.co.uk/jobs/qa-engineer-manual-testing-web-applications/56933699?source=searchResults&filter=%2Fjobs%2Ftest-automation-engineer-jobs-in-united-kingdom",""
"Test Engineer- 3-6 month contract","","","Reed","Test Automation Engineer","🏢 Office | 📍 Brak lokalizacji","https://www.reed.co.uk/jobs/test-engineer-3-6-month-contract/56811942?source=searchResults&filter=%2Fjobs%2Ftest-automation-engineer-jobs-in-united-kingdom",""
"Test Engineer","","","Reed","Test Automation Engineer","🏢 Office | 📍 Brak lokalizacji","https://www.reed.co.uk/jobs/test-engineer/56955292?source=searchResults&filter=%2Fjobs%2Ftest-automation-engineer-jobs-in-united-kingdom",""
"Automation Engineer","","","Reed","Test Automation Engineer","🏢 Office | 📍 Brak lokalizacji","https://www.reed.co.uk/jobs/automation-engineer/56931697?source=searchResults&filter=%2Fjobs%2Ftest-automation-engineer-jobs-in-united-kingdom",""
"Warehouse Automation Maintenance Engineer","","","Reed","Test Automation Engineer","🏢 Office | 📍 Brak lokalizacji","https://www.reed.co.uk/jobs/warehouse-automation-maintenance-engineer/56838652?source=searchResults&filter=%2Fjobs%2Ftest-automation-engineer-jobs-in-united-kingdom",""
"Automation Analyst","","","Reed","Test Automation Engineer","🏢 Office | 📍 Brak lokalizacji","https://www.reed.co.uk/jobs/automation-analyst/56880337?source=searchResults&filter=%2Fjobs%2Ftest-automation-engineer-jobs-in-united-kingdom",""
"QA Automation Engineer","","","Reed","Test Automation Engineer","🏢 Office | 📍 Brak lokalizacji","https://www.reed.co.uk/jobs/qa-automation-engineer/56848010?source=searchResults&filter=%2Fjobs%2Ftest-automation-engineer-jobs-in-united-kingdom",""
"Automation Engineer - Pharmaceutical","","","Reed","Test Automation Engineer","🏢 Office | 📍 Brak lokalizacji","https://www.reed.co.uk/jobs/automation-engineer-pharmaceutical/56888900?source=searchResults&filter=%2Fjobs%2Ftest-automation-engineer-jobs-in-united-kingdom",""
"Junior Automation QA Engineer","","","Reed","Test Automation Engineer","🏢 Office | 📍 Brak lokalizacji","https://www.reed.co.uk/jobs/junior-automation-qa-engineer/56812839?source=searchResults&filter=%2Fjobs%2Ftest-automation-engineer-jobs-in-united-kingdom",""
"SOC Automation Engineer","","","Reed","Test Automation Engineer","🏢 Office | 📍 Brak lokalizacji","https://www.reed.co.uk/jobs/soc-automation-engineer/56917144?source=searchResults&filter=%2Fjobs%2Ftest-automation-engineer-jobs-in-united-kingdom",""
"Control and Automation Field Engineer","","","Reed","Test Automation Engineer","🏢 Office | 📍 Brak lokalizacji","https://www.reed.co.uk/jobs/control-and-automation-field-engineer/56913660?source=searchResults&filter=%2Fjobs%2Ftest-automation-engineer-jobs-in-united-kingdom",""
"Test Engineer - Active eDV Clearance","","","Reed","Test Automation Engineer","🏢 Office | 📍 Brak lokalizacji","https://www.reed.co.uk/jobs/test-engineer-active-edv-clearance/56950332?source=searchResults&filter=%2Fjobs%2Ftest-automation-engineer-jobs-in-united-kingdom",""
"Lead Automation Tester Engineer, C#, tyescript, Playwright","","","Reed","Test Automation Engineer","🏢 Office | 📍 Brak lokalizacji","https://www.reed.co.uk/jobs/lead-automation-tester-engineer-c-tyescript-playwright/56838448?source=searchResults&filter=%2Fjobs%2Ftest-automation-engineer-jobs-in-united-kingdom",""
"Software Test Engineer","","","Reed","Test Automation Engineer","🏢 Office | 📍 Brak lokalizacji","https://www.reed.co.uk/jobs/software-test-engineer/56840898?source=searchResults&filter=%2Fjobs%2Ftest-automation-engineer-jobs-in-united-kingdom",""
"Software Test Engineer","","","Reed","Test Automation Engineer","🏢 Office | 📍 Brak lokalizacji","https://www.reed.co.uk/jobs/software-test-engineer/56968171?source=searchResults&filter=%2Fjobs%2Ftest-automation-engineer-jobs-in-united-kingdom",""
"Test Development Engineer","","","Reed","Test Automation Engineer","🏢 Office | 📍 Brak lokalizacji","https://www.reed.co.uk/jobs/test-development-engineer/56817667?source=searchResults&filter=%2Fjobs%2Ftest-automation-engineer-jobs-in-united-kingdom",""
"Electrical Test and Inspection Engineer","","","Reed","Test Automation Engineer","🏢 Office | 📍 Brak lokalizacji","https://www.reed.co.uk/jobs/electrical-test-and-inspection-engineer/56925201?source=searchResults&filter=%2Fjobs%2Ftest-automation-engineer-jobs-in-united-kingdom",""
"Software Development Engineer in Test","","","Reed","Test Automation Engineer","🏢 Office | 📍 Brak lokalizacji","https://www.reed.co.uk/jobs/software-development-engineer-in-test/56831121?source=searchResults&filter=%2Fjobs%2Ftest-automation-engineer-jobs-in-united-kingdom",""
"Test Engineer","","","Reed","Test Automation Engineer","🏢 Office | 📍 Brak lokalizacji","https://www.reed.co.uk/jobs/test-engineer/56960933?source=searchResults&filter=%2Fjobs%2Ftest-automation-engineer-jobs-in-united-kingdom",""
"Junior Java developer - FTC - 3 Days a week onsite in Newcastle","","","Reed","Test Automation Engineer","🏢 Office | 📍 Brak lokalizacji","https://www.reed.co.uk/jobs/junior-java-developer-ftc-3-days-a-week-onsite-in-newcastle/56953271?source=searchResults&filter=%2Fjobs%2Ftest-automation-engineer-jobs-in-united-kingdom",""
"Test Engineer","","","Reed","Test Automation Engineer","🏢 Office | 📍 Brak lokalizacji","https://www.reed.co.uk/jobs/test-engineer/56933380?source=searchResults&filter=%2Fjobs%2Ftest-automation-engineer-jobs-in-united-kingdom",""
"Principal SDET/SEIT","","","Reed","SDET","🏢 Office | 📍 Brak lokalizacji","https://www.reed.co.uk/jobs/principal-sdet-seit/56964006?source=searchResults&filter=%2Fjobs%2Fsdet-jobs-in-united-kingdom",""
"Software Engineer In Test (SDET)","","","Reed","SDET","🏢 Office | 📍 Brak lokalizacji","https://www.reed.co.uk/jobs/software-engineer-in-test-sdet/56964010?source=searchResults&filter=%2Fjobs%2Fsdet-jobs-in-united-kingdom",""
"Senior QA Tester","","","Reed","SDET","🏢 Office | 📍 Brak lokalizacji","https://www.reed.co.uk/jobs/senior-qa-tester/56917575?source=searchResults&filter=%2Fjobs%2Fsdet-jobs-in-united-kingdom",""
"Senior QA Engineer","","","Reed","SDET","🏢 Office | 📍 Brak lokalizacji","https://www.reed.co.uk/jobs/senior-qa-engineer/56932224?source=searchResults&filter=%2Fjobs%2Fsdet-jobs-in-united-kingdom",""
"QA Systems Application Specialist","","","Reed","SDET","🏢 Office | 📍 Brak lokalizacji","https://www.reed.co.uk/jobs/qa-systems-application-specialist/56931686?source=searchResults&filter=%2Fjobs%2Fsdet-jobs-in-united-kingdom",""
"QA Test Lead","","","Reed","SDET","🏢 Office | 📍 Brak lokalizacji","https://www.reed.co.uk/jobs/qa-test-lead/56821661?source=searchResults&filter=%2Fjobs%2Fsdet-jobs-in-united-kingdom",""
"QA Automation Engineer","","","Reed","SDET","🏢 Office | 📍 Brak lokalizacji","https://www.reed.co.uk/jobs/qa-automation-engineer/56848010?source=searchResults&filter=%2Fjobs%2Fsdet-jobs-in-united-kingdom",""
"SDR FPGA Engineer","","","Reed","SDET","🏢 Office | 📍 Brak lokalizacji","https://www.reed.co.uk/jobs/sdr-fpga-engineer/56893318?source=searchResults&filter=%2Fjobs%2Fsdet-jobs-in-united-kingdom",""
"QA Test Lead (CCH Tagetik)","","","Reed","SDET","🏢 Office | 📍 Brak lokalizacji","https://www.reed.co.uk/jobs/qa-test-lead-cch-tagetik/56957487?source=searchResults&filter=%2Fjobs%2Fsdet-jobs-in-united-kingdom",""
"DevOps Tester (SC Cleared)","","","Reed","SDET","🏢 Office | 📍 Brak lokalizacji","https://www.reed.co.uk/jobs/devops-tester-sc-cleared/56815635?source=searchResults&filter=%2Fjobs%2Fsdet-jobs-in-united-kingdom",""
"Senior QA Engineer","","","Reed","SDET","🏢 Office | 📍 Brak lokalizacji","https://www.reed.co.uk/jobs/senior-qa-engineer/56942815?source=searchResults&filter=%2Fjobs%2Fsdet-jobs-in-united-kingdom",""
"Senior QA Engineer","","","Reed","SDET","🏢 Office | 📍 Brak lokalizacji","https://www.reed.co.uk/jobs/senior-qa-engineer/56942822?source=searchResults&filter=%2Fjobs%2Fsdet-jobs-in-united-kingdom",""
"SDR Manager - Team of 8 - SAAS Fintech","","","Reed","SDET","🏢 Office | 📍 Brak lokalizacji","https://www.reed.co.uk/jobs/sdr-manager-team-of-8-saas-fintech/56974917?source=searchResults&filter=%2Fjobs%2Fsdet-jobs-in-united-kingdom",""
"CREST Penetration Tester","","","Reed","SDET","🏢 Office | 📍 Brak lokalizacji","https://www.reed.co.uk/jobs/crest-penetration-tester/56872382?source=searchResults&filter=%2Fjobs%2Fsdet-jobs-in-united-kingdom",""
"Test Development Engineer","","","Reed","SDET","🏢 Office | 📍 Brak lokalizacji","https://www.reed.co.uk/jobs/test-development-engineer/56722326?source=searchResults&filter=%2Fjobs%2Fsdet-jobs-in-united-kingdom",""
"Test Development Engineer","","","Reed","SDET","🏢 Office | 📍 Brak lokalizacji","https://www.reed.co.uk/jobs/test-development-engineer/56817667?source=searchResults&filter=%2Fjobs%2Fsdet-jobs-in-united-kingdom",""
"Test Lead with Active SC Clearance - London/Corsham, UK","","","Reed","SDET","🏢 Office | 📍 Brak lokalizacji","https://www.reed.co.uk/jobs/test-lead-with-active-sc-clearance-london-corsham-uk/56818623?source=searchResults&filter=%2Fjobs%2Fsdet-jobs-in-united-kingdom",""
"Test Engineer (SFIA 4)","","","Reed","SDET","🏢 Office | 📍 Brak lokalizacji","https://www.reed.co.uk/jobs/test-engineer-sfia-4/56929400?source=searchResults&filter=%2Fjobs%2Fsdet-jobs-in-united-kingdom",""
"Senior Penetration Tester","","","Reed","SDET","🏢 Office | 📍 Brak lokalizacji","https://www.reed.co.uk/jobs/senior-penetration-tester/56858032?source=searchResults&filter=%2Fjobs%2Fsdet-jobs-in-united-kingdom",""
"DevSecOps","","","Reed","SDET","🏢 Office | 📍 Brak lokalizacji","https://www.reed.co.uk/jobs/devsecops/56843240?source=searchResults&filter=%2Fjobs%2Fsdet-jobs-in-united-kingdom",""
"GCP QA Consultant (Contract)","","","Reed","SDET","🏢 Office | 📍 Brak lokalizacji","https://www.reed.co.uk/jobs/gcp-qa-consultant-contract/56950870?source=searchResults&filter=%2Fjobs%2Fsdet-jobs-in-united-kingdom",""
"SC Cleared Tester","","","Reed","SDET","🏢 Office | 📍 Brak lokalizacji","https://www.reed.co.uk/jobs/sc-cleared-tester/56852462?source=searchResults&filter=%2Fjobs%2Fsdet-jobs-in-united-kingdom",""
"SRE | Bristol | Cyber-tech Scale Up | £90-105k","","","Reed","SDET","🏢 Office | 📍 Brak lokalizacji","https://www.reed.co.uk/jobs/sre--bristol--cyber-tech-scale-up--90-105k/56886024?source=searchResults&filter=%2Fjobs%2Fsdet-jobs-in-united-kingdom",""
"Software QA Engineer","","","Reed","SDET","🏢 Office | 📍 Brak lokalizacji","https://www.reed.co.uk/jobs/software-qa-engineer/56947844?source=searchResults&filter=%2Fjobs%2Fsdet-jobs-in-united-kingdom",""
"QA Engineer","","","Reed","SDET","🏢 Office | 📍 Brak lokalizacji","https://www.reed.co.uk/jobs/qa-engineer/56836249?source=searchResults&filter=%2Fjobs%2Fsdet-jobs-in-united-kingdom",""
"Software Engineer In Test (SDET)","","","Reed","Software Engineer in Test","🏢 Office | 📍 Brak lokalizacji","https://www.reed.co.uk/jobs/software-engineer-in-test-sdet/56964010?source=searchResults&filter=%2Fjobs%2Fsoftware-engineer-in-test-jobs-in-united-kingdom",""
"Senior Test Software Engineer","","","Reed","Software Engineer in Test","🏢 Office | 📍 Brak lokalizacji","https://www.reed.co.uk/jobs/senior-test-software-engineer/56829834?source=searchResults&filter=%2Fjobs%2Fsoftware-engineer-in-test-jobs-in-united-kingdom",""
"ADA Software Engineer","","","Reed","Software Engineer in Test","🏢 Office | 📍 Brak lokalizacji","https://www.reed.co.uk/jobs/ada-software-engineer/56861138?source=searchResults&filter=%2Fjobs%2Fsoftware-engineer-in-test-jobs-in-united-kingdom",""
"Software Engineer / Senior QA & Test - DO-178C","","","Reed","Software Engineer in Test","🏢 Office | 📍 Brak lokalizacji","https://www.reed.co.uk/jobs/software-engineer-senior-qa-test-do-178c/56945855?source=searchResults&filter=%2Fjobs%2Fsoftware-engineer-in-test-jobs-in-united-kingdom",""
"Software Development Engineer in Test","","","Reed","Software Engineer in Test","🏢 Office | 📍 Brak lokalizacji","https://www.reed.co.uk/jobs/software-development-engineer-in-test/56831121?source=searchResults&filter=%2Fjobs%2Fsoftware-engineer-in-test-jobs-in-united-kingdom",""
"Senior QA Engineer","","","Reed","Software Engineer in Test","🏢 Office | 📍 Brak lokalizacji","https://www.reed.co.uk/jobs/senior-qa-engineer/56932224?source=searchResults&filter=%2Fjobs%2Fsoftware-engineer-in-test-jobs-in-united-kingdom",""
"QA Engineer - Manual testing web applications","","","Reed","Software Engineer in Test","🏢 Office | 📍 Brak lokalizacji","https://www.reed.co.uk/jobs/qa-engineer-manual-testing-web-applications/56933699?source=searchResults&filter=%2Fjobs%2Fsoftware-engineer-in-test-jobs-in-united-kingdom",""
"Software Applications Engineer","","","Reed","Software Engineer in Test","🏢 Office | 📍 Brak lokalizacji","https://www.reed.co.uk/jobs/software-applications-engineer/56852363?source=searchResults&filter=%2Fjobs%2Fsoftware-engineer-in-test-jobs-in-united-kingdom",""
"Full Stack Software Engineer","","","Reed","Software Engineer in Test","🏢 Office | 📍 Brak lokalizacji","https://www.reed.co.uk/jobs/full-stack-software-engineer/56952995?source=searchResults&filter=%2Fjobs%2Fsoftware-engineer-in-test-jobs-in-united-kingdom",""
"Senior Software Engineer","","","Reed","Software Engineer in Test","🏢 Office | 📍 Brak lokalizacji","https://www.reed.co.uk/jobs/senior-software-engineer/56867019?source=searchResults&filter=%2Fjobs%2Fsoftware-engineer-in-test-jobs-in-united-kingdom",""
"Senior Software Developer","","","Reed","Software Engineer in Test","🏢 Office | 📍 Brak lokalizacji","https://www.reed.co.uk/jobs/senior-software-developer/56904263?source=searchResults&filter=%2Fjobs%2Fsoftware-engineer-in-test-jobs-in-united-kingdom",""
"Senior Software Engineer","","","Reed","Software Engineer in Test","🏢 Office | 📍 Brak lokalizacji","https://www.reed.co.uk/jobs/senior-software-engineer/56864801?source=searchResults&filter=%2Fjobs%2Fsoftware-engineer-in-test-jobs-in-united-kingdom",""
"Principal Software Engineer","","","Reed","Software Engineer in Test","🏢 Office | 📍 Brak lokalizacji","https://www.reed.co.uk/jobs/principal-software-engineer/56913241?source=searchResults&filter=%2Fjobs%2Fsoftware-engineer-in-test-jobs-in-united-kingdom",""
"Graduate Software Engineer","","","Reed","Software Engineer in Test","🏢 Office | 📍 Brak lokalizacji","https://www.reed.co.uk/jobs/graduate-software-engineer/56933725?source=searchResults&filter=%2Fjobs%2Fsoftware-engineer-in-test-jobs-in-united-kingdom",""
"Electronics Project Engineer","","","Reed","Software Engineer in Test","🏢 Office | 📍 Brak lokalizacji","https://www.reed.co.uk/jobs/electronics-project-engineer/56832555?source=searchResults&filter=%2Fjobs%2Fsoftware-engineer-in-test-jobs-in-united-kingdom",""
"Embedded Software Engineer","","","Reed","Software Engineer in Test","🏢 Office | 📍 Brak lokalizacji","https://www.reed.co.uk/jobs/embedded-software-engineer/56951387?source=searchResults&filter=%2Fjobs%2Fsoftware-engineer-in-test-jobs-in-united-kingdom",""
"Senior Software Engineer","","","Reed","Software Engineer in Test","🏢 Office | 📍 Brak lokalizacji","https://www.reed.co.uk/jobs/senior-software-engineer/55768379?source=searchResults&filter=%2Fjobs%2Fsoftware-engineer-in-test-jobs-in-united-kingdom",""
"Chief Software Architect","","","Reed","Software Engineer in Test","🏢 Office | 📍 Brak lokalizacji","https://www.reed.co.uk/jobs/chief-software-architect/56976824?source=searchResults&filter=%2Fjobs%2Fsoftware-engineer-in-test-jobs-in-united-kingdom",""
"Lead Software Engineer","","","Reed","Software Engineer in Test","🏢 Office | 📍 Brak lokalizacji","https://www.reed.co.uk/jobs/lead-software-engineer/56969653?source=searchResults&filter=%2Fjobs%2Fsoftware-engineer-in-test-jobs-in-united-kingdom",""
"Software Developer Apprentice","","","Reed","Software Engineer in Test","🏢 Office | 📍 Brak lokalizacji","https://www.reed.co.uk/jobs/software-developer-apprentice/56964161?source=searchResults&filter=%2Fjobs%2Fsoftware-engineer-in-test-jobs-in-united-kingdom",""
"Senior Software Developer","","","Reed","Software Engineer in Test","🏢 Office | 📍 Brak lokalizacji","https://www.reed.co.uk/jobs/senior-software-developer/56782846?source=searchResults&filter=%2Fjobs%2Fsoftware-engineer-in-test-jobs-in-united-kingdom",""
"Software Engineer","","","Reed","Software Engineer in Test","🏢 Office | 📍 Brak lokalizacji","https://www.reed.co.uk/jobs/software-engineer/56829515?source=searchResults&filter=%2Fjobs%2Fsoftware-engineer-in-test-jobs-in-united-kingdom",""
"Software Engineer","","","Reed","Software Engineer in Test","🏢 Office | 📍 Brak lokalizacji","https://www.reed.co.uk/jobs/software-engineer/56813835?source=searchResults&filter=%2Fjobs%2Fsoftware-engineer-in-test-jobs-in-united-kingdom",""
"Software Engineer","","","Reed","Software Engineer in Test","🏢 Office | 📍 Brak lokalizacji","https://www.reed.co.uk/jobs/software-engineer/56917736?source=searchResults&filter=%2Fjobs%2Fsoftware-engineer-in-test-jobs-in-united-kingdom",""
"Mechanical Engineer","","","Reed","Software Engineer in Test","🏢 Office | 📍 Brak lokalizacji","https://www.reed.co.uk/jobs/mechanical-engineer/56817766?source=searchResults&filter=%2Fjobs%2Fsoftware-engineer-in-test-jobs-in-united-kingdom",""
"Test Engineer","","","Reed","Test Engineer","🏢 Office | 📍 Brak lokalizacji","https://www.reed.co.uk/jobs/test-engineer/56955292?source=searchResults&filter=%2Fjobs%2Ftest-engineer-jobs-in-united-kingdom",""
"Test Engineer","","","Reed","Test Engineer","🏢 Office | 📍 Brak lokalizacji","https://www.reed.co.uk/jobs/test-engineer/56852380?source=searchResults&filter=%2Fjobs%2Ftest-engineer-jobs-in-united-kingdom",""
"Test Engineer","","","Reed","Test Engineer","🏢 Office | 📍 Brak lokalizacji","https://www.reed.co.uk/jobs/test-engineer/56837052?source=searchResults&filter=%2Fjobs%2Ftest-engineer-jobs-in-united-kingdom",""
"Test Engineer","","","Reed","Test Engineer","🏢 Office | 📍 Brak lokalizacji","https://www.reed.co.uk/jobs/test-engineer/56824230?source=searchResults&filter=%2Fjobs%2Ftest-engineer-jobs-in-united-kingdom",""
"Test Engineer","","","Reed","Test Engineer","🏢 Office | 📍 Brak lokalizacji","https://www.reed.co.uk/jobs/test-engineer/56906046?source=searchResults&filter=%2Fjobs%2Ftest-engineer-jobs-in-united-kingdom",""
"Test Engineer","","","Reed","Test Engineer","🏢 Office | 📍 Brak lokalizacji","https://www.reed.co.uk/jobs/test-engineer/56955554?source=searchResults&filter=%2Fjobs%2Ftest-engineer-jobs-in-united-kingdom",""
"Test Engineer","","","Reed","Test Engineer","🏢 Office | 📍 Brak lokalizacji","https://www.reed.co.uk/jobs/test-engineer/56933380?source=searchResults&filter=%2Fjobs%2Ftest-engineer-jobs-in-united-kingdom",""
"Test Engineer","","","Reed","Test Engineer","🏢 Office | 📍 Brak lokalizacji","https://www.reed.co.uk/jobs/test-engineer/56960933?source=searchResults&filter=%2Fjobs%2Ftest-engineer-jobs-in-united-kingdom",""
"Test Engineer","","","Reed","Test Engineer","🏢 Office | 📍 Brak lokalizacji","https://www.reed.co.uk/jobs/test-engineer/56868490?source=searchResults&filter=%2Fjobs%2Ftest-engineer-jobs-in-united-kingdom",""
"Software Test Engineer","","","Reed","Test Engineer","🏢 Office | 📍 Brak lokalizacji","https://www.reed.co.uk/jobs/software-test-engineer/56968171?source=searchResults&filter=%2Fjobs%2Ftest-engineer-jobs-in-united-kingdom",""
"Senior Test Engineer","","","Reed","Test Engineer","🏢 Office | 📍 Brak lokalizacji","https://www.reed.co.uk/jobs/senior-test-engineer/56834983?source=searchResults&filter=%2Fjobs%2Ftest-engineer-jobs-in-united-kingdom",""
"Electronic Test Engineer","","","Reed","Test Engineer","🏢 Office | 📍 Brak lokalizacji","https://www.reed.co.uk/jobs/electronic-test-engineer/56831561?source=searchResults&filter=%2Fjobs%2Ftest-engineer-jobs-in-united-kingdom",""
"Production Test Engineer","","","Reed","Test Engineer","🏢 Office | 📍 Brak lokalizacji","https://www.reed.co.uk/jobs/production-test-engineer/56952930?source=searchResults&filter=%2Fjobs%2Ftest-engineer-jobs-in-united-kingdom",""
"Electrical Test Engineer","","","Reed","Test Engineer","🏢 Office | 📍 Brak lokalizacji","https://www.reed.co.uk/jobs/electrical-test-engineer/56891989?source=searchResults&filter=%2Fjobs%2Ftest-engineer-jobs-in-united-kingdom",""
"Manufacturing Test Engineer","","","Reed","Test Engineer","🏢 Office | 📍 Brak lokalizacji","https://www.reed.co.uk/jobs/manufacturing-test-engineer/56815486?source=searchResults&filter=%2Fjobs%2Ftest-engineer-jobs-in-united-kingdom",""
"Software Test Engineer","","","Reed","Test Engineer","🏢 Office | 📍 Brak lokalizacji","https://www.reed.co.uk/jobs/software-test-engineer/56840898?source=searchResults&filter=%2Fjobs%2Ftest-engineer-jobs-in-united-kingdom",""
"EDS Test Engineer","","","Reed","Test Engineer","🏢 Office | 📍 Brak lokalizacji","https://www.reed.co.uk/jobs/eds-test-engineer/56904583?source=searchResults&filter=%2Fjobs%2Ftest-engineer-jobs-in-united-kingdom",""
"Software Test Engineer","","","Reed","Test Engineer","🏢 Office | 📍 Brak lokalizacji","https://www.reed.co.uk/jobs/software-test-engineer/56892387?source=searchResults&filter=%2Fjobs%2Ftest-engineer-jobs-in-united-kingdom",""
"Electronic Test Engineer","","","Reed","Test Engineer","🏢 Office | 📍 Brak lokalizacji","https://www.reed.co.uk/jobs/electronic-test-engineer/56914050?source=searchResults&filter=%2Fjobs%2Ftest-engineer-jobs-in-united-kingdom",""
"Senior Test Engineer","","","Reed","Test Engineer","🏢 Office | 📍 Brak lokalizacji","https://www.reed.co.uk/jobs/senior-test-engineer/56930515?source=searchResults&filter=%2Fjobs%2Ftest-engineer-jobs-in-united-kingdom",""
"Manufacturing Test Engineer","","","Reed","Test Engineer","🏢 Office | 📍 Brak lokalizacji","https://www.reed.co.uk/jobs/manufacturing-test-engineer/56722191?source=searchResults&filter=%2Fjobs%2Ftest-engineer-jobs-in-united-kingdom",""
"Electronics Test Engineer","","","Reed","Test Engineer","🏢 Office | 📍 Brak lokalizacji","https://www.reed.co.uk/jobs/electronics-test-engineer/56897817?source=searchResults&filter=%2Fjobs%2Ftest-engineer-jobs-in-united-kingdom",""
"Transducer Test Engineer","","","Reed","Test Engineer","🏢 Office | 📍 Brak lokalizacji","https://www.reed.co.uk/jobs/transducer-test-engineer/56950306?source=searchResults&filter=%2Fjobs%2Ftest-engineer-jobs-in-united-kingdom",""
"Electronics Test Engineer","","","Reed","Test Engineer","🏢 Office | 📍 Brak lokalizacji","https://www.reed.co.uk/jobs/electronics-test-engineer/56864741?source=searchResults&filter=%2Fjobs%2Ftest-engineer-jobs-in-united-kingdom",""
"Engine Test Engineer","","","Reed","Test Engineer","🏢 Office | 📍 Brak lokalizacji","https://www.reed.co.uk/jobs/engine-test-engineer/56906148?source=searchResults&filter=%2Fjobs%2Ftest-engineer-jobs-in-united-kingdom",""
"QA Test Lead","","","Reed","QA Lead","🏢 Office | 📍 Brak lokalizacji","https://www.reed.co.uk/jobs/qa-test-lead/56821661?source=searchResults&filter=%2Fjobs%2Fqa-lead-jobs-in-united-kingdom",""
"QA Lead","","","Reed","QA Lead","🏢 Office | 📍 Brak lokalizacji","https://www.reed.co.uk/jobs/qa-lead/56952165?source=searchResults&filter=%2Fjobs%2Fqa-lead-jobs-in-united-kingdom",""
"QA/QA Lead-Food Sector","","","Reed","QA Lead","🏢 Office | 📍 Brak lokalizacji","https://www.reed.co.uk/jobs/qa-qa-lead-food-sector/56952387?source=searchResults&filter=%2Fjobs%2Fqa-lead-jobs-in-united-kingdom",""
"Software QA Lead","","","Reed","QA Lead","🏢 Office | 📍 Brak lokalizacji","https://www.reed.co.uk/jobs/software-qa-lead/56848224?source=searchResults&filter=%2Fjobs%2Fqa-lead-jobs-in-united-kingdom",""
"QA Test Lead (CCH Tagetik)","","","Reed","QA Lead","🏢 Office | 📍 Brak lokalizacji","https://www.reed.co.uk/jobs/qa-test-lead-cch-tagetik/56957487?source=searchResults&filter=%2Fjobs%2Fqa-lead-jobs-in-united-kingdom",""
"Lead QA Engineer","","","Reed","QA Lead","🏢 Office | 📍 Brak lokalizacji","https://www.reed.co.uk/jobs/lead-qa-engineer/56967072?source=searchResults&filter=%2Fjobs%2Fqa-lead-jobs-in-united-kingdom",""
"QA Systems Application Specialist","","","Reed","QA Lead","🏢 Office | 📍 Brak lokalizacji","https://www.reed.co.uk/jobs/qa-systems-application-specialist/56931686?source=searchResults&filter=%2Fjobs%2Fqa-lead-jobs-in-united-kingdom",""
"Senior QA Officer - Operations (18-month Fixed Term)","","","Reed","QA Lead","🏢 Office | 📍 Brak lokalizacji","https://www.reed.co.uk/jobs/senior-qa-officer-operations-18-month-fixed-term/56947470?source=searchResults&filter=%2Fjobs%2Fqa-lead-jobs-in-united-kingdom",""
"Quality Assurance Manager","","","Reed","QA Lead","🏢 Office | 📍 Brak lokalizacji","https://www.reed.co.uk/jobs/quality-assurance-manager/56936013?source=searchResults&filter=%2Fjobs%2Fqa-lead-jobs-in-united-kingdom",""
"Lead Internal Quality Assurer","","","Reed","QA Lead","🏢 Office | 📍 Brak lokalizacji","https://www.reed.co.uk/jobs/lead-internal-quality-assurer/56852440?source=searchResults&filter=%2Fjobs%2Fqa-lead-jobs-in-united-kingdom",""
"Lead AI Red Teaming & QA Engineer","","","Reed","QA Lead","🏢 Office | 📍 Brak lokalizacji","https://www.reed.co.uk/jobs/lead-ai-red-teaming-qa-engineer/56912145?source=searchResults&filter=%2Fjobs%2Fqa-lead-jobs-in-united-kingdom",""
"Test Lead","","","Reed","QA Lead","🏢 Office | 📍 Brak lokalizacji","https://www.reed.co.uk/jobs/test-lead/56689532?source=searchResults&filter=%2Fjobs%2Fqa-lead-jobs-in-united-kingdom",""
"Senior QA Engineer","","","Reed","QA Lead","🏢 Office | 📍 Brak lokalizacji","https://www.reed.co.uk/jobs/senior-qa-engineer/56932224?source=searchResults&filter=%2Fjobs%2Fqa-lead-jobs-in-united-kingdom",""
"QA Engineer - Manual testing web applications","","","Reed","QA Lead","🏢 Office | 📍 Brak lokalizacji","https://www.reed.co.uk/jobs/qa-engineer-manual-testing-web-applications/56933699?source=searchResults&filter=%2Fjobs%2Fqa-lead-jobs-in-united-kingdom",""
"Quality Assurance Analyst","","","Reed","QA Lead","🏢 Office | 📍 Brak lokalizacji","https://www.reed.co.uk/jobs/quality-assurance-analyst/56711570?source=searchResults&filter=%2Fjobs%2Fqa-lead-jobs-in-united-kingdom",""
"Financial Crime QA Manager (Hybrid 3 days per week in Central London)","","","Reed","QA Lead","🔀 Hybrid | 📍 Brak lokalizacji","https://www.reed.co.uk/jobs/financial-crime-qa-manager-hybrid-3-days-per-week-in-central-london/56929738?source=searchResults&filter=%2Fjobs%2Fqa-lead-jobs-in-united-kingdom",""
"Quality Assurance Specialist","","","Reed","QA Lead","🏢 Office | 📍 Brak lokalizacji","https://www.reed.co.uk/jobs/quality-assurance-specialist/56843359?source=searchResults&filter=%2Fjobs%2Fqa-lead-jobs-in-united-kingdom",""
"Quality Assurance Manager","","","Reed","QA Lead","🏢 Office | 📍 Brak lokalizacji","https://www.reed.co.uk/jobs/quality-assurance-manager/56943507?source=searchResults&filter=%2Fjobs%2Fqa-lead-jobs-in-united-kingdom",""
"QA Auditor","","","Reed","QA Lead","🏢 Office | 📍 Brak lokalizacji","https://www.reed.co.uk/jobs/qa-auditor/56839922?source=searchResults&filter=%2Fjobs%2Fqa-lead-jobs-in-united-kingdom",""
"Test Lead","","","Reed","QA Lead","🏢 Office | 📍 Brak lokalizacji","https://www.reed.co.uk/jobs/test-lead/56878121?source=searchResults&filter=%2Fjobs%2Fqa-lead-jobs-in-united-kingdom",""
"Quality Assurance Manager - FMCG Manufacturing","","","Reed","QA Lead","🏢 Office | 📍 Brak lokalizacji","https://www.reed.co.uk/jobs/quality-assurance-manager-fmcg-manufacturing/56887030?source=searchResults&filter=%2Fjobs%2Fqa-lead-jobs-in-united-kingdom",""
"QA Manager","","","Reed","QA Lead","🏢 Office | 📍 Brak lokalizacji","https://www.reed.co.uk/jobs/qa-manager/56898188?source=searchResults&filter=%2Fjobs%2Fqa-lead-jobs-in-united-kingdom",""
"QA Manager / QA Supervisor (Food Manufacturing)","","","Reed","QA Lead","🏢 Office | 📍 Brak lokalizacji","https://www.reed.co.uk/jobs/qa-manager-qa-supervisor-food-manufacturing/56895626?source=searchResults&filter=%2Fjobs%2Fqa-lead-jobs-in-united-kingdom",""
"Quality Assurance Manager","","","Reed","QA Lead","🏢 Office | 📍 Brak lokalizacji","https://www.reed.co.uk/jobs/quality-assurance-manager/56833625?source=searchResults&filter=%2Fjobs%2Fqa-lead-jobs-in-united-kingdom",""
"Lead Quality assurer","","","Reed","QA Lead","🏢 Office | 📍 Brak lokalizacji","https://www.reed.co.uk/jobs/lead-quality-assurer/56964791?source=searchResults&filter=%2Fjobs%2Fqa-lead-jobs-in-united-kingdom",""
"Senior Gameplay Programmer","Cloud Imperium Games Limited","Manchester, Greater Manchester","Adzuna (TotalJobs+)","Software QA Engineer","🏢 Office | 🚗 1h 20min | 🚌 ~2h 24min","https://www.adzuna.co.uk/jobs/details/5750340926?utm_medium=api&utm_source=fec81443","2026-06-03"
"Software Delivery Manager","SThree UK","East Midlands, UK","Adzuna (TotalJobs+)","Software QA Engineer","🏢 Office | 🚗 1h 35min | 🚌 ~2h 13min 💾","https://www.adzuna.co.uk/jobs/details/5744679934?utm_medium=api&utm_source=fec81443","2026-05-29"
"Software Delivery Manager","Computer Futures","East Midlands, UK","Adzuna (TotalJobs+)","Software QA Engineer","🏢 Office | 🚗 1h 34min | 🚌 ~2h 11min","https://www.adzuna.co.uk/jobs/land/ad/5744640102?se=uu5NKDlf8RGEsIUQygye2Q&utm_medium=api&utm_source=fec81443&v=0CF016F44183EFB169089D137DCBAE352ABD33A1","2026-05-29"
"Application Analyst","Rightmove Careers","Milton Keynes, Buckinghamshire","Adzuna (TotalJobs+)","Software QA Engineer","🏢 Office | 🚗 2h 36min ❌ | 🚌 ~3h 39min 💾","https://www.adzuna.co.uk/jobs/details/5744466518?utm_medium=api&utm_source=fec81443","2026-05-29"
"Dynamics 365 CE Developer (Power Platform & CRM)",". CGI IT UK Limited","UK","Adzuna (TotalJobs+)","Software QA Engineer","🏢 Office | 📍 Brak lokalizacji","https://www.adzuna.co.uk/jobs/details/5743990535?utm_medium=api&utm_source=fec81443","2026-05-28"
"QA Automation / SDET Engineer","Pro Contract Jobs Ltd","Birmingham, West Midlands","Adzuna (TotalJobs+)","Software QA Engineer","🏢 Office | 🚗 1h 42min | 🚌 ~2h 23min 💾","https://www.adzuna.co.uk/jobs/details/5743673714?utm_medium=api&utm_source=fec81443","2026-05-28"
"Simulation Engineer","Frontier Resourcing Ltd","UK","Adzuna (TotalJobs+)","Software QA Engineer","🏢 Office | 📍 Brak lokalizacji","https://www.adzuna.co.uk/jobs/land/ad/5742314490?se=uu5NKDlf8RGEsIUQygye2Q&utm_medium=api&utm_source=fec81443&v=958454C73AFEB669B0C238415E66A5CABC337714","2026-05-27"
"Software Engineer / Senior QA & Test - DO-178C","DCS Recruitment","Oxfordshire, South East England","Adzuna (TotalJobs+)","Software QA Engineer","🏢 Office | 🚗 2h 48min ❌ | 🚌 ~3h 55min","https://www.adzuna.co.uk/jobs/land/ad/5742298253?se=uu5NKDlf8RGEsIUQygye2Q&utm_medium=api&utm_source=fec81443&v=B84FEDAC1923E0FBCAAE14B04905D32D007EEE92","2026-05-27"
"QA Automation / SDET Engineer","Syntax Consultancy Ltd","Balsall Heath, Birmingham","Adzuna (TotalJobs+)","Software QA Engineer","🏢 Office | 🚗 1h 49min | 🚌 ~2h 33min","https://www.adzuna.co.uk/jobs/land/ad/5740349601?se=uu5NKDlf8RGEsIUQygye2Q&utm_medium=api&utm_source=fec81443&v=A0514047D200C1EA08A8FDE8CEAB39C3FCEE213A","2026-05-25"
"Senior Software Engineer (ML QA)","Graphcore","Bristol, South West England","Adzuna (TotalJobs+)","Software QA Engineer","🏢 Office | 🚗 1h 52min | 🚌 ~2h 37min 💾","https://www.adzuna.co.uk/jobs/details/5739766551?utm_medium=api&utm_source=fec81443","2026-05-24"
"Software QA Engineer","Light & Wonder","UK","Adzuna (TotalJobs+)","Software QA Engineer","🏢 Office | 📍 Brak lokalizacji","https://www.adzuna.co.uk/jobs/land/ad/5739739761?se=uu5NKDlf8RGEsIUQygye2Q&utm_medium=api&utm_source=fec81443&v=A0C84242F10A7BB80D1BC4FE9439F3595CDF4864","2026-05-24"
"QA / Test Engineer - eSC / DV cleared",". Investigo","UK","Adzuna (TotalJobs+)","Software QA Engineer","🏢 Office | 📍 Brak lokalizacji","https://www.adzuna.co.uk/jobs/details/5735631290?utm_medium=api&utm_source=fec81443","2026-05-20"
"Okta Customer Identity Engineer","Insulet Corporation","UK","Adzuna (TotalJobs+)","Software QA Engineer","🏢 Office | 📍 Brak lokalizacji","https://www.adzuna.co.uk/jobs/details/5735092736?utm_medium=api&utm_source=fec81443","2026-05-20"
"Senior Delivery Manager","Informed Solutions","Holbeck, Leeds","Adzuna (TotalJobs+)","Software QA Engineer","🏢 Office | 🚗 1h 52min | 🚌 ~2h 37min 💾","https://www.adzuna.co.uk/jobs/details/5733143777?utm_medium=api&utm_source=fec81443","2026-05-18"
"Lead Data Scientist","AWTG Ltd","Coventry, West Midlands","Adzuna (TotalJobs+)","Software QA Engineer","🏢 Office | 🚗 1h 58min | 🚌 ~2h 45min 💾","https://www.adzuna.co.uk/jobs/details/5732095135?utm_medium=api&utm_source=fec81443","2026-05-17"
"Senior Delivery Consultant","Oliver George Consulting Limited","Bristol, South West England","Adzuna (TotalJobs+)","Software QA Engineer","🏢 Office | 🚗 1h 51min | 🚌 ~2h 35min 💾","https://www.adzuna.co.uk/jobs/details/5726908992?utm_medium=api&utm_source=fec81443","2026-05-12"
"AI Tester","SmartSearch","West Yorkshire, Yorkshire And The Humber","Adzuna (TotalJobs+)","Software QA Engineer","🏢 Office | 🚗 1h 43min | 🚌 ~2h 24min 💾","https://www.adzuna.co.uk/jobs/details/5725975235?utm_medium=api&utm_source=fec81443","2026-05-11"
"QA Automation / SDET Engineer","Syntax Consultancy Ltd","Balsall Heath, Birmingham","Adzuna (TotalJobs+)","Software QA Automation Engineer","🏢 Office | 🚗 1h 49min | 🚌 ~2h 33min","https://www.adzuna.co.uk/jobs/land/ad/5740349601?se=EJrYKDlf8RGF0-4C83bibg&utm_medium=api&utm_source=fec81443&v=A0514047D200C1EA08A8FDE8CEAB39C3FCEE213A","2026-05-25"
"Senior Delivery Manager","Informed Solutions","Altrincham, Greater Manchester","Adzuna (TotalJobs+)","Software QA Automation Engineer","🏢 Office | 🚗 1h 3min | 🚌 ~1h 54min 💾","https://www.adzuna.co.uk/jobs/details/5457262885?utm_medium=api&utm_source=fec81443","2025-10-21"
"HSEQ Manager","Chase and Holland","Bolham, Retford","Adzuna (TotalJobs+)","Testing Lead","🏢 Office | 🚗 2h 34min ❌ | 🚌 ~3h 35min","https://www.adzuna.co.uk/jobs/details/5750417848?utm_medium=api&utm_source=fec81443","2026-06-03"
"Salesforce Test Lead","Careerwise UK","UK","Adzuna (TotalJobs+)","Testing Lead","🏢 Office | 📍 Brak lokalizacji","https://www.adzuna.co.uk/jobs/details/5750390687?utm_medium=api&utm_source=fec81443","2026-06-03"
"Head of Calculations - Technical","Capita","UK","Adzuna (TotalJobs+)","Testing Lead","🏢 Office | 📍 Brak lokalizacji","https://www.adzuna.co.uk/jobs/land/ad/5750385046?se=1Bo0KTlf8RGnSaA_oX15vA&utm_medium=api&utm_source=fec81443&v=F773C7CF910C3E317F3D5A9C0AD2B231613C728D","2026-06-03"
"Product Cybersecurity Engineer / Specialist","Agilent Technologies","UK","Adzuna (TotalJobs+)","Testing Lead","🏢 Office | 📍 Brak lokalizacji","https://www.adzuna.co.uk/jobs/details/5750375514?utm_medium=api&utm_source=fec81443","2026-06-03"
"QA Lead","Maxcontact","Manchester, Greater Manchester","Adzuna (TotalJobs+)","Testing Lead","🏢 Office | 🚗 1h 20min | 🚌 ~2h 24min","https://www.adzuna.co.uk/jobs/details/5750353178?utm_medium=api&utm_source=fec81443","2026-06-03"
"Head of IT Governance","Canopius","Manchester, Greater Manchester","Adzuna (TotalJobs+)","Testing Lead","🏢 Office | 🚗 1h 20min | 🚌 ~2h 24min","https://www.adzuna.co.uk/jobs/details/5750347635?utm_medium=api&utm_source=fec81443","2026-06-03"
"Lead Systems Integration and Test Engineer","LM Careers","UK","Adzuna (TotalJobs+)","Testing Lead","🏢 Office | 📍 Brak lokalizacji","https://www.adzuna.co.uk/jobs/details/5750343853?utm_medium=api&utm_source=fec81443","2026-06-03"
"Software Integration Tester","Motorola Solutions","UK","Adzuna (TotalJobs+)","Testing Lead","🏢 Office | 📍 Brak lokalizacji","https://www.adzuna.co.uk/jobs/land/ad/5750342483?se=1Bo0KTlf8RGnSaA_oX15vA&utm_medium=api&utm_source=fec81443&v=8DA1A574158E8608BFDBE2BEE63C30931BCB0E88","2026-06-03"
"Senior Penetration Tester - CTL","UBDS Group","Manchester, Greater Manchester","Adzuna (TotalJobs+)","Testing Lead","🏢 Office | 🚗 1h 20min | 🚌 ~2h 24min","https://www.adzuna.co.uk/jobs/details/5750325939?utm_medium=api&utm_source=fec81443","2026-06-03"
"Conversion Manager","Venatu Recruitment Group","Chesterfield, Derbyshire","Adzuna (TotalJobs+)","Testing Lead","🏢 Office | 🚗 2h 9min ❌ | 🚌 ~3h 1min","https://www.adzuna.co.uk/jobs/land/ad/5750296122?se=1Bo0KTlf8RGnSaA_oX15vA&utm_medium=api&utm_source=fec81443&v=5321AB4DB04AAE54CC579F2DD23FBF20B8171824","2026-06-03"
"Electrical Test Technician - Rolling Stock","Rullion Limited","Hyde Park, Doncaster","Adzuna (TotalJobs+)","Testing Lead","🏢 Office | 🚗 2h 17min ❌ | 🚌 ~3h 12min","https://www.adzuna.co.uk/jobs/land/ad/5750295267?se=1Bo0KTlf8RGnSaA_oX15vA&utm_medium=api&utm_source=fec81443&v=740C55D3BB391541D644A2B3E5CB259DE929B242","2026-06-03"
"Electrical Engineer - Critical","MURVILLE CONSULTANCY LIMITED","Warrington, Cheshire","Adzuna (TotalJobs+)","Testing Lead","🏢 Office | 🚗 50min | 🚌 ~1h 30min","https://www.adzuna.co.uk/jobs/land/ad/5750202833?se=1Bo0KTlf8RGnSaA_oX15vA&utm_medium=api&utm_source=fec81443&v=5A4B57592228B1DCE73D3DE13CA8C7DADD47260A","2026-06-03"
"Senior VB6 & C Engineer","Experis","Haughton Hill, Shifnal","Adzuna (TotalJobs+)","Testing Lead","🏢 Office | 🚗 1h 10min | 🚌 ~2h 6min","https://www.adzuna.co.uk/jobs/details/5750082978?utm_medium=api&utm_source=fec81443","2026-06-03"
"Lead Test Engineer","Tatton Recruitment","Brooklands, Sale","Adzuna (TotalJobs+)","Testing Lead","🏢 Office | 🚗 1h 3min | 🚌 ~1h 53min","https://www.adzuna.co.uk/jobs/details/5750081334?utm_medium=api&utm_source=fec81443","2026-06-03"
"HR Systems Specialist","Together","Cheadle, Greater Manchester","Adzuna (TotalJobs+)","Testing Lead","🏢 Office | 🚗 1h | 🚌 ~1h 47min","https://www.adzuna.co.uk/jobs/details/5750014067?utm_medium=api&utm_source=fec81443","2026-06-03"
"Data Test Lead","Cognizant","Sheffield, South Yorkshire","Adzuna (TotalJobs+)","Testing Lead","🏢 Office | 🚗 2h 13min ❌ | 🚌 ~3h 6min","https://www.adzuna.co.uk/jobs/details/5749866923?utm_medium=api&utm_source=fec81443","2026-06-03"
"System Integration Lead Engineer","Contechs Consulting Ltd","Gaydon, Warwick","Adzuna (TotalJobs+)","Testing Lead","🏢 Office | 🚗 2h 11min ❌ | 🚌 ~3h 3min","https://www.adzuna.co.uk/jobs/details/5749725214?utm_medium=api&utm_source=fec81443","2026-06-02"
"System Test and Validation Engineer","Contechs Consulting Ltd","Gaydon, Warwick","Adzuna (TotalJobs+)","Testing Lead","🏢 Office | 🚗 2h 11min ❌ | 🚌 ~3h 3min","https://www.adzuna.co.uk/jobs/details/5749725212?utm_medium=api&utm_source=fec81443","2026-06-02"
"Electrician","Test Incorporated Ltd","UK","Adzuna (TotalJobs+)","Testing Lead","🏢 Office | 📍 Brak lokalizacji","https://www.adzuna.co.uk/jobs/land/ad/5749556553?se=1Bo0KTlf8RGnSaA_oX15vA&utm_medium=api&utm_source=fec81443&v=B942B3BD23D70DC9D90F73821E34007D84981F7B","2026-06-02"
"Asbestos Surveyor","Oracle Solutions Asbestos Ltd","Birmingham, West Midlands","Adzuna (TotalJobs+)","Testing Lead","🏢 Office | 🚗 1h 42min | 🚌 ~2h 23min","https://www.adzuna.co.uk/jobs/details/5749355268?utm_medium=api&utm_source=fec81443","2026-06-02"
"Head of Calculations - Technical","Capita","UK","Adzuna (TotalJobs+)","Test Lead","🏢 Office | 📍 Brak lokalizacji","https://www.adzuna.co.uk/jobs/land/ad/5750385046?se=9NPNKTlf8RGnSaA_oX15vA&utm_medium=api&utm_source=fec81443&v=F773C7CF910C3E317F3D5A9C0AD2B231613C728D","2026-06-03"
"Software Integration Tester","Motorola Solutions","UK","Adzuna (TotalJobs+)","Test Lead","🏢 Office | 📍 Brak lokalizacji","https://www.adzuna.co.uk/jobs/land/ad/5750342483?se=9NPNKTlf8RGnSaA_oX15vA&utm_medium=api&utm_source=fec81443&v=8DA1A574158E8608BFDBE2BEE63C30931BCB0E88","2026-06-03"
"Conversion Manager","Venatu Recruitment Group","Chesterfield, Derbyshire","Adzuna (TotalJobs+)","Test Lead","🏢 Office | 🚗 2h 9min ❌ | 🚌 ~3h 1min","https://www.adzuna.co.uk/jobs/land/ad/5750296122?se=9NPNKTlf8RGnSaA_oX15vA&utm_medium=api&utm_source=fec81443&v=5321AB4DB04AAE54CC579F2DD23FBF20B8171824","2026-06-03"
"Electrical Test Technician - Rolling Stock","Rullion Limited","Hyde Park, Doncaster","Adzuna (TotalJobs+)","Test Lead","🏢 Office | 🚗 2h 17min ❌ | 🚌 ~3h 12min","https://www.adzuna.co.uk/jobs/land/ad/5750295267?se=9NPNKTlf8RGnSaA_oX15vA&utm_medium=api&utm_source=fec81443&v=740C55D3BB391541D644A2B3E5CB259DE929B242","2026-06-03"
"Electrical Engineer - Critical","MURVILLE CONSULTANCY LIMITED","Warrington, Cheshire","Adzuna (TotalJobs+)","Test Lead","🏢 Office | 🚗 50min | 🚌 ~1h 30min","https://www.adzuna.co.uk/jobs/land/ad/5750202833?se=9NPNKTlf8RGnSaA_oX15vA&utm_medium=api&utm_source=fec81443&v=5A4B57592228B1DCE73D3DE13CA8C7DADD47260A","2026-06-03"
"Electrician","Test Incorporated Ltd","UK","Adzuna (TotalJobs+)","Test Lead","🏢 Office | 📍 Brak lokalizacji","https://www.adzuna.co.uk/jobs/land/ad/5749556553?se=9NPNKTlf8RGnSaA_oX15vA&utm_medium=api&utm_source=fec81443&v=B942B3BD23D70DC9D90F73821E34007D84981F7B","2026-06-02"
"Senior QA Engineer","All About Us","UK","Adzuna (TotalJobs+)","QA Engineer","🏢 Office | 📍 Brak lokalizacji","https://www.adzuna.co.uk/jobs/details/5750380703?utm_medium=api&utm_source=fec81443","2026-06-03"
"Platform Software Engineering Director","TotalMobile","UK","Adzuna (TotalJobs+)","QA Engineer","🏢 Office | 📍 Brak lokalizacji","https://www.adzuna.co.uk/jobs/details/5750365210?utm_medium=api&utm_source=fec81443","2026-06-03"
"Mobile Engineer - Flutter | Manchester","TransPerfect","Manchester, Greater Manchester","Adzuna (TotalJobs+)","QA Engineer","🏢 Office | 🚗 1h 20min | 🚌 ~2h 24min","https://www.adzuna.co.uk/jobs/details/5750168249?utm_medium=api&utm_source=fec81443","2026-06-03"
"Senior Engineering Manager","URENCO UK Ltd","Capenhurst, Chester","Adzuna (TotalJobs+)","QA Engineer","🏢 Office | 🚗 36min | 🚌 ~1h 5min","https://www.adzuna.co.uk/jobs/land/ad/5749731770?se=juw9Kjlf8RGEsIUQygye2Q&utm_medium=api&utm_source=fec81443&v=548ABA4CADE28BEA5DCA2D283E324CD82990E85E","2026-06-02"
"Service Centre Technician","Oliver Valves","Knutsford, Cheshire","Adzuna (TotalJobs+)","QA Engineer","🏢 Office | 🚗 55min | 🚌 ~1h 39min","https://www.adzuna.co.uk/jobs/details/5749352180?utm_medium=api&utm_source=fec81443","2026-06-02"
"Service Centre Technician","Oliver Valves","Mobberley, Knutsford","Adzuna (TotalJobs+)","QA Engineer","🏢 Office | 🚗 1h 1min | 🚌 ~1h 50min","https://www.adzuna.co.uk/jobs/land/ad/5749317276?se=juw9Kjlf8RGEsIUQygye2Q&utm_medium=api&utm_source=fec81443&v=29C25AC5A3C3AAD7EDAD8E03E3FEFBEA0AC2D74E","2026-06-02"
"Quality Engineer (Contract)","Hays Life Sciences","UK","Adzuna (TotalJobs+)","QA Engineer","🏢 Office | 📍 Brak lokalizacji","https://www.adzuna.co.uk/jobs/land/ad/5749290977?se=juw9Kjlf8RGEsIUQygye2Q&utm_medium=api&utm_source=fec81443&v=B56BF4B53D3B9977F37AE3AB32A3481FC5E3041A","2026-06-02"
"Service Centre Technician","Oliver Valves Ltd","Mobberley, Knutsford","Adzuna (TotalJobs+)","QA Engineer","🏢 Office | 🚗 1h 1min | 🚌 ~1h 50min","https://www.adzuna.co.uk/jobs/land/ad/5749244066?se=juw9Kjlf8RGEsIUQygye2Q&utm_medium=api&utm_source=fec81443&v=BDCAF43EA311A7AC99359BABBC21914B4250EC57","2026-06-02"
"Senior QA Test Engineer £70,000 - Bristol","SR2","Bristol, South West England","Adzuna (TotalJobs+)","QA Engineer","🏢 Office | 🚗 1h 51min | 🚌 ~2h 35min","https://www.adzuna.co.uk/jobs/land/ad/5749243286?se=juw9Kjlf8RGEsIUQygye2Q&utm_medium=api&utm_source=fec81443&v=A789C0CB7CB47CFD0881ADDE62549370EE42A34A","2026-06-02"
"Section Engineer - Structures","Carmichael UK","Arlingham, Gloucester","Adzuna (TotalJobs+)","QA Engineer","🏢 Office | 🚗 2h 39min ❌ | 🚌 ~3h 42min","https://www.adzuna.co.uk/jobs/land/ad/5748067924?se=juw9Kjlf8RGEsIUQygye2Q&utm_medium=api&utm_source=fec81443&v=A41E82BE293259BB09DBFD45965203BD1248E573","2026-06-01"
"Principal Engineer","Kier Group","Hunts Cross, Liverpool","Adzuna (TotalJobs+)","QA Engineer","🏢 Office | 🚗 53min | 🚌 ~1h 35min","https://www.adzuna.co.uk/jobs/land/ad/5747479985?se=juw9Kjlf8RGEsIUQygye2Q&utm_medium=api&utm_source=fec81443&v=F52D2B482B51FB73D2D0A1409DB867BC505F392B","2026-06-01"
"Principal Engineer","Kier Group","Liverpool, Merseyside","Adzuna (TotalJobs+)","QA Engineer","🏢 Office | 🚗 54min | 🚌 ~1h 37min 💾","https://www.adzuna.co.uk/jobs/details/5747475164?utm_medium=api&utm_source=fec81443","2026-06-01"
"Senior QA Test Engineer £70,000 - Bristol","SR2","Bristol, South West England","Adzuna (TotalJobs+)","QA Automation Engineer","🏢 Office | 🚗 1h 51min | 🚌 ~2h 35min","https://www.adzuna.co.uk/jobs/land/ad/5749243286?se=YAymKjlf8RGEsIUQygye2Q&utm_medium=api&utm_source=fec81443&v=A789C0CB7CB47CFD0881ADDE62549370EE42A34A","2026-06-02"
"Senior Automation Engineer","Penta Consulting","Liverpool, Merseyside","Adzuna (TotalJobs+)","QA Automation Engineer","🏢 Office | 🚗 54min | 🚌 ~1h 37min 💾","https://www.adzuna.co.uk/jobs/details/5747314147?utm_medium=api&utm_source=fec81443","2026-06-01"
"Automation QA Test Engineer £70,000 - Bristol","SR2","Bristol, South West England","Adzuna (TotalJobs+)","QA Automation Engineer","🏢 Office | 🚗 1h 51min | 🚌 ~2h 35min","https://www.adzuna.co.uk/jobs/land/ad/5741324252?se=YAymKjlf8RGEsIUQygye2Q&utm_medium=api&utm_source=fec81443&v=05DB5CC844CE9AEDDCEBA4E1974D3D465C089C0E","2026-05-26"
"QA Automation / SDET Engineer","Syntax Consultancy Ltd","Balsall Heath, Birmingham","Adzuna (TotalJobs+)","QA Automation Engineer","🏢 Office | 🚗 1h 49min | 🚌 ~2h 33min","https://www.adzuna.co.uk/jobs/land/ad/5740349601?se=YAymKjlf8RGEsIUQygye2Q&utm_medium=api&utm_source=fec81443&v=A0514047D200C1EA08A8FDE8CEAB39C3FCEE213A","2026-05-25"
"Senior Software Test Engineer","Langham Recruitment","Manchester, Greater Manchester","Adzuna (TotalJobs+)","QA Automation Engineer","🏢 Office | 🚗 1h 26min | 🚌 ~2h 35min 💾","https://www.adzuna.co.uk/jobs/details/5738852350?utm_medium=api&utm_source=fec81443","2026-05-23"
"Lead QA Engineer","TPXImpact Holdings Plc","UK","Adzuna (TotalJobs+)","QA Automation Engineer","🏢 Office | 📍 Brak lokalizacji","https://www.adzuna.co.uk/jobs/details/5737492348?utm_medium=api&utm_source=fec81443","2026-05-22"
"Senior QA Engineer","Langham Recruitment","Manchester, Greater Manchester","Adzuna (TotalJobs+)","QA Automation Engineer","🏢 Office | 🚗 1h 20min | 🚌 ~2h 24min","https://www.adzuna.co.uk/jobs/land/ad/5736370559?se=YAymKjlf8RGEsIUQygye2Q&utm_medium=api&utm_source=fec81443&v=2A794D54E4E11548798AD58842ECD977CBF35B40","2026-05-21"
"Senior QA Engineer","Langham Recruitment","UK","Adzuna (TotalJobs+)","QA Automation Engineer","🏢 Office | 📍 Brak lokalizacji","https://www.adzuna.co.uk/jobs/land/ad/5735348937?se=YAymKjlf8RGEsIUQygye2Q&utm_medium=api&utm_source=fec81443&v=BBBF2A4747E645A8DED28D2F9A12AB044E72F950","2026-05-20"
"Automation QA Test Engineer £70,000 - Bristol","SR2","Bristol, South West England","Adzuna (TotalJobs+)","QA Automation Engineer","🏢 Office | 🚗 1h 51min | 🚌 ~2h 35min","https://www.adzuna.co.uk/jobs/land/ad/5735348941?se=YAymKjlf8RGEsIUQygye2Q&utm_medium=api&utm_source=fec81443&v=A787D4C4706D2B044A2849420DB499CBBEA3A62D","2026-05-20"
"Senior Java Software Developer - Data Engineering","Square One Resources","UK","Adzuna (TotalJobs+)","QA Automation Engineer","🏢 Office | 📍 Brak lokalizacji","https://www.adzuna.co.uk/jobs/details/5733680558?utm_medium=api&utm_source=fec81443","2026-05-19"
"Automated Quality Assurance Engineer (Home-Based UK)","Health Partners","UK","Adzuna (TotalJobs+)","QA Automation Engineer","🔀 Hybrid | 📍 Brak lokalizacji","https://www.adzuna.co.uk/jobs/details/5733214950?utm_medium=api&utm_source=fec81443","2026-05-18"
"Lead QA Engineer (Bangor / All UK)","Trust Payments","Bangor, Gwynedd","Adzuna (TotalJobs+)","QA Automation Engineer","🏢 Office | 🚗 1h 19min | 🚌 ~2h 23min 💾","https://www.adzuna.co.uk/jobs/details/5727311899?utm_medium=api&utm_source=fec81443","2026-05-12"
"QA Automation Engineer - Homebased","Outsourced","UK","Adzuna (TotalJobs+)","QA Automation Engineer","🏢 Office | 📍 Brak lokalizacji","https://www.adzuna.co.uk/jobs/details/5726366388?utm_medium=api&utm_source=fec81443","2026-05-12"
"Engineering Manager","Myn","Manchester, Greater Manchester","Adzuna (TotalJobs+)","QA Automation Engineer","🏢 Office | 🚗 1h 13min | 🚌 ~2h 12min 💾","https://www.adzuna.co.uk/jobs/details/5715945311?utm_medium=api&utm_source=fec81443","2026-05-01"
"Sr. Quality Assurance Engineer w/Detox Testing Experience","Concentrix","UK","Adzuna (TotalJobs+)","QA Automation Engineer","🏢 Office | 📍 Brak lokalizacji","https://www.adzuna.co.uk/jobs/land/ad/5711116799?se=YAymKjlf8RGEsIUQygye2Q&utm_medium=api&utm_source=fec81443&v=F71EA2295CEF4A0B99E730E3FFBB639AD9F83C61","2026-04-26"
"DevOps Engineer","DXC Technology","UK","Adzuna (TotalJobs+)","QA Automation Engineer","🏢 Office | 📍 Brak lokalizacji","https://www.adzuna.co.uk/jobs/details/5707198284?utm_medium=api&utm_source=fec81443","2026-04-22"
"Senior QA Engineer","Vix Technology","Manchester, Greater Manchester","Adzuna (TotalJobs+)","QA Automation Engineer","🏢 Office | 🚗 1h 21min | 🚌 ~2h 26min 💾","https://www.adzuna.co.uk/jobs/details/5647323160?utm_medium=api&utm_source=fec81443","2026-02-27"
"Senior Vice President, Full-Stack Engineer","BNY","Manchester Science Park, Manchester","Adzuna (TotalJobs+)","Test Automation Engineer","🏢 Office | 🚗 1h 12min | 🚌 ~2h 10min","https://www.adzuna.co.uk/jobs/land/ad/5750107363?se=mgUYKzlf8RGnSaA_oX15vA&utm_medium=api&utm_source=fec81443&v=3F33164AD2FB6B7CF3A0D53983314403580EDDBC","2026-06-03"
"Automation Engineer","Vallum Associates Limited","Monument, Central London","Adzuna (TotalJobs+)","Test Automation Engineer","🏢 Office | 🚗 54min | 🚌 ~1h 36min","https://www.adzuna.co.uk/jobs/details/5750083066?utm_medium=api&utm_source=fec81443","2026-06-03"
"Senior Vice President, Full-Stack Engineer","BNY","Manchester, Greater Manchester","Adzuna (TotalJobs+)","Test Automation Engineer","🏢 Office | 🚗 1h 20min | 🚌 ~2h 24min","https://www.adzuna.co.uk/jobs/details/5749982350?utm_medium=api&utm_source=fec81443","2026-06-03"
"Senior Vice President, Full-Stack Engineer","BNY","Rusholme, Manchester","Adzuna (TotalJobs+)","Test Automation Engineer","🏢 Office | 🚗 1h 11min | 🚌 ~2h 7min","https://www.adzuna.co.uk/jobs/details/5749863307?utm_medium=api&utm_source=fec81443","2026-06-03"
"Senior Vice President, Full-Stack Engineer","BNY","Manchester Science Park, Manchester","Adzuna (TotalJobs+)","Test Automation Engineer","🏢 Office | 🚗 1h 12min | 🚌 ~2h 10min","https://www.adzuna.co.uk/jobs/land/ad/5749347802?se=mgUYKzlf8RGnSaA_oX15vA&utm_medium=api&utm_source=fec81443&v=4C672BA8C78391FD1A4F1DBD9B3F781F20BF1EFF","2026-06-02"
"Test Engineer","Lancesoft Europe","UK","Adzuna (TotalJobs+)","Test Automation Engineer","🏢 Office | 📍 Brak lokalizacji","https://www.adzuna.co.uk/jobs/details/5749336307?utm_medium=api&utm_source=fec81443","2026-06-02"
"Site Manager","Hays Specialist Recruitment Limited","Milton Keynes, Buckinghamshire","Adzuna (TotalJobs+)","Test Automation Engineer","🏢 Office | 🚗 2h 37min ❌ | 🚌 ~3h 40min","https://www.adzuna.co.uk/jobs/land/ad/5749334539?se=mgUYKzlf8RGnSaA_oX15vA&utm_medium=api&utm_source=fec81443&v=6263D25ECB4AAB9F3766C8E7D05EEFEF8821E31C","2026-06-02"
"Senior QA Test Engineer £70,000 - Bristol","SR2","Bristol, South West England","Adzuna (TotalJobs+)","Test Automation Engineer","🏢 Office | 🚗 1h 51min | 🚌 ~2h 35min","https://www.adzuna.co.uk/jobs/land/ad/5749243286?se=mgUYKzlf8RGnSaA_oX15vA&utm_medium=api&utm_source=fec81443&v=A789C0CB7CB47CFD0881ADDE62549370EE42A34A","2026-06-02"
"Senior Manager, Firefox Mobile Test Engineering","Mozilla","UK","Adzuna (TotalJobs+)","Test Automation Engineer","🏢 Office | 📍 Brak lokalizacji","https://www.adzuna.co.uk/jobs/details/5745454413?utm_medium=api&utm_source=fec81443","2026-05-30"
"Automation Test Engineer","Infinity Quest UK","UK","Adzuna (TotalJobs+)","Test Automation Engineer","🏢 Office | 📍 Brak lokalizacji","https://www.adzuna.co.uk/jobs/details/5744696886?utm_medium=api&utm_source=fec81443","2026-05-29"
"Python Developer - AI/ML Integration",". CGI IT UK Limited","UK","Adzuna (TotalJobs+)","Test Automation Engineer","🏢 Office | 📍 Brak lokalizacji","https://www.adzuna.co.uk/jobs/details/5743990434?utm_medium=api&utm_source=fec81443","2026-05-28"
"Infrastructure Test Automation Engineers",". CGI IT UK Limited","Gloucester, Gloucestershire","Adzuna (TotalJobs+)","Test Automation Engineer","🏢 Office | 🚗 2h 27min ❌ | 🚌 ~3h 26min 💾","https://www.adzuna.co.uk/jobs/details/5743990217?utm_medium=api&utm_source=fec81443","2026-05-28"
"Automation Test Engineer",". CGI IT UK Limited","UK","Adzuna (TotalJobs+)","Test Automation Engineer","🏢 Office | 📍 Brak lokalizacji","https://www.adzuna.co.uk/jobs/details/5743987878?utm_medium=api&utm_source=fec81443","2026-05-28"
"Automation Test Engineers",". CGI IT UK Limited","Gloucester, Gloucestershire","Adzuna (TotalJobs+)","Test Automation Engineer","🏢 Office | 🚗 2h 27min ❌ | 🚌 ~3h 26min 💾","https://www.adzuna.co.uk/jobs/details/5743987627?utm_medium=api&utm_source=fec81443","2026-05-28"
"Senior Data Engineer","Pro Contract Jobs Ltd","Warwick, Warwickshire","Adzuna (TotalJobs+)","Test Automation Engineer","🏢 Office | 🚗 2h 8min ❌ | 🚌 ~2h 59min 💾","https://www.adzuna.co.uk/jobs/details/5743673745?utm_medium=api&utm_source=fec81443","2026-05-28"
"Principal SDET/SEIT","The Portfolio Group","Manchester Science Park, Manchester","Adzuna (TotalJobs+)","SDET","🏢 Office | 🚗 1h 12min | 🚌 ~2h 10min","https://www.adzuna.co.uk/jobs/details/5750081007?utm_medium=api&utm_source=fec81443","2026-06-03"
"Software Engineer In Test (SDET)","The Portfolio Group","Manchester, Greater Manchester","Adzuna (TotalJobs+)","SDET","🏢 Office | 🚗 1h 20min | 🚌 ~2h 24min","https://www.adzuna.co.uk/jobs/land/ad/5747693649?se=QKu3Kzlf8RGF0-4C83bibg&utm_medium=api&utm_source=fec81443&v=9C8551748DEC67F74D521483F2BE4251F24CB50F","2026-06-01"
"Principal SDET/SEIT","The Portfolio Group","Manchester, Greater Manchester","Adzuna (TotalJobs+)","SDET","🏢 Office | 🚗 1h 20min | 🚌 ~2h 24min","https://www.adzuna.co.uk/jobs/land/ad/5747693108?se=QKu3Kzlf8RGF0-4C83bibg&utm_medium=api&utm_source=fec81443&v=C1F603551FCB821D5B94EEAFD1C9DE59D31BCD9D","2026-06-01"
"Principal SDET/SEIT","The Portfolio Group","Rusholme, Manchester","Adzuna (TotalJobs+)","SDET","🏢 Office | 🚗 1h 11min | 🚌 ~2h 7min","https://www.adzuna.co.uk/jobs/land/ad/5747531693?se=QKu3Kzlf8RGF0-4C83bibg&utm_medium=api&utm_source=fec81443&v=AFE69646C97A53E77BAB22EFC9B458E0803E34AD","2026-06-01"
"Software Engineer In Test (SDET)","The Portfolio Group","Rusholme, Manchester","Adzuna (TotalJobs+)","SDET","🏢 Office | 🚗 1h 11min | 🚌 ~2h 7min","https://www.adzuna.co.uk/jobs/land/ad/5747531695?se=QKu3Kzlf8RGF0-4C83bibg&utm_medium=api&utm_source=fec81443&v=7A0AF62822C6E3BA4E796211C532AE5C986C5C96","2026-06-01"
"Software Engineer / Senior QA & Test - DO-178C","DCS Recruitment","Oxfordshire, South East England","Adzuna (TotalJobs+)","SDET","🏢 Office | 🚗 2h 48min ❌ | 🚌 ~3h 55min","https://www.adzuna.co.uk/jobs/land/ad/5742298253?se=QKu3Kzlf8RGF0-4C83bibg&utm_medium=api&utm_source=fec81443&v=B84FEDAC1923E0FBCAAE14B04905D32D007EEE92","2026-05-27"
"QA Automation / SDET Engineer","Syntax Consultancy Ltd","Balsall Heath, Birmingham","Adzuna (TotalJobs+)","SDET","🏢 Office | 🚗 1h 49min | 🚌 ~2h 33min","https://www.adzuna.co.uk/jobs/land/ad/5740349601?se=QKu3Kzlf8RGF0-4C83bibg&utm_medium=api&utm_source=fec81443&v=A0514047D200C1EA08A8FDE8CEAB39C3FCEE213A","2026-05-25"
"QA Analyst / Senior QA Analyst – Insurance & Digital Platforms 3562739","Axiom Path","UK","Adzuna (TotalJobs+)","SDET","🏢 Office | 📍 Brak lokalizacji","https://www.adzuna.co.uk/jobs/details/5727332216?utm_medium=api&utm_source=fec81443","2026-05-12"
"Senior Automation Test Engineer",". CACI Limited","Bristol, South West England","Adzuna (TotalJobs+)","SDET","🏢 Office | 🚗 1h 51min | 🚌 ~2h 35min","https://www.adzuna.co.uk/jobs/details/5726028731?utm_medium=api&utm_source=fec81443","2026-05-11"
"Lead Test Engineer","InvitISE Ltd","Hyde Park, Leeds","Adzuna (TotalJobs+)","SDET","🏢 Office | 🚗 1h 54min | 🚌 ~2h 39min 💾","https://www.adzuna.co.uk/jobs/details/5722158869?utm_medium=api&utm_source=fec81443","2026-05-07"
"Senior Automation Test Engineer","CACI","Bristol, South West England","Adzuna (TotalJobs+)","SDET","🏢 Office | 🚗 1h 51min | 🚌 ~2h 35min","https://www.adzuna.co.uk/jobs/details/5722148531?utm_medium=api&utm_source=fec81443","2026-05-07"
"Senior SDET","Experian","Nottingham, Nottinghamshire","Adzuna (TotalJobs+)","SDET","🏢 Office | 🚗 2h 8min ❌ | 🚌 ~2h 59min 💾","https://www.adzuna.co.uk/jobs/details/5721953937?utm_medium=api&utm_source=fec81443","2026-05-07"
"Software Development Engineer In Test","Protect Line LTD","UK","Adzuna (TotalJobs+)","SDET","🏢 Office | 📍 Brak lokalizacji","https://www.adzuna.co.uk/jobs/details/5721848948?utm_medium=api&utm_source=fec81443","2026-05-07"
"Lead Platform Quality Architect","StarCompliance","York, North Yorkshire","Adzuna (TotalJobs+)","Software Engineer in Test","🏢 Office | 🚗 2h 18min ❌ | 🚌 ~3h 13min","https://www.adzuna.co.uk/jobs/details/5750371674?utm_medium=api&utm_source=fec81443","2026-06-03"
"Senior Engineering Manager, Web Apps","Roku","Manchester, Greater Manchester","Adzuna (TotalJobs+)","Software Engineer in Test","🏢 Office | 🚗 1h 20min | 🚌 ~2h 24min","https://www.adzuna.co.uk/jobs/details/5750348816?utm_medium=api&utm_source=fec81443","2026-06-03"
"Director, Software-Enabled Enterprise Services","Ralliant","UK","Adzuna (TotalJobs+)","Software Engineer in Test","🏢 Office | 📍 Brak lokalizacji","https://www.adzuna.co.uk/jobs/details/5749869118?utm_medium=api&utm_source=fec81443","2026-06-03"
"Director, Software-Enabled Enterprise Services","Raliant","UK","Adzuna (TotalJobs+)","Software Engineer in Test","🏢 Office | 📍 Brak lokalizacji","https://www.adzuna.co.uk/jobs/details/5748979270?utm_medium=api&utm_source=fec81443","2026-06-02"
"Software Engineer In Test (SDET)","The Portfolio Group","Manchester, Greater Manchester","Adzuna (TotalJobs+)","Software Engineer in Test","🏢 Office | 🚗 1h 20min | 🚌 ~2h 24min","https://www.adzuna.co.uk/jobs/land/ad/5747693649?se=VmdELDlf8RGF0-4C83bibg&utm_medium=api&utm_source=fec81443&v=9C8551748DEC67F74D521483F2BE4251F24CB50F","2026-06-01"
"Software Engineer In Test (SDET)","The Portfolio Group","Rusholme, Manchester","Adzuna (TotalJobs+)","Software Engineer in Test","🏢 Office | 🚗 1h 11min | 🚌 ~2h 7min","https://www.adzuna.co.uk/jobs/land/ad/5747531695?se=VmdELDlf8RGF0-4C83bibg&utm_medium=api&utm_source=fec81443&v=7A0AF62822C6E3BA4E796211C532AE5C986C5C96","2026-06-01"
"Software Development Engineer in Test","MLabs","UK","Adzuna (TotalJobs+)","Software Engineer in Test","🏢 Office | 📍 Brak lokalizacji","https://www.adzuna.co.uk/jobs/details/5747509796?utm_medium=api&utm_source=fec81443","2026-06-01"
"Software Test Engineer","Akkodis","Cheadle, Greater Manchester","Adzuna (TotalJobs+)","Software Engineer in Test","🏢 Office | 🚗 1h 6min | 🚌 ~1h 58min 💾","https://www.adzuna.co.uk/jobs/details/5747312598?utm_medium=api&utm_source=fec81443","2026-06-01"
"Software Engineer","Graphcore","Bristol, South West England","Adzuna (TotalJobs+)","Software Engineer in Test","🏢 Office | 🚗 1h 52min | 🚌 ~2h 37min 💾","https://www.adzuna.co.uk/jobs/details/5746371264?utm_medium=api&utm_source=fec81443","2026-05-31"
"Through Life Engineering Services Engineer","BAE Systems","UK","Adzuna (TotalJobs+)","Software Engineer in Test","🏢 Office | 📍 Brak lokalizacji","https://www.adzuna.co.uk/jobs/details/5746370602?utm_medium=api&utm_source=fec81443","2026-05-31"
"Head of Sub-Systems - Sea Ceptor","MBDA UK","Bristol, South West England","Adzuna (TotalJobs+)","Software Engineer in Test","🏢 Office | 🚗 1h 51min | 🚌 ~2h 35min","https://www.adzuna.co.uk/jobs/land/ad/5746363655?se=VmdELDlf8RGF0-4C83bibg&utm_medium=api&utm_source=fec81443&v=5F7B7D6D471993CC161BA1A071BC72973986A1E5","2026-05-31"
"Scientific Software Engineer","Oxford BioTherapeutics","Littlemore, Oxford","Adzuna (TotalJobs+)","Software Engineer in Test","🏢 Office | 🚗 2h 50min ❌ | 🚌 ~3h 58min 💾","https://www.adzuna.co.uk/jobs/details/5745457813?utm_medium=api&utm_source=fec81443","2026-05-30"
"Software Engineer","ITW","UK","Adzuna (TotalJobs+)","Software Engineer in Test","🏢 Office | 📍 Brak lokalizacji","https://www.adzuna.co.uk/jobs/details/5745453513?utm_medium=api&utm_source=fec81443","2026-05-30"
"Senior Through Life Engineering Services Engineer","BAE Systems","Brough, East Riding Of Yorkshire","Adzuna (TotalJobs+)","Software Engineer in Test","🏢 Office | 🚗 2h 31min ❌ | 🚌 ~3h 32min 💾","https://www.adzuna.co.uk/jobs/details/5745452741?utm_medium=api&utm_source=fec81443","2026-05-30"
"Staff Software Engineer - Inference & Performance","Runware","UK","Adzuna (TotalJobs+)","Test Engineer","🏢 Office | 📍 Brak lokalizacji","https://www.adzuna.co.uk/jobs/details/5750419365?utm_medium=api&utm_source=fec81443","2026-06-03"
"PAT Tester","PHS Group","Deritend, Birmingham","Adzuna (TotalJobs+)","Test Engineer","🏢 Office | 🚗 1h 48min | 🚌 ~2h 31min","https://www.adzuna.co.uk/jobs/details/5750395464?utm_medium=api&utm_source=fec81443","2026-06-03"
"Business Analyst","Zensar Technologies","UK","Adzuna (TotalJobs+)","Test Engineer","🏢 Office | 📍 Brak lokalizacji","https://www.adzuna.co.uk/jobs/details/5750395296?utm_medium=api&utm_source=fec81443","2026-06-03"
"Product Manager","Anaplan","Manchester, Greater Manchester","Adzuna (TotalJobs+)","Test Engineer","🏢 Office | 🚗 1h 20min | 🚌 ~2h 24min","https://www.adzuna.co.uk/jobs/details/5750392795?utm_medium=api&utm_source=fec81443","2026-06-03"
"Firmware Engineering Co-op","Moment Energy","UK","Adzuna (TotalJobs+)","Test Engineer","🏢 Office | 📍 Brak lokalizacji","https://www.adzuna.co.uk/jobs/details/5750392053?utm_medium=api&utm_source=fec81443","2026-06-03"
"Advanced Structural Test Engineer","Vertical Aerospace","UK","Adzuna (TotalJobs+)","Test Engineer","🏢 Office | 📍 Brak lokalizacji","https://www.adzuna.co.uk/jobs/details/5750372710?utm_medium=api&utm_source=fec81443","2026-06-03"
"Test and Acceptance Engineer","BAE Systems","UK","Adzuna (TotalJobs+)","Test Engineer","🏢 Office | 📍 Brak lokalizacji","https://www.adzuna.co.uk/jobs/details/5750369911?utm_medium=api&utm_source=fec81443","2026-06-03"
"Commissioning Engineer - Electrical (Strategic Weapons)","BAE Systems","UK","Adzuna (TotalJobs+)","Test Engineer","🏢 Office | 📍 Brak lokalizacji","https://www.adzuna.co.uk/jobs/details/5750365759?utm_medium=api&utm_source=fec81443","2026-06-03"
"Portable Appliance Tester","Thrive SW","Bristol, South West England","Adzuna (TotalJobs+)","Test Engineer","🏢 Office | 🚗 1h 51min | 🚌 ~2h 35min","https://www.adzuna.co.uk/jobs/details/5750365691?utm_medium=api&utm_source=fec81443","2026-06-03"
"Signalling Tester In Charge – Complex","AtkinsRéalis","UK","Adzuna (TotalJobs+)","Test Engineer","🏢 Office | 📍 Brak lokalizacji","https://www.adzuna.co.uk/jobs/land/ad/5750362706?se=KGDYLDlf8RGF0-4C83bibg&utm_medium=api&utm_source=fec81443&v=ED9787120E1BD31E5FA0F9BB6C201FF77D76AA08","2026-06-03"
"Software Engineer","Owkin","UK","Adzuna (TotalJobs+)","Test Engineer","🏢 Office | 📍 Brak lokalizacji","https://www.adzuna.co.uk/jobs/details/5750351669?utm_medium=api&utm_source=fec81443","2026-06-03"
"Senior Sprinkler Engineer","Harmony Fire","UK","Adzuna (TotalJobs+)","Test Engineer","🏢 Office | 📍 Brak lokalizacji","https://www.adzuna.co.uk/jobs/details/5750348030?utm_medium=api&utm_source=fec81443","2026-06-03"
"Network Design Data Product Owner","Zensar Technologies","UK","Adzuna (TotalJobs+)","Test Engineer","🏢 Office | 📍 Brak lokalizacji","https://www.adzuna.co.uk/jobs/details/5750347175?utm_medium=api&utm_source=fec81443","2026-06-03"
"Product Manager","Anaplan","York, North Yorkshire","Adzuna (TotalJobs+)","Test Engineer","🏢 Office | 🚗 2h 18min ❌ | 🚌 ~3h 13min","https://www.adzuna.co.uk/jobs/details/5750345743?utm_medium=api&utm_source=fec81443","2026-06-03"
"Mid-Level Software Engineer","Maxcontact","Manchester, Greater Manchester","Adzuna (TotalJobs+)","Test Engineer","🏢 Office | 🚗 1h 20min | 🚌 ~2h 24min","https://www.adzuna.co.uk/jobs/details/5750345510?utm_medium=api&utm_source=fec81443","2026-06-03"
"Mobile Software Engineer III, iCasino - UK","Fanatics Betting & Gaming","Leeds, West Yorkshire","Adzuna (TotalJobs+)","Test Engineer","🏢 Office | 🚗 1h 57min | 🚌 ~2h 44min","https://www.adzuna.co.uk/jobs/details/5750345383?utm_medium=api&utm_source=fec81443","2026-06-03"
"Senior AI Software Engineer","Ideagen","Ruddington, Nottingham","Adzuna (TotalJobs+)","Test Engineer","🏢 Office | 🚗 2h 1min ❌ | 🚌 ~2h 49min","https://www.adzuna.co.uk/jobs/details/5750343908?utm_medium=api&utm_source=fec81443","2026-06-03"
"Senior Front End Developer – Web And Mobile","All About Us","UK","Adzuna (TotalJobs+)","Test Engineer","🏢 Office | 📍 Brak lokalizacji","https://www.adzuna.co.uk/jobs/details/5750342552?utm_medium=api&utm_source=fec81443","2026-06-03"
"Electronics Design Engineer Test Equipment","Guidant Global","Bolton, Greater Manchester","Adzuna (TotalJobs+)","Test Engineer","🏢 Office | 🚗 1h 10min | 🚌 ~2h 5min","https://www.adzuna.co.uk/jobs/land/ad/5750295302?se=KGDYLDlf8RGF0-4C83bibg&utm_medium=api&utm_source=fec81443&v=8F96E12D28CE6979E5B65D2244785985BF2D45F1","2026-06-03"
"Gas Engineer","Millers Vanguard","Sheffield, South Yorkshire","Adzuna (TotalJobs+)","Test Engineer","🏢 Office | 🚗 2h 14min ❌ | 🚌 ~3h 8min","https://www.adzuna.co.uk/jobs/land/ad/5750202768?se=KGDYLDlf8RGF0-4C83bibg&utm_medium=api&utm_source=fec81443&v=65C230AE886553A123CBD37686BC6E7502EC2C02","2026-06-03"
"Assembler","Orion","Oldham, Greater Manchester","Adzuna (TotalJobs+)","Test Engineer","🏢 Office | 🚗 1h 25min | 🚌 ~2h","https://www.adzuna.co.uk/jobs/land/ad/5750118366?se=KGDYLDlf8RGF0-4C83bibg&utm_medium=api&utm_source=fec81443&v=0B631E083F7FFF21E0B28A6EF1E7CCE0BDB2B6FA","2026-06-03"
"Laboratory Technician","Intertek","Little Stoke, Bristol","Adzuna (TotalJobs+)","Test Engineer","🏢 Office | 🚗 2h 48min ❌ | 🚌 ~3h 55min","https://www.adzuna.co.uk/jobs/land/ad/5750111913?se=KGDYLDlf8RGF0-4C83bibg&utm_medium=api&utm_source=fec81443&v=ABFC682C0EFEA1F912F3D7908DD3C75E6D384DE5","2026-06-03"
"Vice President, Full-Stack Engineer","BNY","Manchester Science Park, Manchester","Adzuna (TotalJobs+)","Test Engineer","🏢 Office | 🚗 1h 12min | 🚌 ~2h 10min","https://www.adzuna.co.uk/jobs/land/ad/5750107364?se=KGDYLDlf8RGF0-4C83bibg&utm_medium=api&utm_source=fec81443&v=2F2D22A134CBAAE233B1FF23FF86FF6B5C514145","2026-06-03"
"Senior Vice President, Full-Stack Engineer","BNY","Manchester Science Park, Manchester","Adzuna (TotalJobs+)","Test Engineer","🏢 Office | 🚗 1h 12min | 🚌 ~2h 10min","https://www.adzuna.co.uk/jobs/land/ad/5750107363?se=KGDYLDlf8RGF0-4C83bibg&utm_medium=api&utm_source=fec81443&v=3F33164AD2FB6B7CF3A0D53983314403580EDDBC","2026-06-03"
"Mechanical Package Manager – Data Centre Construction","Breagh Recruitment","UK","Adzuna (TotalJobs+)","QA Lead","🏢 Office | 📍 Brak lokalizacji","https://www.adzuna.co.uk/jobs/details/5749888365?utm_medium=api&utm_source=fec81443","2026-06-03"
"Senior Engineering Manager","URENCO UK Ltd","Capenhurst, Chester","Adzuna (TotalJobs+)","QA Lead","🏢 Office | 🚗 36min | 🚌 ~1h 5min","https://www.adzuna.co.uk/jobs/land/ad/5749731770?se=Tt-CLTlf8RGF0-4C83bibg&utm_medium=api&utm_source=fec81443&v=548ABA4CADE28BEA5DCA2D283E324CD82990E85E","2026-06-02"
"IT Audit Manager","Hargreaves Lansdown","Bristol, South West England","Adzuna (TotalJobs+)","QA Lead","🏢 Office | 🚗 1h 51min | 🚌 ~2h 35min","https://www.adzuna.co.uk/jobs/details/5749355024?utm_medium=api&utm_source=fec81443","2026-06-02"
"Product Manager","Tagged Resources Ltd","Humberstone, Leicester","Adzuna (TotalJobs+)","QA Lead","🏢 Office | 🚗 2h 20min ❌ | 🚌 ~3h 16min","https://www.adzuna.co.uk/jobs/land/ad/5749346882?se=Tt-CLTlf8RGF0-4C83bibg&utm_medium=api&utm_source=fec81443&v=5DE68D0B10ED44B3FCF8B2C20EB7D82D22E0EB6B","2026-06-02"
"Compliance & QA Lead","Opus Recruitment Solutions","Hyde Park, Leeds","Adzuna (TotalJobs+)","QA Lead","🏢 Office | 🚗 1h 52min | 🚌 ~2h 37min","https://www.adzuna.co.uk/jobs/land/ad/5749344666?se=Tt-CLTlf8RGF0-4C83bibg&utm_medium=api&utm_source=fec81443&v=AD705D7A3E11F8F079B30ED97C5AF7331F6F26B5","2026-06-02"
"Registered Manager","Brayson Consulting Ltd","Holcot, Northampton","Adzuna (TotalJobs+)","QA Lead","🏢 Office | 🚗 2h 23min ❌ | 🚌 ~3h 20min","https://www.adzuna.co.uk/jobs/land/ad/5748577339?se=Tt-CLTlf8RGF0-4C83bibg&utm_medium=api&utm_source=fec81443&v=D180370F42BF79B2AB2937DCC845EF4C632EFDE2","2026-06-02"
"Head of IT Governance","Canopius Services","Manchester, Greater Manchester","Adzuna (TotalJobs+)","QA Lead","🏢 Office | 🚗 1h 23min | 🚌 ~2h 30min 💾","https://www.adzuna.co.uk/jobs/details/5748235655?utm_medium=api&utm_source=fec81443","2026-06-01"
"QA Manager","Samworth Brothers","Leicester, Leicestershire","Adzuna (TotalJobs+)","QA Lead","🏢 Office | 🚗 2h 22min ❌ | 🚌 ~3h 19min 💾","https://www.adzuna.co.uk/jobs/details/5747559536?utm_medium=api&utm_source=fec81443","2026-06-01"
"Software Testing Work Placement","London Success Academy","UK","Adzuna (TotalJobs+)","QA Lead","🏢 Office | 📍 Brak lokalizacji","https://www.adzuna.co.uk/jobs/details/5747312939?utm_medium=api&utm_source=fec81443","2026-06-01"
"Onsite Sr. Coordinator, Technical Services","Resonant","UK","Adzuna (TotalJobs+)","QA Lead","🏢 Office | 📍 Brak lokalizacji","https://www.adzuna.co.uk/jobs/details/5746372863?utm_medium=api&utm_source=fec81443","2026-05-31"
"QA Automation Engineer","","United Kingdom","Glassdoor","Software QA Automation Engineer","🏢 Office | 📍 Brak lokalizacji","https://www.glassdoor.co.uk/job-listing/qa-automation-engineer-dazzle-commercial-office-cleaning-london-JV_KO0,22_KE23,63.htm?jl=1010076641802",""
"Lead Quality Assurance Engineer","","United Kingdom","Glassdoor","Software QA Automation Engineer","🏢 Office | 📍 Brak lokalizacji","https://www.glassdoor.co.uk/job-listing/lead-quality-assurance-engineer-hudl-JV_KO0,31_KE32,36.htm?jl=1009998086830",""
"QA Engineer","","Manchester, England","Glassdoor","Software QA Automation Engineer","🏢 Office | 🚗 1h 27min | 🚌 ~2h 36min 💾","https://www.glassdoor.co.uk/job-listing/qa-engineer-clio-JV_IC2691218_KO0,11_KE12,16.htm?jl=1010076335947",""
"Senior QA Engineer","","Manchester, England","Glassdoor","Software QA Automation Engineer","🏢 Office | 🚗 1h 20min | 🚌 ~2h 24min","https://www.glassdoor.co.uk/job-listing/senior-qa-engineer-sefe-marketing-trading-JV_IC2691218_KO0,18_KE19,41.htm?jl=1010148415803",""
"Software Engineer in Test Automation","","United Kingdom","Glassdoor","Software QA Automation Engineer","🏢 Office | 📍 Brak lokalizacji","https://www.glassdoor.co.uk/job-listing/software-engineer-in-test-automation-financial-times-JV_KO0,36_KE37,52.htm?jl=1010080305298",""