Title,Company,Location,Board,Search Term,Commute,URL,Posted
"Sr. Quality Assurance Engineer w/Detox Testing Experience","Concentrix","Remote","Indeed","Software QA Automation Engineer","🌐 Remote","https://uk.indeed.com/rc/clk?jk=6c8cafd003b48099&bb=nFNL1SZK-1bBpz6evpHalFa1F1_WyZhRpeTfBRV2n6H6HT8C2iw14xNZYf3OkIsZvDAJaSchz4Q7j3jJ4y2xpNvuZk8VBDhS5TBBj2ORUAexy7JneZCk99wo6hrpreD10zX-UgP6X2yJ9P3mKZG5u2vjxQDT2XYhgcxlD4Z8588%3D&xkcb=SoDM67M3klNTqMW2mJ0PbzkdCdPP&fccid=773041d0d31c442a&vjs=3",""
"QA test engineer","","Remote","Glassdoor","Software QA Engineer","🌐 Remote","https://www.glassdoor.co.uk/job-listing/qa-test-engineer-schemeserve-JV_KO0,16_KE17,28.htm?jl=1010109347973",""
"QA Engineer (Remote)","","Remote","Glassdoor","Software QA Engineer","🌐 Remote","https://www.glassdoor.co.uk/job-listing/qa-engineer-remote-remotestar-JV_KO0,18_KE19,29.htm?jl=1009426005158",""
"QA Engineer - Core Database (remote)","","Remote","Glassdoor","Software QA Engineer","🌐 Remote","https://www.glassdoor.co.uk/job-listing/qa-engineer-core-database-remote-clickhouse-JV_KO0,32_KE33,43.htm?jl=1009950493128",""
"QA Engineer for Mobile (Remote)","","Remote","Glassdoor","Software QA Engineer","🌐 Remote","https://www.glassdoor.co.uk/job-listing/qa-engineer-for-mobile-remote-veeva-systems-JV_KO0,29_KE30,43.htm?jl=1010083040565",""
"Software Test Engineer QA","","Remote","Glassdoor","Software QA Engineer","🌐 Remote","https://www.glassdoor.co.uk/job-listing/software-test-engineer-qa-yo-it-consulting-JV_KO0,25_KE26,42.htm?jl=1010050986057",""
"Middle QA Automation Engineer","","Remote","Glassdoor","Software QA Engineer","🌐 Remote","https://www.glassdoor.co.uk/job-listing/middle-qa-automation-engineer-mad-devs-JV_KO0,29_KE30,38.htm?jl=1009872368356",""
"Senior QA Engineer","","Remote","Glassdoor","Software QA Engineer","🌐 Remote","https://www.glassdoor.co.uk/job-listing/senior-qa-engineer-veeva-systems-JV_KO0,18_KE19,32.htm?jl=1010102287966",""
"Junior Software QA Engineer","Audiebant Ltd","Preston PR4 2SH","Indeed","Software QA Automation Engineer","🏢 Office | 🚗 1h 24min | 🚌 ~1h 58min","https://uk.indeed.com/pagead/clk?mo=r&ad=-6NYlbfkN0BMdcltvo3vtriz2jx6DZWe4Vep-uyygaUM5hHmTqTnZwoxwB1d7K12dr_lFnOLIRfhbaHQCm2D5ByGmS8qLm31CLvIc2KkskbsIHUqbjUpdUHBOLJIi9Bf2cWHMzb5GYpwsIXMIFcJyviwXLYHaaYYAZX4ufKMVRvPkMdephVbzFmPldThatietNREsUfCvGEe8uNeFvP8gitJdFRPUhtC8LmbS8qoNH9EwAAXc3vJiMrWxyoxkhEoxIFqICwR6QBOGTG7PWZn-RaUMLjpgV6kD54OQ01N7Ta0uujwLBcnmq7EUptWAsGEWRwMIhArke9xwGk6iTYO7VdF_NOX_n89wv7djpXRcKEQbJ5_bNWHChZBksfaBHwo-MnNafSuibUSdBvQtqIBeUOB21W3H2tyOCbx-2ZjFTTZxIYTSyouhosGHDg1FaU8Z74NTdwEXbUQhXSHxZ17YKXyYddPSP_FwtMkyKGYzK5PcDjgs8WVG4qXfIbaQbVQttUT89XHD7dImpvWUsW26LEF7msZUg3zSEmRBZALbQbUaqZ094bGu2AbuyIq3eyGvJNL5B8fWAqlK-vxaqUdKvY_Jbw_vyYNTyhSkCSKQYMsE2dUnGCZFbgJ2xMdKJ0oGJpb1EiYzzF5B8EhSLv5mJ6XOoOzAg6apiOMPMt2HvsMUhdEV-swzOnPpE9KTj73jKzDLgEf03A9e11KEyYGh1RwU7sdlzFTzFjbR-KL_tSXGl3ZpYIyXA==&xkcb=SoCf6_M3klNTqMW2mJ0KbzkdCdPP&camk=C3EPSzFlQw_ZJrWsVp7qSg==&p=0&fvj=0&vjs=3",""
"Test Automation Engineer","EPAM Systems, Inc.","Hybrid work in Belfast","Indeed","Software QA Automation Engineer","🔀 Hybrid | 🚗 2h 13min ❌ | 🚌 ~3h 7min","https://uk.indeed.com/rc/clk?jk=693acea027ccca82&bb=nFNL1SZK-1bBpz6evpHalBA-T5zhhBpkOTf3XiWbh0llkjby7xte4F_NXB9aEFXu5s2vANI2HETQu8Q4DQ2fDlJ777IfTrLIqqbOY_hiYf42Emhw37QWP20purch_6WY-i0_Hb1KFxVu1GcGYsSWAUhttmQjZcRJWRBXgtBTLq8%3D&xkcb=SoD267M3klNTqMW2mJ0JbzkdCdPP&fccid=532afac41b2663f7&vjs=3",""
"Senior Mobile QA","Waracle","Hybrid work in Glasgow","Indeed","Software QA Automation Engineer","🔀 Hybrid | 🚗 2h 35min ❌ | 🚌 ~3h 37min","https://uk.indeed.com/rc/clk?jk=dddb007c3204ecb5&bb=nFNL1SZK-1bBpz6evpHalDt4omZDcYdre841hi8nCxBx4Hp4uu-HkOosUNv1zOqXQYX-adH5AiAAOmueiGGDTZ_0HBZBWeKx9YScO0ZvOqsMd7gy0-rrmzfdZ1zR_knOk7KcFHzLNjW21i0G3Nsi50E5RT_HW8iZFRQqu0lRJdY%3D&xkcb=SoDl67M3klNTqMW2mJ0NbzkdCdPP&fccid=bbd2032bce027b72&vjs=3",""
"QA Engineer (Manual & Automation)","Pinewood.AI","Hybrid work in Solihull","Indeed","Software QA Automation Engineer","🔀 Hybrid | 🚗 1h 59min | 🚌 ~2h 47min","https://uk.indeed.com/rc/clk?jk=1fd23f5e0f6c941a&bb=nFNL1SZK-1bBpz6evpHalH-acVEGK3tMU7QdyXADo1ZonwyIzWKkyhMofAptqg3lEMxpf-mquEE6a60SdNtj1XR9Izq8tkGH3EzSyO6E8RgRPkZGU0bjxOnIH3BT1iczRWECg75lli-jXzxAXkKMhXXONTUIkukdnKrZsKik9Y8%3D&xkcb=SoBR67M3klNTqMW2mJ0MbzkdCdPP&fccid=caf727ee60579f19&vjs=3",""
"QA Analyst","CMap","Hybrid work in Manchester M2","Indeed","Software QA Automation Engineer","🔀 Hybrid | 🚗 1h 20min | 🚌 ~2h 25min","https://uk.indeed.com/rc/clk?jk=b00d26b3f97f7eb5&bb=nFNL1SZK-1bBpz6evpHalLg5Ej5wMeqqCGwrml7cr1MSbhyuoBBFIhzm4D1-CMMOon0ylJvff36NzsNtq4liL_no9Qg8o3GlZ61D2uv-t32NGt4vT-ml2vfrqQmqYR1i9OYzFKvQX6GBaktw-SKF0c0DBoPiqntIhNIBikq1y9g%3D&xkcb=SoAf67M3klNTqMW2mJ0GbzkdCdPP&fccid=6a700c1317f93629&vjs=3",""
"Software QA Engineer","","","Reed","Software QA Engineer","🏢 Office | 📍 Location not provided","https://www.reed.co.uk/jobs/software-qa-engineer/56812917?source=searchResults&filter=%2Fjobs%2Fsoftware-qa-engineer-jobs-in-united-kingdom",""
"Automation Software Test Engineer","","","Reed","Software QA Engineer","🏢 Office | 📍 Location not provided","https://www.reed.co.uk/jobs/automation-software-test-engineer/56806646?source=searchResults&filter=%2Fjobs%2Fsoftware-qa-engineer-jobs-in-united-kingdom",""
"Software/Firmware Test Engineer","","","Reed","Software QA Engineer","🏢 Office | 📍 Location not provided","https://www.reed.co.uk/jobs/software-firmware-test-engineer/56735761?source=searchResults&filter=%2Fjobs%2Fsoftware-qa-engineer-jobs-in-united-kingdom",""
"QA Engineer- Selenium Experience","","","Reed","Software QA Engineer","🏢 Office | 📍 Location not provided","https://www.reed.co.uk/jobs/qa-engineer-selenium-experience/56765039?source=searchResults&filter=%2Fjobs%2Fsoftware-qa-engineer-jobs-in-united-kingdom",""
"Senior Software Tester","","","Reed","Software QA Engineer","🏢 Office | 📍 Location not provided","https://www.reed.co.uk/jobs/senior-software-tester/56708334?source=searchResults&filter=%2Fjobs%2Fsoftware-qa-engineer-jobs-in-united-kingdom",""
"Software Test Analyst","","","Reed","Software QA Engineer","🏢 Office | 📍 Location not provided","https://www.reed.co.uk/jobs/software-test-analyst/56691744?source=searchResults&filter=%2Fjobs%2Fsoftware-qa-engineer-jobs-in-united-kingdom",""
"Software Engineer","","","Reed","Software QA Engineer","🏢 Office | 📍 Location not provided","https://www.reed.co.uk/jobs/software-engineer/56788847?source=searchResults&filter=%2Fjobs%2Fsoftware-qa-engineer-jobs-in-united-kingdom",""
"Software Quality Engineer","","","Reed","Software QA Engineer","🏢 Office | 📍 Location not provided","https://www.reed.co.uk/jobs/software-quality-engineer/56698833?source=searchResults&filter=%2Fjobs%2Fsoftware-qa-engineer-jobs-in-united-kingdom",""
"QA Engineer","","","Reed","Software QA Engineer","🏢 Office | 📍 Location not provided","https://www.reed.co.uk/jobs/qa-engineer/56814982?source=searchResults&filter=%2Fjobs%2Fsoftware-qa-engineer-jobs-in-united-kingdom",""
"QA Engineer","","","Reed","Software QA Engineer","🏢 Office | 📍 Location not provided","https://www.reed.co.uk/jobs/qa-engineer/56793724?source=searchResults&filter=%2Fjobs%2Fsoftware-qa-engineer-jobs-in-united-kingdom",""
"Lead QA Engineer","","","Reed","Software QA Engineer","🏢 Office | 📍 Location not provided","https://www.reed.co.uk/jobs/lead-qa-engineer/56664665?source=searchResults&filter=%2Fjobs%2Fsoftware-qa-engineer-jobs-in-united-kingdom",""
"Q&A Test Engineer","","","Reed","Software QA Engineer","🏢 Office | 📍 Location not provided","https://www.reed.co.uk/jobs/q-a-test-engineer/56749452?source=searchResults&filter=%2Fjobs%2Fsoftware-qa-engineer-jobs-in-united-kingdom",""
"Q&A Test Engineer","","","Reed","Software QA Engineer","🏢 Office | 📍 Location not provided","https://www.reed.co.uk/jobs/q-a-test-engineer/56759740?source=searchResults&filter=%2Fjobs%2Fsoftware-qa-engineer-jobs-in-united-kingdom",""
"Q&A Test Engineer","","","Reed","Software QA Engineer","🏢 Office | 📍 Location not provided","https://www.reed.co.uk/jobs/q-a-test-engineer/56686434?source=searchResults&filter=%2Fjobs%2Fsoftware-qa-engineer-jobs-in-united-kingdom",""
"Junior Automation QA Engineer","","","Reed","Software QA Engineer","🏢 Office | 📍 Location not provided","https://www.reed.co.uk/jobs/junior-automation-qa-engineer/56812839?source=searchResults&filter=%2Fjobs%2Fsoftware-qa-engineer-jobs-in-united-kingdom",""
"QA Engineer","","","Reed","Software QA Engineer","🏢 Office | 📍 Location not provided","https://www.reed.co.uk/jobs/qa-engineer/56789104?source=searchResults&filter=%2Fjobs%2Fsoftware-qa-engineer-jobs-in-united-kingdom",""
"Lead Quality Engineer","","","Reed","Software QA Engineer","🏢 Office | 📍 Location not provided","https://www.reed.co.uk/jobs/lead-quality-engineer/56812312?source=searchResults&filter=%2Fjobs%2Fsoftware-qa-engineer-jobs-in-united-kingdom",""
"QA Chapter Lead","","","Reed","Software QA Engineer","🏢 Office | 📍 Location not provided","https://www.reed.co.uk/jobs/qa-chapter-lead/56718142?source=searchResults&filter=%2Fjobs%2Fsoftware-qa-engineer-jobs-in-united-kingdom",""
"Senior Software Tester","","","Reed","Software QA Engineer","🏢 Office | 📍 Location not provided","https://www.reed.co.uk/jobs/senior-software-tester/56774708?source=searchResults&filter=%2Fjobs%2Fsoftware-qa-engineer-jobs-in-united-kingdom",""
"Test Engineer","","","Reed","Software QA Engineer","🏢 Office | 📍 Location not provided","https://www.reed.co.uk/jobs/test-engineer/56800625?source=searchResults&filter=%2Fjobs%2Fsoftware-qa-engineer-jobs-in-united-kingdom",""
"Test Engineer","","","Reed","Software QA Engineer","🏢 Office | 📍 Location not provided","https://www.reed.co.uk/jobs/test-engineer/56822662?source=searchResults&filter=%2Fjobs%2Fsoftware-qa-engineer-jobs-in-united-kingdom",""
"QA Chapter Lead","","","Reed","Software QA Engineer","🏢 Office | 📍 Location not provided","https://www.reed.co.uk/jobs/qa-chapter-lead/56693754?source=searchResults&filter=%2Fjobs%2Fsoftware-qa-engineer-jobs-in-united-kingdom",""
"Quality Engineer","","","Reed","Software QA Engineer","🏢 Office | 📍 Location not provided","https://www.reed.co.uk/jobs/quality-engineer/56749696?source=searchResults&filter=%2Fjobs%2Fsoftware-qa-engineer-jobs-in-united-kingdom",""
"Quality Engineer","","","Reed","Software QA Engineer","🏢 Office | 📍 Location not provided","https://www.reed.co.uk/jobs/quality-engineer/56679074?source=searchResults&filter=%2Fjobs%2Fsoftware-qa-engineer-jobs-in-united-kingdom",""
"Software Tester","","","Reed","Software QA Engineer","🏢 Office | 📍 Location not provided","https://www.reed.co.uk/jobs/software-tester/56675800?source=searchResults&filter=%2Fjobs%2Fsoftware-qa-engineer-jobs-in-united-kingdom",""
"Automation Software Test Engineer","","","Reed","Software QA Automation Engineer","🏢 Office | 📍 Location not provided","https://www.reed.co.uk/jobs/automation-software-test-engineer/56806646?source=searchResults&filter=%2Fjobs%2Fsoftware-qa-automation-engineer-jobs-in-united-kingdom",""
"Software QA Engineer","","","Reed","Software QA Automation Engineer","🏢 Office | 📍 Location not provided","https://www.reed.co.uk/jobs/software-qa-engineer/56812917?source=searchResults&filter=%2Fjobs%2Fsoftware-qa-automation-engineer-jobs-in-united-kingdom",""
"Software/Firmware Test Engineer","","","Reed","Software QA Automation Engineer","🏢 Office | 📍 Location not provided","https://www.reed.co.uk/jobs/software-firmware-test-engineer/56735761?source=searchResults&filter=%2Fjobs%2Fsoftware-qa-automation-engineer-jobs-in-united-kingdom",""
"QA Engineer- Selenium Experience","","","Reed","Software QA Automation Engineer","🏢 Office | 📍 Location not provided","https://www.reed.co.uk/jobs/qa-engineer-selenium-experience/56765039?source=searchResults&filter=%2Fjobs%2Fsoftware-qa-automation-engineer-jobs-in-united-kingdom",""
"Software Test Analyst","","","Reed","Software QA Automation Engineer","🏢 Office | 📍 Location not provided","https://www.reed.co.uk/jobs/software-test-analyst/56691744?source=searchResults&filter=%2Fjobs%2Fsoftware-qa-automation-engineer-jobs-in-united-kingdom",""
"Software Engineer Apprentice","","","Reed","Software QA Automation Engineer","🏢 Office | 📍 Location not provided","https://www.reed.co.uk/jobs/software-engineer-apprentice/56801791?source=searchResults&filter=%2Fjobs%2Fsoftware-qa-automation-engineer-jobs-in-united-kingdom",""
"Junior Automation QA Engineer","","","Reed","Software QA Automation Engineer","🏢 Office | 📍 Location not provided","https://www.reed.co.uk/jobs/junior-automation-qa-engineer/56812839?source=searchResults&filter=%2Fjobs%2Fsoftware-qa-automation-engineer-jobs-in-united-kingdom",""
"Lead QA Engineer","","","Reed","Software QA Automation Engineer","🏢 Office | 📍 Location not provided","https://www.reed.co.uk/jobs/lead-qa-engineer/56664665?source=searchResults&filter=%2Fjobs%2Fsoftware-qa-automation-engineer-jobs-in-united-kingdom",""
"QA Engineer","","","Reed","Software QA Automation Engineer","🏢 Office | 📍 Location not provided","https://www.reed.co.uk/jobs/qa-engineer/56793724?source=searchResults&filter=%2Fjobs%2Fsoftware-qa-automation-engineer-jobs-in-united-kingdom",""
"Lead Quality Engineer","","","Reed","Software QA Automation Engineer","🏢 Office | 📍 Location not provided","https://www.reed.co.uk/jobs/lead-quality-engineer/56812312?source=searchResults&filter=%2Fjobs%2Fsoftware-qa-automation-engineer-jobs-in-united-kingdom",""
"Q&A Test Engineer","","","Reed","Software QA Automation Engineer","🏢 Office | 📍 Location not provided","https://www.reed.co.uk/jobs/q-a-test-engineer/56759740?source=searchResults&filter=%2Fjobs%2Fsoftware-qa-automation-engineer-jobs-in-united-kingdom",""
"Q&A Test Engineer","","","Reed","Software QA Automation Engineer","🏢 Office | 📍 Location not provided","https://www.reed.co.uk/jobs/q-a-test-engineer/56686434?source=searchResults&filter=%2Fjobs%2Fsoftware-qa-automation-engineer-jobs-in-united-kingdom",""
"Q&A Test Engineer","","","Reed","Software QA Automation Engineer","🏢 Office | 📍 Location not provided","https://www.reed.co.uk/jobs/q-a-test-engineer/56749452?source=searchResults&filter=%2Fjobs%2Fsoftware-qa-automation-engineer-jobs-in-united-kingdom",""
"QA Engineer","","","Reed","Software QA Automation Engineer","🏢 Office | 📍 Location not provided","https://www.reed.co.uk/jobs/qa-engineer/56789104?source=searchResults&filter=%2Fjobs%2Fsoftware-qa-automation-engineer-jobs-in-united-kingdom",""
"AI & Digital Support Apprentice","","","Reed","Software QA Automation Engineer","🏢 Office | 📍 Location not provided","https://www.reed.co.uk/jobs/ai-digital-support-apprentice/56806607?source=searchResults&filter=%2Fjobs%2Fsoftware-qa-automation-engineer-jobs-in-united-kingdom",""
"Tester/ Full Stack Quality Engineer - Katalon, Hybrid - London","","","Reed","Software QA Automation Engineer","🔀 Hybrid | 📍 Location not provided","https://www.reed.co.uk/jobs/tester-full-stack-quality-engineer-katalon-hybrid-london/56782949?source=searchResults&filter=%2Fjobs%2Fsoftware-qa-automation-engineer-jobs-in-united-kingdom",""
"Software Tester","","","Reed","Software QA Automation Engineer","🏢 Office | 📍 Location not provided","https://www.reed.co.uk/jobs/software-tester/56675800?source=searchResults&filter=%2Fjobs%2Fsoftware-qa-automation-engineer-jobs-in-united-kingdom",""
"Senior Software Engineer (Test)","","","Reed","Software QA Automation Engineer","🏢 Office | 📍 Location not provided","https://www.reed.co.uk/jobs/senior-software-engineer-test/56758314?source=searchResults&filter=%2Fjobs%2Fsoftware-qa-automation-engineer-jobs-in-united-kingdom",""
"Data Analyst Apprentice","","","Reed","Software QA Automation Engineer","🏢 Office | 📍 Location not provided","https://www.reed.co.uk/jobs/data-analyst-apprentice/56710393?source=searchResults&filter=%2Fjobs%2Fsoftware-qa-automation-engineer-jobs-in-united-kingdom",""
"Test Engineer","","","Reed","Software QA Automation Engineer","🏢 Office | 📍 Location not provided","https://www.reed.co.uk/jobs/test-engineer/56822662?source=searchResults&filter=%2Fjobs%2Fsoftware-qa-automation-engineer-jobs-in-united-kingdom",""
"Software Test Engineer","","","Reed","Software QA Automation Engineer","🏢 Office | 📍 Location not provided","https://www.reed.co.uk/jobs/software-test-engineer/56818780?source=searchResults&filter=%2Fjobs%2Fsoftware-qa-automation-engineer-jobs-in-united-kingdom",""
"Test Engineer","","","Reed","Software QA Automation Engineer","🏢 Office | 📍 Location not provided","https://www.reed.co.uk/jobs/test-engineer/56800625?source=searchResults&filter=%2Fjobs%2Fsoftware-qa-automation-engineer-jobs-in-united-kingdom",""
"Senior Software Tester","","","Reed","Software QA Automation Engineer","🏢 Office | 📍 Location not provided","https://www.reed.co.uk/jobs/senior-software-tester/56708334?source=searchResults&filter=%2Fjobs%2Fsoftware-qa-automation-engineer-jobs-in-united-kingdom",""
"Quality Engineer","","","Reed","Software QA Automation Engineer","🏢 Office | 📍 Location not provided","https://www.reed.co.uk/jobs/quality-engineer/56812768?source=searchResults&filter=%2Fjobs%2Fsoftware-qa-automation-engineer-jobs-in-united-kingdom",""
"Quality Engineer","","","Reed","Software QA Automation Engineer","🏢 Office | 📍 Location not provided","https://www.reed.co.uk/jobs/quality-engineer/56694179?source=searchResults&filter=%2Fjobs%2Fsoftware-qa-automation-engineer-jobs-in-united-kingdom",""
"Test Lead","","","Reed","Testing Lead","🏢 Office | 📍 Location not provided","https://www.reed.co.uk/jobs/test-lead/56801432?source=searchResults&filter=%2Fjobs%2Ftesting-lead-jobs-in-united-kingdom",""
"QA Test Lead","","","Reed","Testing Lead","🏢 Office | 📍 Location not provided","https://www.reed.co.uk/jobs/qa-test-lead/56821661?source=searchResults&filter=%2Fjobs%2Ftesting-lead-jobs-in-united-kingdom",""
"Test Automation Lead","","","Reed","Testing Lead","🏢 Office | 📍 Location not provided","https://www.reed.co.uk/jobs/test-automation-lead/56804787?source=searchResults&filter=%2Fjobs%2Ftesting-lead-jobs-in-united-kingdom",""
"Test Lead","","","Reed","Testing Lead","🏢 Office | 📍 Location not provided","https://www.reed.co.uk/jobs/test-lead/56652704?source=searchResults&filter=%2Fjobs%2Ftesting-lead-jobs-in-united-kingdom",""
"Test Lead","","","Reed","Testing Lead","🏢 Office | 📍 Location not provided","https://www.reed.co.uk/jobs/test-lead/56689532?source=searchResults&filter=%2Fjobs%2Ftesting-lead-jobs-in-united-kingdom",""
"Software Test Lead","","","Reed","Testing Lead","🏢 Office | 📍 Location not provided","https://www.reed.co.uk/jobs/software-test-lead/56698262?source=searchResults&filter=%2Fjobs%2Ftesting-lead-jobs-in-united-kingdom",""
"Security Test Lead","","","Reed","Testing Lead","🏢 Office | 📍 Location not provided","https://www.reed.co.uk/jobs/security-test-lead/56752614?source=searchResults&filter=%2Fjobs%2Ftesting-lead-jobs-in-united-kingdom",""
"Penetration Test Lead","","","Reed","Testing Lead","🏢 Office | 📍 Location not provided","https://www.reed.co.uk/jobs/penetration-test-lead/56694853?source=searchResults&filter=%2Fjobs%2Ftesting-lead-jobs-in-united-kingdom",""
"Electronics Test Lead","","","Reed","Testing Lead","🏢 Office | 📍 Location not provided","https://www.reed.co.uk/jobs/electronics-test-lead/56719905?source=searchResults&filter=%2Fjobs%2Ftesting-lead-jobs-in-united-kingdom",""
"Test Lead","","","Reed","Testing Lead","🏢 Office | 📍 Location not provided","https://www.reed.co.uk/jobs/test-lead/56732007?source=searchResults&filter=%2Fjobs%2Ftesting-lead-jobs-in-united-kingdom",""
"Test Lead with Active SC Clearance - London/Corsham, UK","","","Reed","Testing Lead","🏢 Office | 📍 Location not provided","https://www.reed.co.uk/jobs/test-lead-with-active-sc-clearance-london-corsham-uk/56818623?source=searchResults&filter=%2Fjobs%2Ftesting-lead-jobs-in-united-kingdom",""
"Test Engineer","","","Reed","Testing Lead","🏢 Office | 📍 Location not provided","https://www.reed.co.uk/jobs/test-engineer/56822662?source=searchResults&filter=%2Fjobs%2Ftesting-lead-jobs-in-united-kingdom",""
"Principal Test Engineer","","","Reed","Testing Lead","🏢 Office | 📍 Location not provided","https://www.reed.co.uk/jobs/principal-test-engineer/56732543?source=searchResults&filter=%2Fjobs%2Ftesting-lead-jobs-in-united-kingdom",""
"Project Test Manager","","","Reed","Testing Lead","🏢 Office | 📍 Location not provided","https://www.reed.co.uk/jobs/project-test-manager/56764892?source=searchResults&filter=%2Fjobs%2Ftesting-lead-jobs-in-united-kingdom",""
"Principal Test Engineer","","","Reed","Testing Lead","🏢 Office | 📍 Location not provided","https://www.reed.co.uk/jobs/principal-test-engineer/56814594?source=searchResults&filter=%2Fjobs%2Ftesting-lead-jobs-in-united-kingdom",""
"QA Chapter Lead","","","Reed","Testing Lead","🏢 Office | 📍 Location not provided","https://www.reed.co.uk/jobs/qa-chapter-lead/56718142?source=searchResults&filter=%2Fjobs%2Ftesting-lead-jobs-in-united-kingdom",""
"Lead Quality Assurance - Salesforce","","","Reed","Testing Lead","🏢 Office | 📍 Location not provided","https://www.reed.co.uk/jobs/lead-quality-assurance-salesforce/56778952?source=searchResults&filter=%2Fjobs%2Ftesting-lead-jobs-in-united-kingdom",""
"Lead Electronic Test Engineer","","","Reed","Testing Lead","🏢 Office | 📍 Location not provided","https://www.reed.co.uk/jobs/lead-electronic-test-engineer/56460201?source=searchResults&filter=%2Fjobs%2Ftesting-lead-jobs-in-united-kingdom",""
"Test Manager","","","Reed","Testing Lead","🏢 Office | 📍 Location not provided","https://www.reed.co.uk/jobs/test-manager/56698090?source=searchResults&filter=%2Fjobs%2Ftesting-lead-jobs-in-united-kingdom",""
"Test and Release Manager","","","Reed","Testing Lead","🏢 Office | 📍 Location not provided","https://www.reed.co.uk/jobs/test-and-release-manager/56764062?source=searchResults&filter=%2Fjobs%2Ftesting-lead-jobs-in-united-kingdom",""
"Automation Tester - Outside IR35","","","Reed","Testing Lead","🏢 Office | 📍 Location not provided","https://www.reed.co.uk/jobs/automation-tester-outside-ir35/56736295?source=searchResults&filter=%2Fjobs%2Ftesting-lead-jobs-in-united-kingdom",""
"Lead QA Engineer","","","Reed","Testing Lead","🏢 Office | 📍 Location not provided","https://www.reed.co.uk/jobs/lead-qa-engineer/56664665?source=searchResults&filter=%2Fjobs%2Ftesting-lead-jobs-in-united-kingdom",""
"Software Test Engineer","","","Reed","Testing Lead","🏢 Office | 📍 Location not provided","https://www.reed.co.uk/jobs/software-test-engineer/56818780?source=searchResults&filter=%2Fjobs%2Ftesting-lead-jobs-in-united-kingdom",""
"Automation Software Test Engineer","","","Reed","Testing Lead","🏢 Office | 📍 Location not provided","https://www.reed.co.uk/jobs/automation-software-test-engineer/56806646?source=searchResults&filter=%2Fjobs%2Ftesting-lead-jobs-in-united-kingdom",""
"Test Automation Manager","","","Reed","Testing Lead","🏢 Office | 📍 Location not provided","https://www.reed.co.uk/jobs/test-automation-manager/56769563?source=searchResults&filter=%2Fjobs%2Ftesting-lead-jobs-in-united-kingdom",""
"QA Test Lead","","","Reed","Test Lead","🏢 Office | 📍 Location not provided","https://www.reed.co.uk/jobs/qa-test-lead/56821661?source=searchResults&filter=%2Fjobs%2Ftest-lead-jobs-in-united-kingdom",""
"Test Lead","","","Reed","Test Lead","🏢 Office | 📍 Location not provided","https://www.reed.co.uk/jobs/test-lead/56801432?source=searchResults&filter=%2Fjobs%2Ftest-lead-jobs-in-united-kingdom",""
"Test Automation Lead","","","Reed","Test Lead","🏢 Office | 📍 Location not provided","https://www.reed.co.uk/jobs/test-automation-lead/56804787?source=searchResults&filter=%2Fjobs%2Ftest-lead-jobs-in-united-kingdom",""
"Test Lead","","","Reed","Test Lead","🏢 Office | 📍 Location not provided","https://www.reed.co.uk/jobs/test-lead/56689532?source=searchResults&filter=%2Fjobs%2Ftest-lead-jobs-in-united-kingdom",""
"Software Test Lead","","","Reed","Test Lead","🏢 Office | 📍 Location not provided","https://www.reed.co.uk/jobs/software-test-lead/56698262?source=searchResults&filter=%2Fjobs%2Ftest-lead-jobs-in-united-kingdom",""
"Electronics Test Lead","","","Reed","Test Lead","🏢 Office | 📍 Location not provided","https://www.reed.co.uk/jobs/electronics-test-lead/56719905?source=searchResults&filter=%2Fjobs%2Ftest-lead-jobs-in-united-kingdom",""
"Test Lead","","","Reed","Test Lead","🏢 Office | 📍 Location not provided","https://www.reed.co.uk/jobs/test-lead/56732007?source=searchResults&filter=%2Fjobs%2Ftest-lead-jobs-in-united-kingdom",""
"Test Lead","","","Reed","Test Lead","🏢 Office | 📍 Location not provided","https://www.reed.co.uk/jobs/test-lead/56652704?source=searchResults&filter=%2Fjobs%2Ftest-lead-jobs-in-united-kingdom",""
"Penetration Test Lead","","","Reed","Test Lead","🏢 Office | 📍 Location not provided","https://www.reed.co.uk/jobs/penetration-test-lead/56694853?source=searchResults&filter=%2Fjobs%2Ftest-lead-jobs-in-united-kingdom",""
"Security Test Lead","","","Reed","Test Lead","🏢 Office | 📍 Location not provided","https://www.reed.co.uk/jobs/security-test-lead/56752614?source=searchResults&filter=%2Fjobs%2Ftest-lead-jobs-in-united-kingdom",""
"Test Engineer","","","Reed","Test Lead","🏢 Office | 📍 Location not provided","https://www.reed.co.uk/jobs/test-engineer/56822662?source=searchResults&filter=%2Fjobs%2Ftest-lead-jobs-in-united-kingdom",""
"Test Lead with Active SC Clearance - London/Corsham, UK","","","Reed","Test Lead","🏢 Office | 📍 Location not provided","https://www.reed.co.uk/jobs/test-lead-with-active-sc-clearance-london-corsham-uk/56818623?source=searchResults&filter=%2Fjobs%2Ftest-lead-jobs-in-united-kingdom",""
"Principal Test Engineer","","","Reed","Test Lead","🏢 Office | 📍 Location not provided","https://www.reed.co.uk/jobs/principal-test-engineer/56732543?source=searchResults&filter=%2Fjobs%2Ftest-lead-jobs-in-united-kingdom",""
"Principal Test Engineer","","","Reed","Test Lead","🏢 Office | 📍 Location not provided","https://www.reed.co.uk/jobs/principal-test-engineer/56814594?source=searchResults&filter=%2Fjobs%2Ftest-lead-jobs-in-united-kingdom",""
"QA Chapter Lead","","","Reed","Test Lead","🏢 Office | 📍 Location not provided","https://www.reed.co.uk/jobs/qa-chapter-lead/56718142?source=searchResults&filter=%2Fjobs%2Ftest-lead-jobs-in-united-kingdom",""
"Lead Quality Assurance - Salesforce","","","Reed","Test Lead","🏢 Office | 📍 Location not provided","https://www.reed.co.uk/jobs/lead-quality-assurance-salesforce/56778952?source=searchResults&filter=%2Fjobs%2Ftest-lead-jobs-in-united-kingdom",""
"Lead Electronic Test Engineer","","","Reed","Test Lead","🏢 Office | 📍 Location not provided","https://www.reed.co.uk/jobs/lead-electronic-test-engineer/56460201?source=searchResults&filter=%2Fjobs%2Ftest-lead-jobs-in-united-kingdom",""
"Test Manager","","","Reed","Test Lead","🏢 Office | 📍 Location not provided","https://www.reed.co.uk/jobs/test-manager/56698090?source=searchResults&filter=%2Fjobs%2Ftest-lead-jobs-in-united-kingdom",""
"Test and Release Manager","","","Reed","Test Lead","🏢 Office | 📍 Location not provided","https://www.reed.co.uk/jobs/test-and-release-manager/56764062?source=searchResults&filter=%2Fjobs%2Ftest-lead-jobs-in-united-kingdom",""
"Automation Tester - Outside IR35","","","Reed","Test Lead","🏢 Office | 📍 Location not provided","https://www.reed.co.uk/jobs/automation-tester-outside-ir35/56736295?source=searchResults&filter=%2Fjobs%2Ftest-lead-jobs-in-united-kingdom",""
"Software Test Engineer","","","Reed","Test Lead","🏢 Office | 📍 Location not provided","https://www.reed.co.uk/jobs/software-test-engineer/56818780?source=searchResults&filter=%2Fjobs%2Ftest-lead-jobs-in-united-kingdom",""
"Automation Software Test Engineer","","","Reed","Test Lead","🏢 Office | 📍 Location not provided","https://www.reed.co.uk/jobs/automation-software-test-engineer/56806646?source=searchResults&filter=%2Fjobs%2Ftest-lead-jobs-in-united-kingdom",""
"Lead QA Engineer","","","Reed","Test Lead","🏢 Office | 📍 Location not provided","https://www.reed.co.uk/jobs/lead-qa-engineer/56664665?source=searchResults&filter=%2Fjobs%2Ftest-lead-jobs-in-united-kingdom",""
"Test Automation Manager","","","Reed","Test Lead","🏢 Office | 📍 Location not provided","https://www.reed.co.uk/jobs/test-automation-manager/56769563?source=searchResults&filter=%2Fjobs%2Ftest-lead-jobs-in-united-kingdom",""
"Technical Lead","","","Reed","Test Lead","🏢 Office | 📍 Location not provided","https://www.reed.co.uk/jobs/technical-lead/56733206?source=searchResults&filter=%2Fjobs%2Ftest-lead-jobs-in-united-kingdom",""
"QA Automation Engineer","","","Reed","QA Engineer","🏢 Office | 📍 Location not provided","https://www.reed.co.uk/jobs/qa-automation-engineer/56815148?source=searchResults&filter=%2Fjobs%2Fqa-engineer-jobs-in-united-kingdom",""
"QA Engineer","","","Reed","QA Engineer","🏢 Office | 📍 Location not provided","https://www.reed.co.uk/jobs/qa-engineer/56815141?source=searchResults&filter=%2Fjobs%2Fqa-engineer-jobs-in-united-kingdom",""
"QA Engineer","","","Reed","QA Engineer","🏢 Office | 📍 Location not provided","https://www.reed.co.uk/jobs/qa-engineer/56793724?source=searchResults&filter=%2Fjobs%2Fqa-engineer-jobs-in-united-kingdom",""
"QA Engineer","","","Reed","QA Engineer","🏢 Office | 📍 Location not provided","https://www.reed.co.uk/jobs/qa-engineer/56736133?source=searchResults&filter=%2Fjobs%2Fqa-engineer-jobs-in-united-kingdom",""
"QA Engineer","","","Reed","QA Engineer","🏢 Office | 📍 Location not provided","https://www.reed.co.uk/jobs/qa-engineer/56814982?source=searchResults&filter=%2Fjobs%2Fqa-engineer-jobs-in-united-kingdom",""
"QA Engineer","","","Reed","QA Engineer","🏢 Office | 📍 Location not provided","https://www.reed.co.uk/jobs/qa-engineer/56789104?source=searchResults&filter=%2Fjobs%2Fqa-engineer-jobs-in-united-kingdom",""
"QA Engineer","","","Reed","QA Engineer","🏢 Office | 📍 Location not provided","https://www.reed.co.uk/jobs/qa-engineer/56779691?source=searchResults&filter=%2Fjobs%2Fqa-engineer-jobs-in-united-kingdom",""
"QA/Test Engineer","","","Reed","QA Engineer","🏢 Office | 📍 Location not provided","https://www.reed.co.uk/jobs/qa-test-engineer/56789929?source=searchResults&filter=%2Fjobs%2Fqa-engineer-jobs-in-united-kingdom",""
"QA Automation Engineer","","","Reed","QA Engineer","🏢 Office | 📍 Location not provided","https://www.reed.co.uk/jobs/qa-automation-engineer/56688980?source=searchResults&filter=%2Fjobs%2Fqa-engineer-jobs-in-united-kingdom",""
"Quality Assurance Engineer","","","Reed","QA Engineer","🏢 Office | 📍 Location not provided","https://www.reed.co.uk/jobs/quality-assurance-engineer/56788684?source=searchResults&filter=%2Fjobs%2Fqa-engineer-jobs-in-united-kingdom",""
"Quality Assurance Engineer","","","Reed","QA Engineer","🏢 Office | 📍 Location not provided","https://www.reed.co.uk/jobs/quality-assurance-engineer/56817300?source=searchResults&filter=%2Fjobs%2Fqa-engineer-jobs-in-united-kingdom",""
"Quality Assurance Engineer","","","Reed","QA Engineer","🏢 Office | 📍 Location not provided","https://www.reed.co.uk/jobs/quality-assurance-engineer/56682160?source=searchResults&filter=%2Fjobs%2Fqa-engineer-jobs-in-united-kingdom",""
"Performance QA Engineer","","","Reed","QA Engineer","🏢 Office | 📍 Location not provided","https://www.reed.co.uk/jobs/performance-qa-engineer/56758383?source=searchResults&filter=%2Fjobs%2Fqa-engineer-jobs-in-united-kingdom",""
"Lead QA Engineer","","","Reed","QA Engineer","🏢 Office | 📍 Location not provided","https://www.reed.co.uk/jobs/lead-qa-engineer/56664665?source=searchResults&filter=%2Fjobs%2Fqa-engineer-jobs-in-united-kingdom",""
"Senior QA Engineer","","","Reed","QA Engineer","🏢 Office | 📍 Location not provided","https://www.reed.co.uk/jobs/senior-qa-engineer/56818312?source=searchResults&filter=%2Fjobs%2Fqa-engineer-jobs-in-united-kingdom",""
"Software QA Engineer","","","Reed","QA Engineer","🏢 Office | 📍 Location not provided","https://www.reed.co.uk/jobs/software-qa-engineer/56812917?source=searchResults&filter=%2Fjobs%2Fqa-engineer-jobs-in-united-kingdom",""
"Senior QA Engineer","","","Reed","QA Engineer","🏢 Office | 📍 Location not provided","https://www.reed.co.uk/jobs/senior-qa-engineer/56673614?source=searchResults&filter=%2Fjobs%2Fqa-engineer-jobs-in-united-kingdom",""
"Senior Quality Assurance Engineer","","","Reed","QA Engineer","🏢 Office | 📍 Location not provided","https://www.reed.co.uk/jobs/senior-quality-assurance-engineer/56824839?source=searchResults&filter=%2Fjobs%2Fqa-engineer-jobs-in-united-kingdom",""
"Operations Quality Assurance Engineer","","","Reed","QA Engineer","🏢 Office | 📍 Location not provided","https://www.reed.co.uk/jobs/operations-quality-assurance-engineer/56795068?source=searchResults&filter=%2Fjobs%2Fqa-engineer-jobs-in-united-kingdom",""
"Hardware/QA Test Engineer","","","Reed","QA Engineer","🏢 Office | 📍 Location not provided","https://www.reed.co.uk/jobs/hardware-qa-test-engineer/56759489?source=searchResults&filter=%2Fjobs%2Fqa-engineer-jobs-in-united-kingdom",""
"QA Engineer- Selenium Experience","","","Reed","QA Engineer","🏢 Office | 📍 Location not provided","https://www.reed.co.uk/jobs/qa-engineer-selenium-experience/56765039?source=searchResults&filter=%2Fjobs%2Fqa-engineer-jobs-in-united-kingdom",""
"Junior Automation QA Engineer","","","Reed","QA Engineer","🏢 Office | 📍 Location not provided","https://www.reed.co.uk/jobs/junior-automation-qa-engineer/56812839?source=searchResults&filter=%2Fjobs%2Fqa-engineer-jobs-in-united-kingdom",""
"QA Engineer (Automation) - Manchester","","","Reed","QA Engineer","🏢 Office | 📍 Location not provided","https://www.reed.co.uk/jobs/qa-engineer-automation-manchester/56791497?source=searchResults&filter=%2Fjobs%2Fqa-engineer-jobs-in-united-kingdom",""
"Principal Quality Assurance Engineer - Stevenage","","","Reed","QA Engineer","🏢 Office | 📍 Location not provided","https://www.reed.co.uk/jobs/principal-quality-assurance-engineer-stevenage/56752744?source=searchResults&filter=%2Fjobs%2Fqa-engineer-jobs-in-united-kingdom",""
"Principal Quality Assurance Engineer - Bolton","","","Reed","QA Engineer","🏢 Office | 📍 Location not provided","https://www.reed.co.uk/jobs/principal-quality-assurance-engineer-bolton/56752767?source=searchResults&filter=%2Fjobs%2Fqa-engineer-jobs-in-united-kingdom",""
"QA Automation Engineer","","","Reed","QA Automation Engineer","🏢 Office | 📍 Location not provided","https://www.reed.co.uk/jobs/qa-automation-engineer/56815148?source=searchResults&filter=%2Fjobs%2Fqa-automation-engineer-jobs-in-united-kingdom",""
"QA Automation Engineer","","","Reed","QA Automation Engineer","🏢 Office | 📍 Location not provided","https://www.reed.co.uk/jobs/qa-automation-engineer/56688980?source=searchResults&filter=%2Fjobs%2Fqa-automation-engineer-jobs-in-united-kingdom",""
"Senior QA Automation Engineer | Oxford/Hybrid | £55,000 - £65,000 |","","","Reed","QA Automation Engineer","🔀 Hybrid | 📍 Location not provided","https://www.reed.co.uk/jobs/senior-qa-automation-engineer--oxford-hybrid--55000-65000-/56686950?source=searchResults&filter=%2Fjobs%2Fqa-automation-engineer-jobs-in-united-kingdom",""
"Junior Automation QA Engineer","","","Reed","QA Automation Engineer","🏢 Office | 📍 Location not provided","https://www.reed.co.uk/jobs/junior-automation-qa-engineer/56812839?source=searchResults&filter=%2Fjobs%2Fqa-automation-engineer-jobs-in-united-kingdom",""
"QA Engineer (Automation) - Manchester","","","Reed","QA Automation Engineer","🏢 Office | 📍 Location not provided","https://www.reed.co.uk/jobs/qa-engineer-automation-manchester/56791497?source=searchResults&filter=%2Fjobs%2Fqa-automation-engineer-jobs-in-united-kingdom",""
"Automation Software Test Engineer","","","Reed","QA Automation Engineer","🏢 Office | 📍 Location not provided","https://www.reed.co.uk/jobs/automation-software-test-engineer/56806646?source=searchResults&filter=%2Fjobs%2Fqa-automation-engineer-jobs-in-united-kingdom",""
"Mobile Test Automation Engineer (QA Engineer)","","","Reed","QA Automation Engineer","🏢 Office | 📍 Location not provided","https://www.reed.co.uk/jobs/mobile-test-automation-engineer-qa-engineer/56796132?source=searchResults&filter=%2Fjobs%2Fqa-automation-engineer-jobs-in-united-kingdom",""
"QA Automation Architect","","","Reed","QA Automation Engineer","🏢 Office | 📍 Location not provided","https://www.reed.co.uk/jobs/qa-automation-architect/56707904?source=searchResults&filter=%2Fjobs%2Fqa-automation-engineer-jobs-in-united-kingdom",""
"Senior Automation engineer","","","Reed","QA Automation Engineer","🏢 Office | 📍 Location not provided","https://www.reed.co.uk/jobs/senior-automation-engineer/56689593?source=searchResults&filter=%2Fjobs%2Fqa-automation-engineer-jobs-in-united-kingdom",""
"Lead QA Engineer","","","Reed","QA Automation Engineer","🏢 Office | 📍 Location not provided","https://www.reed.co.uk/jobs/lead-qa-engineer/56664665?source=searchResults&filter=%2Fjobs%2Fqa-automation-engineer-jobs-in-united-kingdom",""
"QA Engineer","","","Reed","QA Automation Engineer","🏢 Office | 📍 Location not provided","https://www.reed.co.uk/jobs/qa-engineer/56793724?source=searchResults&filter=%2Fjobs%2Fqa-automation-engineer-jobs-in-united-kingdom",""
"QA Engineer- Selenium Experience","","","Reed","QA Automation Engineer","🏢 Office | 📍 Location not provided","https://www.reed.co.uk/jobs/qa-engineer-selenium-experience/56765039?source=searchResults&filter=%2Fjobs%2Fqa-automation-engineer-jobs-in-united-kingdom",""
"Software QA Engineer","","","Reed","QA Automation Engineer","🏢 Office | 📍 Location not provided","https://www.reed.co.uk/jobs/software-qa-engineer/56812917?source=searchResults&filter=%2Fjobs%2Fqa-automation-engineer-jobs-in-united-kingdom",""
"QA Engineer","","","Reed","QA Automation Engineer","🏢 Office | 📍 Location not provided","https://www.reed.co.uk/jobs/qa-engineer/56736133?source=searchResults&filter=%2Fjobs%2Fqa-automation-engineer-jobs-in-united-kingdom",""
"QA/Test Engineer","","","Reed","QA Automation Engineer","🏢 Office | 📍 Location not provided","https://www.reed.co.uk/jobs/qa-test-engineer/56789929?source=searchResults&filter=%2Fjobs%2Fqa-automation-engineer-jobs-in-united-kingdom",""
"QA Engineer","","","Reed","QA Automation Engineer","🏢 Office | 📍 Location not provided","https://www.reed.co.uk/jobs/qa-engineer/56815141?source=searchResults&filter=%2Fjobs%2Fqa-automation-engineer-jobs-in-united-kingdom",""
"Senior QA Engineer","","","Reed","QA Automation Engineer","🏢 Office | 📍 Location not provided","https://www.reed.co.uk/jobs/senior-qa-engineer/56818312?source=searchResults&filter=%2Fjobs%2Fqa-automation-engineer-jobs-in-united-kingdom",""
"QA Engineer – Insurance Claims system","","","Reed","QA Automation Engineer","🏢 Office | 📍 Location not provided","https://www.reed.co.uk/jobs/qa-engineer--insurance-claims-system/56822673?source=searchResults&filter=%2Fjobs%2Fqa-automation-engineer-jobs-in-united-kingdom",""
"QA Engineer","","","Reed","QA Automation Engineer","🏢 Office | 📍 Location not provided","https://www.reed.co.uk/jobs/qa-engineer/56789104?source=searchResults&filter=%2Fjobs%2Fqa-automation-engineer-jobs-in-united-kingdom",""
"Quality Conformance Engineer","","","Reed","QA Automation Engineer","🏢 Office | 📍 Location not provided","https://www.reed.co.uk/jobs/quality-conformance-engineer/56808590?source=searchResults&filter=%2Fjobs%2Fqa-automation-engineer-jobs-in-united-kingdom",""
"Software/Firmware Test Engineer","","","Reed","QA Automation Engineer","🏢 Office | 📍 Location not provided","https://www.reed.co.uk/jobs/software-firmware-test-engineer/56735761?source=searchResults&filter=%2Fjobs%2Fqa-automation-engineer-jobs-in-united-kingdom",""
"Q&A Test Engineer","","","Reed","QA Automation Engineer","🏢 Office | 📍 Location not provided","https://www.reed.co.uk/jobs/q-a-test-engineer/56759740?source=searchResults&filter=%2Fjobs%2Fqa-automation-engineer-jobs-in-united-kingdom",""
"Q&A Test Engineer","","","Reed","QA Automation Engineer","🏢 Office | 📍 Location not provided","https://www.reed.co.uk/jobs/q-a-test-engineer/56686434?source=searchResults&filter=%2Fjobs%2Fqa-automation-engineer-jobs-in-united-kingdom",""
"Q&A Test Engineer","","","Reed","QA Automation Engineer","🏢 Office | 📍 Location not provided","https://www.reed.co.uk/jobs/q-a-test-engineer/56749452?source=searchResults&filter=%2Fjobs%2Fqa-automation-engineer-jobs-in-united-kingdom",""
"Q&A Test Engineer","","","Reed","QA Automation Engineer","🏢 Office | 📍 Location not provided","https://www.reed.co.uk/jobs/q-a-test-engineer/56772091?source=searchResults&filter=%2Fjobs%2Fqa-automation-engineer-jobs-in-united-kingdom",""
"Automation Software Test Engineer","","","Reed","Test Automation Engineer","🏢 Office | 📍 Location not provided","https://www.reed.co.uk/jobs/automation-software-test-engineer/56806646?source=searchResults&filter=%2Fjobs%2Ftest-automation-engineer-jobs-in-united-kingdom",""
"Senior Test Automation Engineer (Data)","","","Reed","Test Automation Engineer","🏢 Office | 📍 Location not provided","https://www.reed.co.uk/jobs/senior-test-automation-engineer-data/56778238?source=searchResults&filter=%2Fjobs%2Ftest-automation-engineer-jobs-in-united-kingdom",""
"Mobile Test Automation Engineer (QA Engineer)","","","Reed","Test Automation Engineer","🏢 Office | 📍 Location not provided","https://www.reed.co.uk/jobs/mobile-test-automation-engineer-qa-engineer/56796132?source=searchResults&filter=%2Fjobs%2Ftest-automation-engineer-jobs-in-united-kingdom",""
"Test Automation Lead","","","Reed","Test Automation Engineer","🏢 Office | 📍 Location not provided","https://www.reed.co.uk/jobs/test-automation-lead/56804787?source=searchResults&filter=%2Fjobs%2Ftest-automation-engineer-jobs-in-united-kingdom",""
"Principal Test Engineer","","","Reed","Test Automation Engineer","🏢 Office | 📍 Location not provided","https://www.reed.co.uk/jobs/principal-test-engineer/56732543?source=searchResults&filter=%2Fjobs%2Ftest-automation-engineer-jobs-in-united-kingdom",""
"Principal Test Engineer","","","Reed","Test Automation Engineer","🏢 Office | 📍 Location not provided","https://www.reed.co.uk/jobs/principal-test-engineer/56814594?source=searchResults&filter=%2Fjobs%2Ftest-automation-engineer-jobs-in-united-kingdom",""
"Software/Firmware Test Engineer","","","Reed","Test Automation Engineer","🏢 Office | 📍 Location not provided","https://www.reed.co.uk/jobs/software-firmware-test-engineer/56735761?source=searchResults&filter=%2Fjobs%2Ftest-automation-engineer-jobs-in-united-kingdom",""
"Software Test Engineer","","","Reed","Test Automation Engineer","🏢 Office | 📍 Location not provided","https://www.reed.co.uk/jobs/software-test-engineer/56818780?source=searchResults&filter=%2Fjobs%2Ftest-automation-engineer-jobs-in-united-kingdom",""
"Automation test engineer playwright","","","Reed","Test Automation Engineer","🏢 Office | 📍 Location not provided","https://www.reed.co.uk/jobs/automation-test-engineer-playwright/56713869?source=searchResults&filter=%2Fjobs%2Ftest-automation-engineer-jobs-in-united-kingdom",""
"Test Engineer","","","Reed","Test Automation Engineer","🏢 Office | 📍 Location not provided","https://www.reed.co.uk/jobs/test-engineer/56822662?source=searchResults&filter=%2Fjobs%2Ftest-automation-engineer-jobs-in-united-kingdom",""
"Senior Propulsion Test Engineer","","","Reed","Test Automation Engineer","🏢 Office | 📍 Location not provided","https://www.reed.co.uk/jobs/senior-propulsion-test-engineer/56691564?source=searchResults&filter=%2Fjobs%2Ftest-automation-engineer-jobs-in-united-kingdom",""
"Test Engineer- 3-6 month contract","","","Reed","Test Automation Engineer","🏢 Office | 📍 Location not provided","https://www.reed.co.uk/jobs/test-engineer-3-6-month-contract/56811942?source=searchResults&filter=%2Fjobs%2Ftest-automation-engineer-jobs-in-united-kingdom",""
"QA Automation Engineer","","","Reed","Test Automation Engineer","🏢 Office | 📍 Location not provided","https://www.reed.co.uk/jobs/qa-automation-engineer/56815148?source=searchResults&filter=%2Fjobs%2Ftest-automation-engineer-jobs-in-united-kingdom",""
"Automation Engineer","","","Reed","Test Automation Engineer","🏢 Office | 📍 Location not provided","https://www.reed.co.uk/jobs/automation-engineer/56797503?source=searchResults&filter=%2Fjobs%2Ftest-automation-engineer-jobs-in-united-kingdom",""
"Automation Maintenance Engineer","","","Reed","Test Automation Engineer","🏢 Office | 📍 Location not provided","https://www.reed.co.uk/jobs/automation-maintenance-engineer/56718232?source=searchResults&filter=%2Fjobs%2Ftest-automation-engineer-jobs-in-united-kingdom",""
"QA Automation Engineer","","","Reed","Test Automation Engineer","🏢 Office | 📍 Location not provided","https://www.reed.co.uk/jobs/qa-automation-engineer/56688980?source=searchResults&filter=%2Fjobs%2Ftest-automation-engineer-jobs-in-united-kingdom",""
"Test Engineer","","","Reed","Test Automation Engineer","🏢 Office | 📍 Location not provided","https://www.reed.co.uk/jobs/test-engineer/56686322?source=searchResults&filter=%2Fjobs%2Ftest-automation-engineer-jobs-in-united-kingdom",""
"Senior QA Automation Engineer | Oxford/Hybrid | £55,000 - £65,000 |","","","Reed","Test Automation Engineer","🔀 Hybrid | 📍 Location not provided","https://www.reed.co.uk/jobs/senior-qa-automation-engineer--oxford-hybrid--55000-65000-/56686950?source=searchResults&filter=%2Fjobs%2Ftest-automation-engineer-jobs-in-united-kingdom",""
"QA Engineer (Automation) - Manchester","","","Reed","Test Automation Engineer","🏢 Office | 📍 Location not provided","https://www.reed.co.uk/jobs/qa-engineer-automation-manchester/56791497?source=searchResults&filter=%2Fjobs%2Ftest-automation-engineer-jobs-in-united-kingdom",""
"Junior Automation QA Engineer","","","Reed","Test Automation Engineer","🏢 Office | 📍 Location not provided","https://www.reed.co.uk/jobs/junior-automation-qa-engineer/56812839?source=searchResults&filter=%2Fjobs%2Ftest-automation-engineer-jobs-in-united-kingdom",""
"Senior Automation engineer","","","Reed","Test Automation Engineer","🏢 Office | 📍 Location not provided","https://www.reed.co.uk/jobs/senior-automation-engineer/56689593?source=searchResults&filter=%2Fjobs%2Ftest-automation-engineer-jobs-in-united-kingdom",""
"Avionic System Development & Test Engineer","","","Reed","Test Automation Engineer","🏢 Office | 📍 Location not provided","https://www.reed.co.uk/jobs/avionic-system-development-test-engineer/56714583?source=searchResults&filter=%2Fjobs%2Ftest-automation-engineer-jobs-in-united-kingdom",""
"Electrical Testing Engineer","","","Reed","Test Automation Engineer","🏢 Office | 📍 Location not provided","https://www.reed.co.uk/jobs/electrical-testing-engineer/56124681?source=searchResults&filter=%2Fjobs%2Ftest-automation-engineer-jobs-in-united-kingdom",""
"Test Lead","","","Reed","Test Automation Engineer","🏢 Office | 📍 Location not provided","https://www.reed.co.uk/jobs/test-lead/56801432?source=searchResults&filter=%2Fjobs%2Ftest-automation-engineer-jobs-in-united-kingdom",""
"Automation Test Analyst","","","Reed","Test Automation Engineer","🏢 Office | 📍 Location not provided","https://www.reed.co.uk/jobs/automation-test-analyst/56809701?source=searchResults&filter=%2Fjobs%2Ftest-automation-engineer-jobs-in-united-kingdom",""
"Software Engineer In Test (SDET)","","","Reed","SDET","🏢 Office | 📍 Location not provided","https://www.reed.co.uk/jobs/software-engineer-in-test-sdet/56786135?source=searchResults&filter=%2Fjobs%2Fsdet-jobs-in-united-kingdom",""
"QA Automation Engineer","","","Reed","SDET","🏢 Office | 📍 Location not provided","https://www.reed.co.uk/jobs/qa-automation-engineer/56815148?source=searchResults&filter=%2Fjobs%2Fsdet-jobs-in-united-kingdom",""
"SIEM Engineer","","","Reed","SDET","🏢 Office | 📍 Location not provided","https://www.reed.co.uk/jobs/siem-engineer/56822589?source=searchResults&filter=%2Fjobs%2Fsdet-jobs-in-united-kingdom",""
"QA Test Lead","","","Reed","SDET","🏢 Office | 📍 Location not provided","https://www.reed.co.uk/jobs/qa-test-lead/56821661?source=searchResults&filter=%2Fjobs%2Fsdet-jobs-in-united-kingdom",""
"QA Engineer- Selenium Experience","","","Reed","SDET","🏢 Office | 📍 Location not provided","https://www.reed.co.uk/jobs/qa-engineer-selenium-experience/56765039?source=searchResults&filter=%2Fjobs%2Fsdet-jobs-in-united-kingdom",""
"Senior Automation engineer","","","Reed","SDET","🏢 Office | 📍 Location not provided","https://www.reed.co.uk/jobs/senior-automation-engineer/56689593?source=searchResults&filter=%2Fjobs%2Fsdet-jobs-in-united-kingdom",""
"DevOps Tester (SC Cleared)","","","Reed","SDET","🏢 Office | 📍 Location not provided","https://www.reed.co.uk/jobs/devops-tester-sc-cleared/56815635?source=searchResults&filter=%2Fjobs%2Fsdet-jobs-in-united-kingdom",""
"QA Automation Architect","","","Reed","SDET","🏢 Office | 📍 Location not provided","https://www.reed.co.uk/jobs/qa-automation-architect/56754689?source=searchResults&filter=%2Fjobs%2Fsdet-jobs-in-united-kingdom",""
"QA Automation Architect","","","Reed","SDET","🏢 Office | 📍 Location not provided","https://www.reed.co.uk/jobs/qa-automation-architect/56707904?source=searchResults&filter=%2Fjobs%2Fsdet-jobs-in-united-kingdom",""
"DevOps Tester","","","Reed","SDET","🏢 Office | 📍 Location not provided","https://www.reed.co.uk/jobs/devops-tester/56784029?source=searchResults&filter=%2Fjobs%2Fsdet-jobs-in-united-kingdom",""
"Software Automation QA","","","Reed","SDET","🏢 Office | 📍 Location not provided","https://www.reed.co.uk/jobs/software-automation-qa/56813259?source=searchResults&filter=%2Fjobs%2Fsdet-jobs-in-united-kingdom",""
"Software Automation QA","","","Reed","SDET","🏢 Office | 📍 Location not provided","https://www.reed.co.uk/jobs/software-automation-qa/56718374?source=searchResults&filter=%2Fjobs%2Fsdet-jobs-in-united-kingdom",""
"Software Automation QA","","","Reed","SDET","🏢 Office | 📍 Location not provided","https://www.reed.co.uk/jobs/software-automation-qa/56658307?source=searchResults&filter=%2Fjobs%2Fsdet-jobs-in-united-kingdom",""
"Senior QA Engineer","","","Reed","SDET","🏢 Office | 📍 Location not provided","https://www.reed.co.uk/jobs/senior-qa-engineer/56818312?source=searchResults&filter=%2Fjobs%2Fsdet-jobs-in-united-kingdom",""
"Senior QA Engineer","","","Reed","SDET","🏢 Office | 📍 Location not provided","https://www.reed.co.uk/jobs/senior-qa-engineer/56673614?source=searchResults&filter=%2Fjobs%2Fsdet-jobs-in-united-kingdom",""
"QA Automation Engineer","","","Reed","SDET","🏢 Office | 📍 Location not provided","https://www.reed.co.uk/jobs/qa-automation-engineer/56688980?source=searchResults&filter=%2Fjobs%2Fsdet-jobs-in-united-kingdom",""
"Test Development Engineer","","","Reed","SDET","🏢 Office | 📍 Location not provided","https://www.reed.co.uk/jobs/test-development-engineer/56817667?source=searchResults&filter=%2Fjobs%2Fsdet-jobs-in-united-kingdom",""
"Test Development Engineer","","","Reed","SDET","🏢 Office | 📍 Location not provided","https://www.reed.co.uk/jobs/test-development-engineer/56769482?source=searchResults&filter=%2Fjobs%2Fsdet-jobs-in-united-kingdom",""
"Test Development Engineer","","","Reed","SDET","🏢 Office | 📍 Location not provided","https://www.reed.co.uk/jobs/test-development-engineer/56722326?source=searchResults&filter=%2Fjobs%2Fsdet-jobs-in-united-kingdom",""
"Test Lead with Active SC Clearance - London/Corsham, UK","","","Reed","SDET","🏢 Office | 📍 Location not provided","https://www.reed.co.uk/jobs/test-lead-with-active-sc-clearance-london-corsham-uk/56818623?source=searchResults&filter=%2Fjobs%2Fsdet-jobs-in-united-kingdom",""
"Hardware/QA Test Engineer","","","Reed","SDET","🏢 Office | 📍 Location not provided","https://www.reed.co.uk/jobs/hardware-qa-test-engineer/56759489?source=searchResults&filter=%2Fjobs%2Fsdet-jobs-in-united-kingdom",""
"Performance QA Engineer","","","Reed","SDET","🏢 Office | 📍 Location not provided","https://www.reed.co.uk/jobs/performance-qa-engineer/56758383?source=searchResults&filter=%2Fjobs%2Fsdet-jobs-in-united-kingdom",""
"Software QA Engineer","","","Reed","SDET","🏢 Office | 📍 Location not provided","https://www.reed.co.uk/jobs/software-qa-engineer/56812917?source=searchResults&filter=%2Fjobs%2Fsdet-jobs-in-united-kingdom",""
"QA Engineer","","","Reed","SDET","🏢 Office | 📍 Location not provided","https://www.reed.co.uk/jobs/qa-engineer/56793724?source=searchResults&filter=%2Fjobs%2Fsdet-jobs-in-united-kingdom",""
"QA Engineer","","","Reed","SDET","🏢 Office | 📍 Location not provided","https://www.reed.co.uk/jobs/qa-engineer/56779691?source=searchResults&filter=%2Fjobs%2Fsdet-jobs-in-united-kingdom",""
"Software Engineer In Test (SDET)","","","Reed","Software Engineer in Test","🏢 Office | 📍 Location not provided","https://www.reed.co.uk/jobs/software-engineer-in-test-sdet/56786135?source=searchResults&filter=%2Fjobs%2Fsoftware-engineer-in-test-jobs-in-united-kingdom",""
"Senior Software Engineer (Test)","","","Reed","Software Engineer in Test","🏢 Office | 📍 Location not provided","https://www.reed.co.uk/jobs/senior-software-engineer-test/56758314?source=searchResults&filter=%2Fjobs%2Fsoftware-engineer-in-test-jobs-in-united-kingdom",""
"Automation Software Test Engineer","","","Reed","Software Engineer in Test","🏢 Office | 📍 Location not provided","https://www.reed.co.uk/jobs/automation-software-test-engineer/56806646?source=searchResults&filter=%2Fjobs%2Fsoftware-engineer-in-test-jobs-in-united-kingdom",""
"Firmware/Software Engineer","","","Reed","Software Engineer in Test","🏢 Office | 📍 Location not provided","https://www.reed.co.uk/jobs/firmware-software-engineer/56735707?source=searchResults&filter=%2Fjobs%2Fsoftware-engineer-in-test-jobs-in-united-kingdom",""
"Software Engineer","","","Reed","Software Engineer in Test","🏢 Office | 📍 Location not provided","https://www.reed.co.uk/jobs/software-engineer/56785467?source=searchResults&filter=%2Fjobs%2Fsoftware-engineer-in-test-jobs-in-united-kingdom",""
"Software Developer","","","Reed","Software Engineer in Test","🏢 Office | 📍 Location not provided","https://www.reed.co.uk/jobs/software-developer/56820608?source=searchResults&filter=%2Fjobs%2Fsoftware-engineer-in-test-jobs-in-united-kingdom",""
"Technical Graduate - Software Development","","","Reed","Software Engineer in Test","🏢 Office | 📍 Location not provided","https://www.reed.co.uk/jobs/technical-graduate-software-development/56738072?source=searchResults&filter=%2Fjobs%2Fsoftware-engineer-in-test-jobs-in-united-kingdom",""
"Full Stack Software Engineer","","","Reed","Software Engineer in Test","🏢 Office | 📍 Location not provided","https://www.reed.co.uk/jobs/full-stack-software-engineer/56687480?source=searchResults&filter=%2Fjobs%2Fsoftware-engineer-in-test-jobs-in-united-kingdom",""
"Software Developer Apprentice","","","Reed","Software Engineer in Test","🏢 Office | 📍 Location not provided","https://www.reed.co.uk/jobs/software-developer-apprentice/56781721?source=searchResults&filter=%2Fjobs%2Fsoftware-engineer-in-test-jobs-in-united-kingdom",""
"Graduate Full Stack Software Engineer","","","Reed","Software Engineer in Test","🏢 Office | 📍 Location not provided","https://www.reed.co.uk/jobs/graduate-full-stack-software-engineer/56787007?source=searchResults&filter=%2Fjobs%2Fsoftware-engineer-in-test-jobs-in-united-kingdom",""
"Senior Full Stack Developer","","","Reed","Software Engineer in Test","🏢 Office | 📍 Location not provided","https://www.reed.co.uk/jobs/senior-full-stack-developer/56802938?source=searchResults&filter=%2Fjobs%2Fsoftware-engineer-in-test-jobs-in-united-kingdom",""
"Software Engineer","","","Reed","Software Engineer in Test","🏢 Office | 📍 Location not provided","https://www.reed.co.uk/jobs/software-engineer/56741995?source=searchResults&filter=%2Fjobs%2Fsoftware-engineer-in-test-jobs-in-united-kingdom",""
"Software Deveopler","","","Reed","Software Engineer in Test","🏢 Office | 📍 Location not provided","https://www.reed.co.uk/jobs/software-deveopler/56738146?source=searchResults&filter=%2Fjobs%2Fsoftware-engineer-in-test-jobs-in-united-kingdom",""
"Principal Software Engineer","","","Reed","Software Engineer in Test","🏢 Office | 📍 Location not provided","https://www.reed.co.uk/jobs/principal-software-engineer/56795408?source=searchResults&filter=%2Fjobs%2Fsoftware-engineer-in-test-jobs-in-united-kingdom",""
"DevOps Engineer","","","Reed","Software Engineer in Test","🏢 Office | 📍 Location not provided","https://www.reed.co.uk/jobs/devops-engineer/56755953?source=searchResults&filter=%2Fjobs%2Fsoftware-engineer-in-test-jobs-in-united-kingdom",""
"Principal Software Engineer","","","Reed","Software Engineer in Test","🏢 Office | 📍 Location not provided","https://www.reed.co.uk/jobs/principal-software-engineer/56811998?source=searchResults&filter=%2Fjobs%2Fsoftware-engineer-in-test-jobs-in-united-kingdom",""
"Senior Software Engineer","","","Reed","Software Engineer in Test","🏢 Office | 📍 Location not provided","https://www.reed.co.uk/jobs/senior-software-engineer/55768379?source=searchResults&filter=%2Fjobs%2Fsoftware-engineer-in-test-jobs-in-united-kingdom",""
"Software Developer Apprentice","","","Reed","Software Engineer in Test","🏢 Office | 📍 Location not provided","https://www.reed.co.uk/jobs/software-developer-apprentice/56813539?source=searchResults&filter=%2Fjobs%2Fsoftware-engineer-in-test-jobs-in-united-kingdom",""
"Lead Software Engineer","","","Reed","Software Engineer in Test","🏢 Office | 📍 Location not provided","https://www.reed.co.uk/jobs/lead-software-engineer/56729951?source=searchResults&filter=%2Fjobs%2Fsoftware-engineer-in-test-jobs-in-united-kingdom",""
"Senior Flutter Engineer","","","Reed","Software Engineer in Test","🏢 Office | 📍 Location not provided","https://www.reed.co.uk/jobs/senior-flutter-engineer/56680306?source=searchResults&filter=%2Fjobs%2Fsoftware-engineer-in-test-jobs-in-united-kingdom",""
"Avionic System Development & Test Engineer","","","Reed","Software Engineer in Test","🏢 Office | 📍 Location not provided","https://www.reed.co.uk/jobs/avionic-system-development-test-engineer/56714583?source=searchResults&filter=%2Fjobs%2Fsoftware-engineer-in-test-jobs-in-united-kingdom",""
"Senior Software Engineer","","","Reed","Software Engineer in Test","🏢 Office | 📍 Location not provided","https://www.reed.co.uk/jobs/senior-software-engineer/56817566?source=searchResults&filter=%2Fjobs%2Fsoftware-engineer-in-test-jobs-in-united-kingdom",""
"Senior Software Developer","","","Reed","Software Engineer in Test","🏢 Office | 📍 Location not provided","https://www.reed.co.uk/jobs/senior-software-developer/56782846?source=searchResults&filter=%2Fjobs%2Fsoftware-engineer-in-test-jobs-in-united-kingdom",""
"Software Engineer","","","Reed","Software Engineer in Test","🏢 Office | 📍 Location not provided","https://www.reed.co.uk/jobs/software-engineer/56708027?source=searchResults&filter=%2Fjobs%2Fsoftware-engineer-in-test-jobs-in-united-kingdom",""
"Graduate No Code App and Software Engineer","","","Reed","Software Engineer in Test","🏢 Office | 📍 Location not provided","https://www.reed.co.uk/jobs/graduate-no-code-app-and-software-engineer/56804544?source=searchResults&filter=%2Fjobs%2Fsoftware-engineer-in-test-jobs-in-united-kingdom",""
"Principal Test Engineer","","","Reed","Test Engineer","🏢 Office | 📍 Location not provided","https://www.reed.co.uk/jobs/principal-test-engineer/56814594?source=searchResults&filter=%2Fjobs%2Ftest-engineer-jobs-in-united-kingdom",""
"Test Engineer","","","Reed","Test Engineer","🏢 Office | 📍 Location not provided","https://www.reed.co.uk/jobs/test-engineer/56822662?source=searchResults&filter=%2Fjobs%2Ftest-engineer-jobs-in-united-kingdom",""
"Software Test Engineer","","","Reed","Test Engineer","🏢 Office | 📍 Location not provided","https://www.reed.co.uk/jobs/software-test-engineer/56818780?source=searchResults&filter=%2Fjobs%2Ftest-engineer-jobs-in-united-kingdom",""
"Principal Test Engineer","","","Reed","Test Engineer","🏢 Office | 📍 Location not provided","https://www.reed.co.uk/jobs/principal-test-engineer/56732543?source=searchResults&filter=%2Fjobs%2Ftest-engineer-jobs-in-united-kingdom",""
"Electrical Testing Engineer","","","Reed","Test Engineer","🏢 Office | 📍 Location not provided","https://www.reed.co.uk/jobs/electrical-testing-engineer/56124681?source=searchResults&filter=%2Fjobs%2Ftest-engineer-jobs-in-united-kingdom",""
"Automation Software Test Engineer","","","Reed","Test Engineer","🏢 Office | 📍 Location not provided","https://www.reed.co.uk/jobs/automation-software-test-engineer/56806646?source=searchResults&filter=%2Fjobs%2Ftest-engineer-jobs-in-united-kingdom",""
"Senior Propulsion Test Engineer","","","Reed","Test Engineer","🏢 Office | 📍 Location not provided","https://www.reed.co.uk/jobs/senior-propulsion-test-engineer/56691564?source=searchResults&filter=%2Fjobs%2Ftest-engineer-jobs-in-united-kingdom",""
"Software/Firmware Test Engineer","","","Reed","Test Engineer","🏢 Office | 📍 Location not provided","https://www.reed.co.uk/jobs/software-firmware-test-engineer/56735761?source=searchResults&filter=%2Fjobs%2Ftest-engineer-jobs-in-united-kingdom",""
"Test Engineer","","","Reed","Test Engineer","🏢 Office | 📍 Location not provided","https://www.reed.co.uk/jobs/test-engineer/56689778?source=searchResults&filter=%2Fjobs%2Ftest-engineer-jobs-in-united-kingdom",""
"Test Engineer","","","Reed","Test Engineer","🏢 Office | 📍 Location not provided","https://www.reed.co.uk/jobs/test-engineer/56800625?source=searchResults&filter=%2Fjobs%2Ftest-engineer-jobs-in-united-kingdom",""
"Avionic System Development & Test Engineer","","","Reed","Test Engineer","🏢 Office | 📍 Location not provided","https://www.reed.co.uk/jobs/avionic-system-development-test-engineer/56714583?source=searchResults&filter=%2Fjobs%2Ftest-engineer-jobs-in-united-kingdom",""
"Test Engineer","","","Reed","Test Engineer","🏢 Office | 📍 Location not provided","https://www.reed.co.uk/jobs/test-engineer/56789437?source=searchResults&filter=%2Fjobs%2Ftest-engineer-jobs-in-united-kingdom",""
"Test Engineer","","","Reed","Test Engineer","🏢 Office | 📍 Location not provided","https://www.reed.co.uk/jobs/test-engineer/56824230?source=searchResults&filter=%2Fjobs%2Ftest-engineer-jobs-in-united-kingdom",""
"Test Engineer","","","Reed","Test Engineer","🏢 Office | 📍 Location not provided","https://www.reed.co.uk/jobs/test-engineer/56778791?source=searchResults&filter=%2Fjobs%2Ftest-engineer-jobs-in-united-kingdom",""
"Test Engineer","","","Reed","Test Engineer","🏢 Office | 📍 Location not provided","https://www.reed.co.uk/jobs/test-engineer/56797334?source=searchResults&filter=%2Fjobs%2Ftest-engineer-jobs-in-united-kingdom",""
"Manufacturing Test Engineer","","","Reed","Test Engineer","🏢 Office | 📍 Location not provided","https://www.reed.co.uk/jobs/manufacturing-test-engineer/56722191?source=searchResults&filter=%2Fjobs%2Ftest-engineer-jobs-in-united-kingdom",""
"Transducer Test Engineer","","","Reed","Test Engineer","🏢 Office | 📍 Location not provided","https://www.reed.co.uk/jobs/transducer-test-engineer/56728155?source=searchResults&filter=%2Fjobs%2Ftest-engineer-jobs-in-united-kingdom",""
"Production Test Engineer","","","Reed","Test Engineer","🏢 Office | 📍 Location not provided","https://www.reed.co.uk/jobs/production-test-engineer/56773660?source=searchResults&filter=%2Fjobs%2Ftest-engineer-jobs-in-united-kingdom",""
"Manufacturing Test Engineer","","","Reed","Test Engineer","🏢 Office | 📍 Location not provided","https://www.reed.co.uk/jobs/manufacturing-test-engineer/56790162?source=searchResults&filter=%2Fjobs%2Ftest-engineer-jobs-in-united-kingdom",""
"EMC Test Engineer","","","Reed","Test Engineer","🏢 Office | 📍 Location not provided","https://www.reed.co.uk/jobs/emc-test-engineer/56794233?source=searchResults&filter=%2Fjobs%2Ftest-engineer-jobs-in-united-kingdom",""
"Manufacturing Test Engineer","","","Reed","Test Engineer","🏢 Office | 📍 Location not provided","https://www.reed.co.uk/jobs/manufacturing-test-engineer/56815486?source=searchResults&filter=%2Fjobs%2Ftest-engineer-jobs-in-united-kingdom",""
"Software Test Engineer","","","Reed","Test Engineer","🏢 Office | 📍 Location not provided","https://www.reed.co.uk/jobs/software-test-engineer/56666538?source=searchResults&filter=%2Fjobs%2Ftest-engineer-jobs-in-united-kingdom",""
"Transducer Test Engineer","","","Reed","Test Engineer","🏢 Office | 📍 Location not provided","https://www.reed.co.uk/jobs/transducer-test-engineer/56773040?source=searchResults&filter=%2Fjobs%2Ftest-engineer-jobs-in-united-kingdom",""
"Electronic Test Engineer","","","Reed","Test Engineer","🏢 Office | 📍 Location not provided","https://www.reed.co.uk/jobs/electronic-test-engineer/56728937?source=searchResults&filter=%2Fjobs%2Ftest-engineer-jobs-in-united-kingdom",""
"Field Service Test Engineer","","","Reed","Test Engineer","🏢 Office | 📍 Location not provided","https://www.reed.co.uk/jobs/field-service-test-engineer/56701303?source=searchResults&filter=%2Fjobs%2Ftest-engineer-jobs-in-united-kingdom",""
"Operations Quality Engineer","","","Reed","Quality Engineer","🏢 Office | 📍 Location not provided","https://www.reed.co.uk/jobs/operations-quality-engineer/56666699?source=searchResults&filter=%2Fjobs%2Fquality-engineer-jobs-in-united-kingdom",""
"Quality Engineer","","","Reed","Quality Engineer","🏢 Office | 📍 Location not provided","https://www.reed.co.uk/jobs/quality-engineer/56812768?source=searchResults&filter=%2Fjobs%2Fquality-engineer-jobs-in-united-kingdom",""
"Quality Engineer","","","Reed","Quality Engineer","🏢 Office | 📍 Location not provided","https://www.reed.co.uk/jobs/quality-engineer/56694179?source=searchResults&filter=%2Fjobs%2Fquality-engineer-jobs-in-united-kingdom",""
"Supplier Development and Quality Engineer","","","Reed","Quality Engineer","🏢 Office | 📍 Location not provided","https://www.reed.co.uk/jobs/supplier-development-and-quality-engineer/56788592?source=searchResults&filter=%2Fjobs%2Fquality-engineer-jobs-in-united-kingdom",""
"Quality Engineer - Electrical Building Services","","","Reed","Quality Engineer","🏢 Office | 📍 Location not provided","https://www.reed.co.uk/jobs/quality-engineer-electrical-building-services/56714565?source=searchResults&filter=%2Fjobs%2Fquality-engineer-jobs-in-united-kingdom",""
"Quality Engineer","","","Reed","Quality Engineer","🏢 Office | 📍 Location not provided","https://www.reed.co.uk/jobs/quality-engineer/56823209?source=searchResults&filter=%2Fjobs%2Fquality-engineer-jobs-in-united-kingdom",""
"Quality Engineer","","","Reed","Quality Engineer","🏢 Office | 📍 Location not provided","https://www.reed.co.uk/jobs/quality-engineer/56676983?source=searchResults&filter=%2Fjobs%2Fquality-engineer-jobs-in-united-kingdom",""
"Quality Engineer","","","Reed","Quality Engineer","🏢 Office | 📍 Location not provided","https://www.reed.co.uk/jobs/quality-engineer/56368801?source=searchResults&filter=%2Fjobs%2Fquality-engineer-jobs-in-united-kingdom",""
"Quality Engineer","","","Reed","Quality Engineer","🏢 Office | 📍 Location not provided","https://www.reed.co.uk/jobs/quality-engineer/56792006?source=searchResults&filter=%2Fjobs%2Fquality-engineer-jobs-in-united-kingdom",""
"Quality Engineer","","","Reed","Quality Engineer","🏢 Office | 📍 Location not provided","https://www.reed.co.uk/jobs/quality-engineer/56790742?source=searchResults&filter=%2Fjobs%2Fquality-engineer-jobs-in-united-kingdom",""
"Quality Engineer","","","Reed","Quality Engineer","🏢 Office | 📍 Location not provided","https://www.reed.co.uk/jobs/quality-engineer/56775478?source=searchResults&filter=%2Fjobs%2Fquality-engineer-jobs-in-united-kingdom",""
"Quality Engineer","","","Reed","Quality Engineer","🏢 Office | 📍 Location not provided","https://www.reed.co.uk/jobs/quality-engineer/56775020?source=searchResults&filter=%2Fjobs%2Fquality-engineer-jobs-in-united-kingdom",""
"Quality Engineer","","","Reed","Quality Engineer","🏢 Office | 📍 Location not provided","https://www.reed.co.uk/jobs/quality-engineer/56699203?source=searchResults&filter=%2Fjobs%2Fquality-engineer-jobs-in-united-kingdom",""
"Quality Engineer","","","Reed","Quality Engineer","🏢 Office | 📍 Location not provided","https://www.reed.co.uk/jobs/quality-engineer/56820327?source=searchResults&filter=%2Fjobs%2Fquality-engineer-jobs-in-united-kingdom",""
"Quality Engineer","","","Reed","Quality Engineer","🏢 Office | 📍 Location not provided","https://www.reed.co.uk/jobs/quality-engineer/56816183?source=searchResults&filter=%2Fjobs%2Fquality-engineer-jobs-in-united-kingdom",""
"Quality Engineer","","","Reed","Quality Engineer","🏢 Office | 📍 Location not provided","https://www.reed.co.uk/jobs/quality-engineer/56733540?source=searchResults&filter=%2Fjobs%2Fquality-engineer-jobs-in-united-kingdom",""
"Quality Engineer","","","Reed","Quality Engineer","🏢 Office | 📍 Location not provided","https://www.reed.co.uk/jobs/quality-engineer/56773268?source=searchResults&filter=%2Fjobs%2Fquality-engineer-jobs-in-united-kingdom",""
"Quality Engineer","","","Reed","Quality Engineer","🏢 Office | 📍 Location not provided","https://www.reed.co.uk/jobs/quality-engineer/56751325?source=searchResults&filter=%2Fjobs%2Fquality-engineer-jobs-in-united-kingdom",""
"Quality Engineer","","","Reed","Quality Engineer","🏢 Office | 📍 Location not provided","https://www.reed.co.uk/jobs/quality-engineer/56693045?source=searchResults&filter=%2Fjobs%2Fquality-engineer-jobs-in-united-kingdom",""
"Quality Engineer","","","Reed","Quality Engineer","🏢 Office | 📍 Location not provided","https://www.reed.co.uk/jobs/quality-engineer/56689086?source=searchResults&filter=%2Fjobs%2Fquality-engineer-jobs-in-united-kingdom",""
"Quality Engineer","","","Reed","Quality Engineer","🏢 Office | 📍 Location not provided","https://www.reed.co.uk/jobs/quality-engineer/56823122?source=searchResults&filter=%2Fjobs%2Fquality-engineer-jobs-in-united-kingdom",""
"Quality Engineer","","","Reed","Quality Engineer","🏢 Office | 📍 Location not provided","https://www.reed.co.uk/jobs/quality-engineer/56707241?source=searchResults&filter=%2Fjobs%2Fquality-engineer-jobs-in-united-kingdom",""
"Quality Engineer","","","Reed","Quality Engineer","🏢 Office | 📍 Location not provided","https://www.reed.co.uk/jobs/quality-engineer/56786762?source=searchResults&filter=%2Fjobs%2Fquality-engineer-jobs-in-united-kingdom",""
"Quality Engineer","","","Reed","Quality Engineer","🏢 Office | 📍 Location not provided","https://www.reed.co.uk/jobs/quality-engineer/56769029?source=searchResults&filter=%2Fjobs%2Fquality-engineer-jobs-in-united-kingdom",""
"Quality Engineer","","","Reed","Quality Engineer","🏢 Office | 📍 Location not provided","https://www.reed.co.uk/jobs/quality-engineer/56793515?source=searchResults&filter=%2Fjobs%2Fquality-engineer-jobs-in-united-kingdom",""
"QA Test Lead","","","Reed","QA Lead","🏢 Office | 📍 Location not provided","https://www.reed.co.uk/jobs/qa-test-lead/56821661?source=searchResults&filter=%2Fjobs%2Fqa-lead-jobs-in-united-kingdom",""
"QA Chapter Lead","","","Reed","QA Lead","🏢 Office | 📍 Location not provided","https://www.reed.co.uk/jobs/qa-chapter-lead/56718142?source=searchResults&filter=%2Fjobs%2Fqa-lead-jobs-in-united-kingdom",""
"QA Chapter Lead","","","Reed","QA Lead","🏢 Office | 📍 Location not provided","https://www.reed.co.uk/jobs/qa-chapter-lead/56693754?source=searchResults&filter=%2Fjobs%2Fqa-lead-jobs-in-united-kingdom",""
"QA Lead / Senior QA Tester","","","Reed","QA Lead","🏢 Office | 📍 Location not provided","https://www.reed.co.uk/jobs/qa-lead-senior-qa-tester/56710772?source=searchResults&filter=%2Fjobs%2Fqa-lead-jobs-in-united-kingdom",""
"Lead Quality Assurance - Salesforce","","","Reed","QA Lead","🏢 Office | 📍 Location not provided","https://www.reed.co.uk/jobs/lead-quality-assurance-salesforce/56778952?source=searchResults&filter=%2Fjobs%2Fqa-lead-jobs-in-united-kingdom",""
"Lead QA Engineer","","","Reed","QA Lead","🏢 Office | 📍 Location not provided","https://www.reed.co.uk/jobs/lead-qa-engineer/56664665?source=searchResults&filter=%2Fjobs%2Fqa-lead-jobs-in-united-kingdom",""
"QA Supervisor/ QC Manager","","","Reed","QA Lead","🏢 Office | 📍 Location not provided","https://www.reed.co.uk/jobs/qa-supervisor-qc-manager/56791456?source=searchResults&filter=%2Fjobs%2Fqa-lead-jobs-in-united-kingdom",""
"Quality Team Leader - Supplier Pillar","","","Reed","QA Lead","🏢 Office | 📍 Location not provided","https://www.reed.co.uk/jobs/quality-team-leader-supplier-pillar/56793626?source=searchResults&filter=%2Fjobs%2Fqa-lead-jobs-in-united-kingdom",""
"Contract QA Consultant","","","Reed","QA Lead","🏢 Office | 📍 Location not provided","https://www.reed.co.uk/jobs/contract-qa-consultant/56796290?source=searchResults&filter=%2Fjobs%2Fqa-lead-jobs-in-united-kingdom",""
"Test Lead","","","Reed","QA Lead","🏢 Office | 📍 Location not provided","https://www.reed.co.uk/jobs/test-lead/56689532?source=searchResults&filter=%2Fjobs%2Fqa-lead-jobs-in-united-kingdom",""
"QA Officer","","","Reed","QA Lead","🏢 Office | 📍 Location not provided","https://www.reed.co.uk/jobs/qa-officer/56792905?source=searchResults&filter=%2Fjobs%2Fqa-lead-jobs-in-united-kingdom",""
"QA Officer","","","Reed","QA Lead","🏢 Office | 📍 Location not provided","https://www.reed.co.uk/jobs/qa-officer/56792518?source=searchResults&filter=%2Fjobs%2Fqa-lead-jobs-in-united-kingdom",""
"QA Officer","","","Reed","QA Lead","🏢 Office | 📍 Location not provided","https://www.reed.co.uk/jobs/qa-officer/56792637?source=searchResults&filter=%2Fjobs%2Fqa-lead-jobs-in-united-kingdom",""
"Quality Assurance Support","","","Reed","QA Lead","🏢 Office | 📍 Location not provided","https://www.reed.co.uk/jobs/quality-assurance-support/56695891?source=searchResults&filter=%2Fjobs%2Fqa-lead-jobs-in-united-kingdom",""
"Quality Assurance Analyst","","","Reed","QA Lead","🏢 Office | 📍 Location not provided","https://www.reed.co.uk/jobs/quality-assurance-analyst/56711570?source=searchResults&filter=%2Fjobs%2Fqa-lead-jobs-in-united-kingdom",""
"Quality Assurance Supervisor","","","Reed","QA Lead","🏢 Office | 📍 Location not provided","https://www.reed.co.uk/jobs/quality-assurance-supervisor/56812931?source=searchResults&filter=%2Fjobs%2Fqa-lead-jobs-in-united-kingdom",""
"QA Officer (West Midlands/Birmingham)","","","Reed","QA Lead","🏢 Office | 📍 Location not provided","https://www.reed.co.uk/jobs/qa-officer-west-midlands-birmingham/56669578?source=searchResults&filter=%2Fjobs%2Fqa-lead-jobs-in-united-kingdom",""
"QA Automation Engineer","","","Reed","QA Lead","🏢 Office | 📍 Location not provided","https://www.reed.co.uk/jobs/qa-automation-engineer/56815148?source=searchResults&filter=%2Fjobs%2Fqa-lead-jobs-in-united-kingdom",""
"Inventory Control and Quality Assurance Manager (06:00 - 18:00) 4 On 4 Off","","","Reed","QA Lead","🏢 Office | 📍 Location not provided","https://www.reed.co.uk/jobs/inventory-control-and-quality-assurance-manager-0600-1800-4-on-4-off/56683690?source=searchResults&filter=%2Fjobs%2Fqa-lead-jobs-in-united-kingdom",""
"Inventory Control and Quality Assurance Manager (18:00 - 06:00) 4 On 4 Off","","","Reed","QA Lead","🏢 Office | 📍 Location not provided","https://www.reed.co.uk/jobs/inventory-control-and-quality-assurance-manager-1800-0600-4-on-4-off/56683684?source=searchResults&filter=%2Fjobs%2Fqa-lead-jobs-in-united-kingdom",""
"Quality Assurance Manager","","","Reed","QA Lead","🏢 Office | 📍 Location not provided","https://www.reed.co.uk/jobs/quality-assurance-manager/56802062?source=searchResults&filter=%2Fjobs%2Fqa-lead-jobs-in-united-kingdom",""
"Quality Assurance Manager","","","Reed","QA Lead","🏢 Office | 📍 Location not provided","https://www.reed.co.uk/jobs/quality-assurance-manager/56801923?source=searchResults&filter=%2Fjobs%2Fqa-lead-jobs-in-united-kingdom",""
"Quality Assurance Manager","","","Reed","QA Lead","🏢 Office | 📍 Location not provided","https://www.reed.co.uk/jobs/quality-assurance-manager/56801984?source=searchResults&filter=%2Fjobs%2Fqa-lead-jobs-in-united-kingdom",""
"Senior Quality Assurance Engineer","","","Reed","QA Lead","🏢 Office | 📍 Location not provided","https://www.reed.co.uk/jobs/senior-quality-assurance-engineer/56824839?source=searchResults&filter=%2Fjobs%2Fqa-lead-jobs-in-united-kingdom",""
"QA Automation Architect","","","Reed","QA Lead","🏢 Office | 📍 Location not provided","https://www.reed.co.uk/jobs/qa-automation-architect/56707904?source=searchResults&filter=%2Fjobs%2Fqa-lead-jobs-in-united-kingdom",""
"RF Test Engineer","Rowden","Bristol, South West England","Adzuna (TotalJobs+)","Software QA Engineer","🏢 Office | 🚗 1h 52min | 🚌 ~2h 36min","https://www.adzuna.co.uk/jobs/land/ad/5708447613?se=1A3CnHtB8RG60p_fUSdYlA&utm_medium=api&utm_source=fec81443&v=BDB39D976345D483B8441CFEB83A92F55ECB0BC3","2026-04-23"
"Lead Quality Engineer","Preservica","Dry Sandford, Abingdon","Adzuna (TotalJobs+)","Software QA Engineer","🏢 Office | 🚗 2h 50min ❌ | 🚌 ~3h 59min","https://www.adzuna.co.uk/jobs/land/ad/5707213055?se=1A3CnHtB8RG60p_fUSdYlA&utm_medium=api&utm_source=fec81443&v=B8423DD4475FB6ABF8788FAFEF8BFB5E6DBCCCBF","2026-04-22"
"Software QA Engineer","KLA","UK","Adzuna (TotalJobs+)","Software QA Engineer","🏢 Office | 📍 Location not provided","https://www.adzuna.co.uk/jobs/details/5704449295?utm_medium=api&utm_source=fec81443","2026-04-19"
"Software Team Lead","Smartbox Assistive Technology","Bristol, South West England","Adzuna (TotalJobs+)","Software QA Engineer","🏢 Office | 🚗 1h 52min | 🚌 ~2h 36min","https://www.adzuna.co.uk/jobs/land/ad/5701274891?se=1A3CnHtB8RG60p_fUSdYlA&utm_medium=api&utm_source=fec81443&v=F366B76A249FF8F65E7D67EC47F2BE5CCD068DF4","2026-04-16"
"Software Team Lead","GET STAFFED ONLINE RECRUITMENT LIMITED","Bristol, South West England","Adzuna (TotalJobs+)","Software QA Engineer","🏢 Office | 🚗 1h 52min | 🚌 ~2h 36min","https://www.adzuna.co.uk/jobs/land/ad/5701149402?se=1A3CnHtB8RG60p_fUSdYlA&utm_medium=api&utm_source=fec81443&v=8F5B212BB76CAFDC3E3575D615734075C7830380","2026-04-16"
"Software Team Lead","Smartbox Assistive Technology","UK","Adzuna (TotalJobs+)","Software QA Engineer","🏢 Office | 📍 Location not provided","https://www.adzuna.co.uk/jobs/details/5700008193?utm_medium=api&utm_source=fec81443","2026-04-15"
"Senior Project Manager","NuBreed Hotels Ltd.","Leeds, West Yorkshire","Adzuna (TotalJobs+)","Software QA Engineer","🏢 Office | 🚗 1h 58min | 🚌 ~2h 45min","https://www.adzuna.co.uk/jobs/details/5700008007?utm_medium=api&utm_source=fec81443","2026-04-15"
"Software Team Lead","Get Staffed Online Recruitment","Bristol, South West England","Adzuna (TotalJobs+)","Software QA Engineer","🏢 Office | 🚗 1h 52min | 🚌 ~2h 36min","https://www.adzuna.co.uk/jobs/details/5699487430?utm_medium=api&utm_source=fec81443","2026-04-15"
"Senior Software Tester","Fazer Recruitment","Manchester, Greater Manchester","Adzuna (TotalJobs+)","Software QA Engineer","🏢 Office | 🚗 1h 21min | 🚌 ~2h 26min","https://www.adzuna.co.uk/jobs/land/ad/5698200684?se=1A3CnHtB8RG60p_fUSdYlA&utm_medium=api&utm_source=fec81443&v=0475A518AE39072390C7FA301F2AC3E86DEE137C","2026-04-13"
"Software/Firmware Test Engineer","Hireful","Stockport, Greater Manchester","Adzuna (TotalJobs+)","Software QA Engineer","🏢 Office | 🚗 1h 16min | 🚌 ~2h 16min","https://www.adzuna.co.uk/jobs/details/5689348209?utm_medium=api&utm_source=fec81443","2026-04-04"
"Software/Firmware Test Engineer","Unipart","Stockport, Greater Manchester","Adzuna (TotalJobs+)","Software QA Engineer","🏢 Office | 🚗 1h 16min | 🚌 ~2h 16min","https://www.adzuna.co.uk/jobs/details/5688363443?utm_medium=api&utm_source=fec81443","2026-04-03"
"Software/Firmware Test Engineer","Unipart","Newtown, Disley","Adzuna (TotalJobs+)","Software QA Engineer","🏢 Office | 🚗 1h 12min | 🚌 ~2h 10min","https://www.adzuna.co.uk/jobs/land/ad/5687125422?se=1A3CnHtB8RG60p_fUSdYlA&utm_medium=api&utm_source=fec81443&v=15D40871AE877ED62DE16BC7118D30DFEEFF8555","2026-04-02"
"Senior Test Engineer","Cox Automotive","UK","Adzuna (TotalJobs+)","Software QA Engineer","🏢 Office | 📍 Location not provided","https://www.adzuna.co.uk/jobs/details/5683446123?utm_medium=api&utm_source=fec81443","2026-03-30"
"Senior QA Engineer (Remote)","The Investigo Group","UK","Adzuna (TotalJobs+)","Software QA Engineer","🏢 Office | 📍 Location not provided","https://www.adzuna.co.uk/jobs/details/5680332224?utm_medium=api&utm_source=fec81443","2026-03-27"
"Senior QA Engineer","The Investigo Group","Liverpool, Merseyside","Adzuna (TotalJobs+)","Software QA Engineer","🏢 Office | 🚗 52min | 🚌 ~1h 34min","https://www.adzuna.co.uk/jobs/details/5680332218?utm_medium=api&utm_source=fec81443","2026-03-27"
"Software Engineer","Low Carbon Contracts Company","Birmingham, West Midlands","Adzuna (TotalJobs+)","Software QA Engineer","🏢 Office | 🚗 1h 42min | 🚌 ~2h 23min","https://www.adzuna.co.uk/jobs/details/5679308285?utm_medium=api&utm_source=fec81443","2026-03-26"
"Senior Delivery Manager","Informed Solutions","Altrincham, Greater Manchester","Adzuna (TotalJobs+)","Software QA Automation Engineer","🏢 Office | 🚗 1h | 🚌 ~1h 49min","https://www.adzuna.co.uk/jobs/details/5457262885?utm_medium=api&utm_source=fec81443","2025-10-21"
"Product Design Lead","MBDA UK","Bristol, South West England","Adzuna (TotalJobs+)","Testing Lead","🏢 Office | 🚗 1h 52min | 🚌 ~2h 36min","https://www.adzuna.co.uk/jobs/land/ad/5711038532?se=4OgpnntB8RGtTOojiaELgw&utm_medium=api&utm_source=fec81443&v=40B16832B957C0FC5E0758159D7E421BDCD8FE79","2026-04-26"
"Vice President, Audit Project Leader (London)","Bny Mellon","Manchester, Greater Manchester","Adzuna (TotalJobs+)","Testing Lead","🏢 Office | 🚗 1h 21min | 🚌 ~2h 26min","https://www.adzuna.co.uk/jobs/land/ad/5711017838?se=4OgpnntB8RGtTOojiaELgw&utm_medium=api&utm_source=fec81443&v=11B06AF253051D713E0D7C3359BE3B11F3F50A7E","2026-04-26"
"Electrician","Test Incorporated Ltd","UK","Adzuna (TotalJobs+)","Testing Lead","🏢 Office | 📍 Location not provided","https://www.adzuna.co.uk/jobs/land/ad/5711010506?se=4OgpnntB8RGtTOojiaELgw&utm_medium=api&utm_source=fec81443&v=F2B7EF7E44BE675F142F2B941AF2461BE69FB04F","2026-04-26"
"Head of Digital Acquisition","Zachary Daniels","Walton, Warrington","Adzuna (TotalJobs+)","Testing Lead","🏢 Office | 🚗 46min | 🚌 ~1h 23min","https://www.adzuna.co.uk/jobs/land/ad/5711003278?se=4OgpnntB8RGtTOojiaELgw&utm_medium=api&utm_source=fec81443&v=53C9D6F89F741C80F71A5BFA501523DD8D699848","2026-04-26"
"Star Pubs Management Agreement - Raven Stechford - Birmingham","Star Pubs Management Agreement","Birmingham, West Midlands","Adzuna (TotalJobs+)","Testing Lead","🏢 Office | 🚗 1h 42min | 🚌 ~2h 23min","https://www.adzuna.co.uk/jobs/details/5710923137?utm_medium=api&utm_source=fec81443","2026-04-26"
"Star Pubs Management Agreement - Green Man Willington - Derby","Star Pubs Management Agreement","Derby, Derbyshire","Adzuna (TotalJobs+)","Testing Lead","🏢 Office | 🚗 1h 50min | 🚌 ~2h 34min","https://www.adzuna.co.uk/jobs/details/5710923122?utm_medium=api&utm_source=fec81443","2026-04-26"
"Senior Quality Engineer","TXP","Hockley, Birmingham","Adzuna (TotalJobs+)","Testing Lead","🏢 Office | 🚗 1h 46min | 🚌 ~2h 28min","https://www.adzuna.co.uk/jobs/details/5710797260?utm_medium=api&utm_source=fec81443","2026-04-26"
"SAP Time Functional Consultant","Guidant Global","Broughton, Brigg","Adzuna (TotalJobs+)","Testing Lead","🏢 Office | 🚗 2h 32min ❌ | 🚌 ~3h 33min","https://www.adzuna.co.uk/jobs/details/5710796839?utm_medium=api&utm_source=fec81443","2026-04-26"
"Product Test Lead","Rullion - Eon","The Park, Nottingham","Adzuna (TotalJobs+)","Testing Lead","🏢 Office | 🚗 2h 5min ❌ | 🚌 ~2h 55min","https://www.adzuna.co.uk/jobs/details/5710796730?utm_medium=api&utm_source=fec81443","2026-04-26"
"Senior Test Engineer","Access Computer Consulting","Holbeck, Leeds","Adzuna (TotalJobs+)","Testing Lead","🏢 Office | 🚗 1h 51min | 🚌 ~2h 35min","https://www.adzuna.co.uk/jobs/details/5710796771?utm_medium=api&utm_source=fec81443","2026-04-26"
"Test Driven Development Lead","Tatton Recruitment","Brooklands, Sale","Adzuna (TotalJobs+)","Testing Lead","🏢 Office | 🚗 1h 4min | 🚌 ~1h 56min","https://www.adzuna.co.uk/jobs/details/5710796670?utm_medium=api&utm_source=fec81443","2026-04-26"
"Senior Automation Engineer Contract Dublin","Adecco","UK","Adzuna (TotalJobs+)","Testing Lead","🏢 Office | 📍 Location not provided","https://www.adzuna.co.uk/jobs/details/5710796673?utm_medium=api&utm_source=fec81443","2026-04-26"
"Senior Developer - Embedded Software - Acoustic Positioning Lead","DCS Recruitment Limited","Brooklands, Sale","Adzuna (TotalJobs+)","Testing Lead","🏢 Office | 🚗 1h 4min | 🚌 ~1h 56min","https://www.adzuna.co.uk/jobs/details/5710796491?utm_medium=api&utm_source=fec81443","2026-04-26"
"Full Stack Engineer","Adria Solutions Ltd","Bewsey, Warrington","Adzuna (TotalJobs+)","Testing Lead","🏢 Office | 🚗 58min | 🚌 ~1h 44min","https://www.adzuna.co.uk/jobs/details/5710796458?utm_medium=api&utm_source=fec81443","2026-04-26"
"Lead Financial ERP Consultant","Chapman Tate Associates","Ladywood, Birmingham","Adzuna (TotalJobs+)","Testing Lead","🏢 Office | 🚗 1h 47min | 🚌 ~2h 30min","https://www.adzuna.co.uk/jobs/details/5710796318?utm_medium=api&utm_source=fec81443","2026-04-26"
"Senior Test Engineer","Cadent","Ansty, Rugby","Adzuna (TotalJobs+)","Testing Lead","🏢 Office | 🚗 2h 5min ❌ | 🚌 ~2h 55min","https://www.adzuna.co.uk/jobs/details/5710795727?utm_medium=api&utm_source=fec81443","2026-04-26"
"Test Automation Lead","Howdens Joinery","Raunds, Wellingborough","Adzuna (TotalJobs+)","Testing Lead","🏢 Office | 🚗 2h 36min ❌ | 🚌 ~3h 39min","https://www.adzuna.co.uk/jobs/details/5710795694?utm_medium=api&utm_source=fec81443","2026-04-26"
"Test and Release Manager","VIQU IT","Ladywood, Birmingham","Adzuna (TotalJobs+)","Testing Lead","🏢 Office | 🚗 1h 47min | 🚌 ~2h 30min","https://www.adzuna.co.uk/jobs/details/5710795637?utm_medium=api&utm_source=fec81443","2026-04-26"
"Senior Electronic Hardware Engineer","GE Vernova","Stafford, Staffordshire","Adzuna (TotalJobs+)","Testing Lead","🏢 Office | 🚗 1h 16min | 🚌 ~2h 17min","https://www.adzuna.co.uk/jobs/details/5710687135?utm_medium=api&utm_source=fec81443","2026-04-26"
"PPC Manager- Manchester","REM Associates Ltd","Rusholme, Manchester","Adzuna (TotalJobs+)","Testing Lead","🏢 Office | 🚗 1h 12min | 🚌 ~2h 9min","https://www.adzuna.co.uk/jobs/land/ad/5710437023?se=4OgpnntB8RGtTOojiaELgw&utm_medium=api&utm_source=fec81443&v=6AFC7353EEEA74C07662FA470971E3339C21FF9C","2026-04-25"
"Nuclear Commissioning Project Leader - Mechanical (Reactor)","BAE Systems","UK","Adzuna (TotalJobs+)","Testing Lead","🏢 Office | 📍 Location not provided","https://www.adzuna.co.uk/jobs/details/5710436588?utm_medium=api&utm_source=fec81443","2026-04-25"
"Sound Insulation Tester","Aztrum","Manchester, Greater Manchester","Adzuna (TotalJobs+)","Testing Lead","🏢 Office | 🚗 1h 21min | 🚌 ~2h 26min","https://www.adzuna.co.uk/jobs/details/5710435927?utm_medium=api&utm_source=fec81443","2026-04-25"
"Test Programme Lead – Testing as a Service (TaaS)","DXC Technology","UK","Adzuna (TotalJobs+)","Testing Lead","🏢 Office | 📍 Location not provided","https://www.adzuna.co.uk/jobs/details/5710434788?utm_medium=api&utm_source=fec81443","2026-04-25"
"Ld HR Specialist","Chicago Mercantile Exchange","UK","Adzuna (TotalJobs+)","Testing Lead","🏢 Office | 📍 Location not provided","https://www.adzuna.co.uk/jobs/details/5710434194?utm_medium=api&utm_source=fec81443","2026-04-25"
"Senior Test Manager","Computershare","Bristol, South West England","Adzuna (TotalJobs+)","Testing Lead","🏢 Office | 🚗 1h 52min | 🚌 ~2h 36min","https://www.adzuna.co.uk/jobs/details/5710434144?utm_medium=api&utm_source=fec81443","2026-04-25"
"Test Lab Operations Lead","Evolito","Bicester, Oxfordshire","Adzuna (TotalJobs+)","Testing Lead","🏢 Office | 🚗 2h 34min ❌ | 🚌 ~3h 36min","https://www.adzuna.co.uk/jobs/details/5710434096?utm_medium=api&utm_source=fec81443","2026-04-25"
"Product Design Lead","MBDA UK","Bristol, South West England","Adzuna (TotalJobs+)","Test Lead","🏢 Office | 🚗 1h 52min | 🚌 ~2h 36min","https://www.adzuna.co.uk/jobs/land/ad/5711038532?se=0k8bn3tB8RG559CN95vx2w&utm_medium=api&utm_source=fec81443&v=40B16832B957C0FC5E0758159D7E421BDCD8FE79","2026-04-26"
"Vice President, Audit Project Leader (London)","Bny Mellon","Manchester, Greater Manchester","Adzuna (TotalJobs+)","Test Lead","🏢 Office | 🚗 1h 21min | 🚌 ~2h 26min","https://www.adzuna.co.uk/jobs/land/ad/5711017838?se=0k8bn3tB8RG559CN95vx2w&utm_medium=api&utm_source=fec81443&v=11B06AF253051D713E0D7C3359BE3B11F3F50A7E","2026-04-26"
"Electrician","Test Incorporated Ltd","UK","Adzuna (TotalJobs+)","Test Lead","🏢 Office | 📍 Location not provided","https://www.adzuna.co.uk/jobs/land/ad/5711010506?se=0k8bn3tB8RG559CN95vx2w&utm_medium=api&utm_source=fec81443&v=F2B7EF7E44BE675F142F2B941AF2461BE69FB04F","2026-04-26"
"Head of Digital Acquisition","Zachary Daniels","Walton, Warrington","Adzuna (TotalJobs+)","Test Lead","🏢 Office | 🚗 46min | 🚌 ~1h 23min","https://www.adzuna.co.uk/jobs/land/ad/5711003278?se=0k8bn3tB8RG559CN95vx2w&utm_medium=api&utm_source=fec81443&v=53C9D6F89F741C80F71A5BFA501523DD8D699848","2026-04-26"
"PPC Manager- Manchester","REM Associates Ltd","Rusholme, Manchester","Adzuna (TotalJobs+)","Test Lead","🏢 Office | 🚗 1h 12min | 🚌 ~2h 9min","https://www.adzuna.co.uk/jobs/land/ad/5710437023?se=0k8bn3tB8RG559CN95vx2w&utm_medium=api&utm_source=fec81443&v=6AFC7353EEEA74C07662FA470971E3339C21FF9C","2026-04-25"
"Senior Engineer","James Lambeth Limited","UK","Adzuna (TotalJobs+)","QA Engineer","🏢 Office | 📍 Location not provided","https://www.adzuna.co.uk/jobs/land/ad/5711003003?se=mJD6n3tB8RG60p_fUSdYlA&utm_medium=api&utm_source=fec81443&v=8A8A0B0CE67A461A41B82568DDAAF2D71B3A96E3","2026-04-26"
"Senior Front End Developer - Birmingham","TXP","Hockley, Birmingham","Adzuna (TotalJobs+)","QA Engineer","🏢 Office | 🚗 1h 46min | 🚌 ~2h 28min","https://www.adzuna.co.uk/jobs/details/5710797261?utm_medium=api&utm_source=fec81443","2026-04-26"
"Senior Product Manager","First Achieve Ltd","Hulme, Manchester","Adzuna (TotalJobs+)","QA Engineer","🏢 Office | 🚗 1h 14min | 🚌 ~2h 13min","https://www.adzuna.co.uk/jobs/details/5710797085?utm_medium=api&utm_source=fec81443","2026-04-26"
"Senior Python Developer","Mploy Group","UK","Adzuna (TotalJobs+)","QA Engineer","🏢 Office | 📍 Location not provided","https://www.adzuna.co.uk/jobs/details/5710796047?utm_medium=api&utm_source=fec81443","2026-04-26"
"Quality Assurance Engineer - Filton","MBDA UK","Filton, Bristol","Adzuna (TotalJobs+)","QA Engineer","🏢 Office | 🚗 2h 50min ❌ | 🚌 ~3h 58min","https://www.adzuna.co.uk/jobs/details/5710795733?utm_medium=api&utm_source=fec81443","2026-04-26"
"QA/QC Engineer – Data Centre Construction","Breagh Recruitment","UK","Adzuna (TotalJobs+)","QA Engineer","🏢 Office | 📍 Location not provided","https://www.adzuna.co.uk/jobs/details/5710704297?utm_medium=api&utm_source=fec81443","2026-04-26"
"QA Automation Engineer","Amex","Manchester, Greater Manchester","Adzuna (TotalJobs+)","QA Engineer","🏢 Office | 🚗 1h 21min | 🚌 ~2h 26min","https://www.adzuna.co.uk/jobs/details/5710436257?utm_medium=api&utm_source=fec81443","2026-04-25"
"Plant Manager","Stanbroke Beef","Grantham, Lincolnshire","Adzuna (TotalJobs+)","QA Engineer","🏢 Office | 🚗 2h 36min ❌ | 🚌 ~3h 38min","https://www.adzuna.co.uk/jobs/details/5710435594?utm_medium=api&utm_source=fec81443","2026-04-25"
"Quality Engineer (Data)","OneSavings Bank PLC","Coven Heath, Wolverhampton","Adzuna (TotalJobs+)","QA Engineer","🏢 Office | 🚗 1h 10min | 🚌 ~2h 7min","https://www.adzuna.co.uk/jobs/details/5710402801?utm_medium=api&utm_source=fec81443","2026-04-25"
"Mobile QA Engineer - Health App - Up to £45k","Few&Far","UK","Adzuna (TotalJobs+)","QA Engineer","🏢 Office | 📍 Location not provided","https://www.adzuna.co.uk/jobs/land/ad/5710394749?se=mJD6n3tB8RG60p_fUSdYlA&utm_medium=api&utm_source=fec81443&v=26A58CCCD1476C4610D4F0EF9795C661C2AE760F","2026-04-25"
"Senior Software Quality Assurance Engineer","iPro Suite","UK","Adzuna (TotalJobs+)","QA Engineer","🏢 Office | 📍 Location not provided","https://www.adzuna.co.uk/jobs/land/ad/5710394707?se=mJD6n3tB8RG60p_fUSdYlA&utm_medium=api&utm_source=fec81443&v=F0701CEFD17C8D084F140078F00317C1335A3B13","2026-04-25"
"Frontend Developer (React)","Recann","UK","Adzuna (TotalJobs+)","QA Engineer","🏢 Office | 📍 Location not provided","https://www.adzuna.co.uk/jobs/land/ad/5710394245?se=mJD6n3tB8RG60p_fUSdYlA&utm_medium=api&utm_source=fec81443&v=49FD4E506106F3E85AABD0679008D51D8FA5FB8D","2026-04-25"
"Lead Quality Assurance Analyst","Coforge","Telford, Shropshire","Adzuna (TotalJobs+)","QA Engineer","🏢 Office | 🚗 1h 5min | 🚌 ~1h 58min","https://www.adzuna.co.uk/jobs/land/ad/5710393432?se=mJD6n3tB8RG60p_fUSdYlA&utm_medium=api&utm_source=fec81443&v=5F2AC044B68658F8C93FF718A7A23033BD459D4D","2026-04-25"
"Senior Site Engineer","TM Green Group","Northwich, Cheshire","Adzuna (TotalJobs+)","QA Engineer","🏢 Office | 🚗 52min | 🚌 ~1h 34min","https://www.adzuna.co.uk/jobs/land/ad/5710393308?se=mJD6n3tB8RG60p_fUSdYlA&utm_medium=api&utm_source=fec81443&v=08D46B667EF9D2692691074079308BBB3D92CBD0","2026-04-25"
"QA Engineer - £50,000 - £60,000","Opus Recruitment Solutions","Oxfordshire, South East England","Adzuna (TotalJobs+)","QA Engineer","🏢 Office | 🚗 2h 49min ❌ | 🚌 ~3h 56min","https://www.adzuna.co.uk/jobs/land/ad/5710393166?se=mJD6n3tB8RG60p_fUSdYlA&utm_medium=api&utm_source=fec81443&v=5D049029708BC323A08FA6FEA592F54BC8C967F2","2026-04-25"
"Head of Design Engineering","Coburg Banks Limited","The Park, Nottingham","Adzuna (TotalJobs+)","QA Engineer","🏢 Office | 🚗 2h 5min ❌ | 🚌 ~2h 55min","https://www.adzuna.co.uk/jobs/land/ad/5710234298?se=mJD6n3tB8RG60p_fUSdYlA&utm_medium=api&utm_source=fec81443&v=3F3C31BA43DF1689B5BDBEB2D29AEBFB88567541","2026-04-25"
"Quality Engineer","Halian | Managed Services, Recruitment Agency & Contract Staffing","Bedford, Bedfordshire","Adzuna (TotalJobs+)","QA Engineer","🏢 Office | 🚗 2h 51min ❌ | 🚌 ~3h 59min","https://www.adzuna.co.uk/jobs/land/ad/5709979243?se=mJD6n3tB8RG60p_fUSdYlA&utm_medium=api&utm_source=fec81443&v=6396939CB56BBF8B8006D48048B4280389C0758C","2026-04-25"
"Senior QA Engineer","trg.recruitment","UK","Adzuna (TotalJobs+)","QA Engineer","🏢 Office | 📍 Location not provided","https://www.adzuna.co.uk/jobs/land/ad/5709977754?se=mJD6n3tB8RG60p_fUSdYlA&utm_medium=api&utm_source=fec81443&v=38A17411C65385504DFE8EC834216217D60E1096","2026-04-25"
"Quality Assurance Analyst","Coforge","Telford, Shropshire","Adzuna (TotalJobs+)","QA Engineer","🏢 Office | 🚗 1h 5min | 🚌 ~1h 58min","https://www.adzuna.co.uk/jobs/land/ad/5709976913?se=mJD6n3tB8RG60p_fUSdYlA&utm_medium=api&utm_source=fec81443&v=EBB5DB979FB4740B87B5F75718AFBF9E21C23A16","2026-04-25"
"Quality Assurance Analyst","FinTop Consulting","Manchester, Greater Manchester","Adzuna (TotalJobs+)","QA Engineer","🏢 Office | 🚗 1h 21min | 🚌 ~2h 26min","https://www.adzuna.co.uk/jobs/land/ad/5709975929?se=mJD6n3tB8RG60p_fUSdYlA&utm_medium=api&utm_source=fec81443&v=FEE8A7C42A29CB9C7683CAE7F2B3BE588C4F6A3B","2026-04-25"
"QA Engineer - £50,000 - £60,000","Opus Recruitment Solutions","Oxfordshire, South East England","Adzuna (TotalJobs+)","QA Automation Engineer","🏢 Office | 🚗 2h 49min ❌ | 🚌 ~3h 56min","https://www.adzuna.co.uk/jobs/land/ad/5710393166?se=kHoIoXtB8RGtTOojiaELgw&utm_medium=api&utm_source=fec81443&v=5D049029708BC323A08FA6FEA592F54BC8C967F2","2026-04-25"
"Quality Assurance Analyst","Coforge","Telford, Shropshire","Adzuna (TotalJobs+)","QA Automation Engineer","🏢 Office | 🚗 1h 5min | 🚌 ~1h 58min","https://www.adzuna.co.uk/jobs/land/ad/5709976913?se=kHoIoXtB8RGtTOojiaELgw&utm_medium=api&utm_source=fec81443&v=EBB5DB979FB4740B87B5F75718AFBF9E21C23A16","2026-04-25"
"QA Engineer (Manual & Automation)","Pinewood.AI","Solihull, West Midlands","Adzuna (TotalJobs+)","QA Automation Engineer","🏢 Office | 🚗 1h 51min | 🚌 ~2h 35min","https://www.adzuna.co.uk/jobs/details/5709442473?utm_medium=api&utm_source=fec81443","2026-04-24"
"Senior QA Automation Engineer","Future Publishing","UK","Adzuna (TotalJobs+)","QA Automation Engineer","🏢 Office | 📍 Location not provided","https://www.adzuna.co.uk/jobs/details/5708371923?utm_medium=api&utm_source=fec81443","2026-04-23"
"QA Automation Engineer","Howdens Joinery","Yorkshire And The Humber, UK","Adzuna (TotalJobs+)","QA Automation Engineer","🏢 Office | 🚗 2h 48min ❌ | 🚌 ~3h 55min","https://www.adzuna.co.uk/jobs/land/ad/5707343808?se=kHoIoXtB8RGtTOojiaELgw&utm_medium=api&utm_source=fec81443&v=27883961977EA04CE5C4A15805A931CDB4BCF5CB","2026-04-22"
"DevOps Engineer","DXC Technology","UK","Adzuna (TotalJobs+)","QA Automation Engineer","🏢 Office | 📍 Location not provided","https://www.adzuna.co.uk/jobs/details/5707198284?utm_medium=api&utm_source=fec81443","2026-04-22"
"Devops QA Engineer","Avensys Consulting","UK","Adzuna (TotalJobs+)","QA Automation Engineer","🏢 Office | 📍 Location not provided","https://www.adzuna.co.uk/jobs/land/ad/5704597247?se=kHoIoXtB8RGtTOojiaELgw&utm_medium=api&utm_source=fec81443&v=1D9C16E67D0719F183E5C351A1EB7463A59C5892","2026-04-19"
"Lead Quality Assurance Engineer","Station","UK","Adzuna (TotalJobs+)","QA Automation Engineer","🏢 Office | 📍 Location not provided","https://www.adzuna.co.uk/jobs/land/ad/5704597193?se=kHoIoXtB8RGtTOojiaELgw&utm_medium=api&utm_source=fec81443&v=A3B769EC8CF598C455986B8FB563D7826B782004","2026-04-19"
"Software Test Engineer","TRIA","Milton Keynes, Buckinghamshire","Adzuna (TotalJobs+)","QA Automation Engineer","🏢 Office | 🚗 2h 36min ❌ | 🚌 ~3h 39min","https://www.adzuna.co.uk/jobs/land/ad/5704596495?se=kHoIoXtB8RGtTOojiaELgw&utm_medium=api&utm_source=fec81443&v=2F3DC54E41CC53BBDBBA7C43C5541D4C09FF6CDE","2026-04-19"
"QA Automation Engineer - London Stock Exchange Group","London Stock Exchange Group","Nottingham, Nottinghamshire","Adzuna (TotalJobs+)","QA Automation Engineer","🏢 Office | 🚗 2h 9min ❌ | 🚌 ~3h 1min","https://www.adzuna.co.uk/jobs/land/ad/5702619583?se=kHoIoXtB8RGtTOojiaELgw&utm_medium=api&utm_source=fec81443&v=D0E6D7B541E6A3859A1744E393995A5B41ED4933","2026-04-17"
"Senior Qa Engineer","coforge","Hinkshay, Telford","Adzuna (TotalJobs+)","QA Automation Engineer","🏢 Office | 🚗 1h 11min | 🚌 ~2h 8min","https://www.adzuna.co.uk/jobs/details/5701573622?utm_medium=api&utm_source=fec81443","2026-04-16"
"QA Engineer (Automation) - Manchester","Forward Role","Manchester, Greater Manchester","Adzuna (TotalJobs+)","QA Automation Engineer","🏢 Office | 🚗 1h 21min | 🚌 ~2h 26min","https://www.adzuna.co.uk/jobs/details/5701541532?utm_medium=api&utm_source=fec81443","2026-04-16"
"Senior Automation QA Engineer (Data Engineering)","IntaPeople","UK","Adzuna (TotalJobs+)","QA Automation Engineer","🏢 Office | 📍 Location not provided","https://www.adzuna.co.uk/jobs/land/ad/5701480520?se=kHoIoXtB8RGtTOojiaELgw&utm_medium=api&utm_source=fec81443&v=27BDACD79ED24EA476819ECC5AEAD27F697E1827","2026-04-16"
"QA Automation Architect / Automation Practice Lead","Experis UK","UK","Adzuna (TotalJobs+)","QA Automation Engineer","🏢 Office | 📍 Location not provided","https://www.adzuna.co.uk/jobs/details/5700383716?utm_medium=api&utm_source=fec81443","2026-04-15"
"Senior AI Fullstack Engineer","Etera Technologies FZCO","UK","Adzuna (TotalJobs+)","QA Automation Engineer","🏢 Office | 📍 Location not provided","https://www.adzuna.co.uk/jobs/details/5698222701?utm_medium=api&utm_source=fec81443","2026-04-13"
"Senior QA Automation Engineer","StorMagic","Bristol, South West England","Adzuna (TotalJobs+)","QA Automation Engineer","🏢 Office | 🚗 1h 52min | 🚌 ~2h 36min","https://www.adzuna.co.uk/jobs/details/5698054360?utm_medium=api&utm_source=fec81443","2026-04-13"
"Automation Test Engineer","Howden","UK","Adzuna (TotalJobs+)","QA Automation Engineer","🏢 Office | 📍 Location not provided","https://www.adzuna.co.uk/jobs/land/ad/5697410417?se=kHoIoXtB8RGtTOojiaELgw&utm_medium=api&utm_source=fec81443&v=8BF4726A00F906E1E59458E7EEB9DAA08AC5E21C","2026-04-12"
"QA Automation Engineer - Scotland","Accenture","UK","Adzuna (TotalJobs+)","QA Automation Engineer","🏢 Office | 📍 Location not provided","https://www.adzuna.co.uk/jobs/details/5695506114?utm_medium=api&utm_source=fec81443","2026-04-10"
"Sr. Test Engineer (Cypress)","Mastek","Leeds, West Yorkshire","Adzuna (TotalJobs+)","Test Automation Engineer","🏢 Office | 🚗 1h 58min | 🚌 ~2h 45min","https://www.adzuna.co.uk/jobs/land/ad/5710394631?se=xKEpontB8RG60p_fUSdYlA&utm_medium=api&utm_source=fec81443&v=75F52130E69230DA59A6A0AB335C963DC17CECA5","2026-04-25"
"QA Engineer - £50,000 - £60,000","Opus Recruitment Solutions","Oxfordshire, South East England","Adzuna (TotalJobs+)","Test Automation Engineer","🏢 Office | 🚗 2h 49min ❌ | 🚌 ~3h 56min","https://www.adzuna.co.uk/jobs/land/ad/5710393166?se=xKEpontB8RG60p_fUSdYlA&utm_medium=api&utm_source=fec81443&v=5D049029708BC323A08FA6FEA592F54BC8C967F2","2026-04-25"
"Senior DevOps Engineer","Lloyds Banking Group","Dean Clough Industrial Park, Halifax","Adzuna (TotalJobs+)","Test Automation Engineer","🏢 Office | 🚗 1h 46min | 🚌 ~2h 28min","https://www.adzuna.co.uk/jobs/details/5710330608?utm_medium=api&utm_source=fec81443","2026-04-25"
"Automation Test Engineer","Morson Edge","Chester, Cheshire","Adzuna (TotalJobs+)","Test Automation Engineer","🏢 Office | 🚗 29min | 🚌 ~53min","https://www.adzuna.co.uk/jobs/details/5710205710?utm_medium=api&utm_source=fec81443","2026-04-25"
"Quality Assurance Analyst","Coforge","Telford, Shropshire","Adzuna (TotalJobs+)","Test Automation Engineer","🏢 Office | 🚗 1h 5min | 🚌 ~1h 58min","https://www.adzuna.co.uk/jobs/land/ad/5709976913?se=xKEpontB8RG60p_fUSdYlA&utm_medium=api&utm_source=fec81443&v=EBB5DB979FB4740B87B5F75718AFBF9E21C23A16","2026-04-25"
"Quality Engineer","TXP Technology x People","Birmingham, West Midlands","Adzuna (TotalJobs+)","Test Automation Engineer","🏢 Office | 🚗 1h 42min | 🚌 ~2h 23min","https://www.adzuna.co.uk/jobs/land/ad/5709491872?se=xKEpontB8RG60p_fUSdYlA&utm_medium=api&utm_source=fec81443&v=E639CA863B3FA79DB376B96E5349F698467B7390","2026-04-24"
"Team Lead, QA","Intradiem","UK","Adzuna (TotalJobs+)","Test Automation Engineer","🏢 Office | 📍 Location not provided","https://www.adzuna.co.uk/jobs/details/5709491491?utm_medium=api&utm_source=fec81443","2026-04-24"
"Quality Engineer","TXP","Balsall Heath, Birmingham","Adzuna (TotalJobs+)","Test Automation Engineer","🏢 Office | 🚗 1h 49min | 🚌 ~2h 32min","https://www.adzuna.co.uk/jobs/land/ad/5709443325?se=xKEpontB8RG60p_fUSdYlA&utm_medium=api&utm_source=fec81443&v=C9C759CC31C5C2F1550ABB81355B7385B8134133","2026-04-24"
"Embedded Software Verification and Validation Engineer","MBDA","Bristol, South West England","Adzuna (TotalJobs+)","Test Automation Engineer","🏢 Office | 🚗 1h 52min | 🚌 ~2h 36min","https://www.adzuna.co.uk/jobs/land/ad/5708447267?se=xKEpontB8RG60p_fUSdYlA&utm_medium=api&utm_source=fec81443&v=3B260024ADCF7F0DCE273EA23F6961E819CBF9AF","2026-04-23"
"Senior Manufacturing Test Engineer","Engineering","Congleton, Cheshire","Adzuna (TotalJobs+)","Test Automation Engineer","🏢 Office | 🚗 1h 13min | 🚌 ~2h 12min","https://www.adzuna.co.uk/jobs/land/ad/5708138411?se=xKEpontB8RG60p_fUSdYlA&utm_medium=api&utm_source=fec81443&v=11A2AEA0BF9A201CEF5F300EF509B96ADD1BBE86","2026-04-23"
"Senior Automation Test Engineer - eSC or eDV Required","IBM","Leicester, Leicestershire","Adzuna (TotalJobs+)","Test Automation Engineer","🏢 Office | 📍 Commute API error","https://www.adzuna.co.uk/jobs/details/5707685707?utm_medium=api&utm_source=fec81443","2026-04-23"
"Senior Automation Test Engineer - eSC or eDV Required","IBM","Cheltenham, Gloucestershire","Adzuna (TotalJobs+)","Test Automation Engineer","🏢 Office | 🚗 2h 27min ❌ | 🚌 ~3h 26min","https://www.adzuna.co.uk/jobs/details/5707685706?utm_medium=api&utm_source=fec81443","2026-04-23"
"Senior Automation Test Engineer - eSC or eDV Required","IBM","Manchester, Greater Manchester","Adzuna (TotalJobs+)","Test Automation Engineer","🏢 Office | 🚗 1h 21min | 🚌 ~2h 26min","https://www.adzuna.co.uk/jobs/details/5707685709?utm_medium=api&utm_source=fec81443","2026-04-23"
"Principal Test Automation Engineer","Danaher","UK","Adzuna (TotalJobs+)","Test Automation Engineer","🏢 Office | 📍 Location not provided","https://www.adzuna.co.uk/jobs/details/5707200990?utm_medium=api&utm_source=fec81443","2026-04-22"
"Automation Test Architect","DXC Technology","UK","Adzuna (TotalJobs+)","Test Automation Engineer","🏢 Office | 📍 Location not provided","https://www.adzuna.co.uk/jobs/details/5707197878?utm_medium=api&utm_source=fec81443","2026-04-22"
"Freelance Agent Evaluation Engineer","Mindrift","UK","Adzuna (TotalJobs+)","Test Automation Engineer","🏢 Office | 📍 Location not provided","https://www.adzuna.co.uk/jobs/details/5707128531?utm_medium=api&utm_source=fec81443","2026-04-22"
"Freelance Agent Evaluation Engineer","Mindrift","Manchester, Greater Manchester","Adzuna (TotalJobs+)","Test Automation Engineer","🏢 Office | 🚗 1h 21min | 🚌 ~2h 26min","https://www.adzuna.co.uk/jobs/details/5707128511?utm_medium=api&utm_source=fec81443","2026-04-22"
"Freelance Agent Evaluation Engineer","Mindrift","Birmingham, West Midlands","Adzuna (TotalJobs+)","Test Automation Engineer","🏢 Office | 🚗 1h 42min | 🚌 ~2h 23min","https://www.adzuna.co.uk/jobs/details/5707128551?utm_medium=api&utm_source=fec81443","2026-04-22"
"Devops QA Engineer","Avensys Consulting","UK","Adzuna (TotalJobs+)","SDET","🏢 Office | 📍 Location not provided","https://www.adzuna.co.uk/jobs/land/ad/5704597247?se=Mqkho3tB8RGtTOojiaELgw&utm_medium=api&utm_source=fec81443&v=1D9C16E67D0719F183E5C351A1EB7463A59C5892","2026-04-19"
"Software Test Engineer","TRIA","Milton Keynes, Buckinghamshire","Adzuna (TotalJobs+)","SDET","🏢 Office | 🚗 2h 36min ❌ | 🚌 ~3h 39min","https://www.adzuna.co.uk/jobs/land/ad/5704596495?se=Mqkho3tB8RGtTOojiaELgw&utm_medium=api&utm_source=fec81443&v=2F3DC54E41CC53BBDBBA7C43C5541D4C09FF6CDE","2026-04-19"
"Lead Performance Tester (SDET)","Vonage","UK","Adzuna (TotalJobs+)","SDET","🏢 Office | 📍 Location not provided","https://www.adzuna.co.uk/jobs/details/5701318532?utm_medium=api&utm_source=fec81443","2026-04-16"
"Software Engineer In Test (SDET)","The Portfolio Group","Rusholme, Manchester","Adzuna (TotalJobs+)","SDET","🏢 Office | 🚗 1h 12min | 🚌 ~2h 9min","https://www.adzuna.co.uk/jobs/land/ad/5700243952?se=Mqkho3tB8RGtTOojiaELgw&utm_medium=api&utm_source=fec81443&v=56FB6C4814651A1D29A73C730026D826F5296DED","2026-04-15"
"Software Engineer In Test (SDET)","The Portfolio Group","Manchester, Greater Manchester","Adzuna (TotalJobs+)","SDET","🏢 Office | 🚗 1h 21min | 🚌 ~2h 26min","https://www.adzuna.co.uk/jobs/land/ad/5700240426?se=Mqkho3tB8RGtTOojiaELgw&utm_medium=api&utm_source=fec81443&v=9ED003D63A38D7E2008A417EC551FC6EE5D3507E","2026-04-15"
"Senior SDET","Semble","UK","Adzuna (TotalJobs+)","SDET","🏢 Office | 📍 Location not provided","https://www.adzuna.co.uk/jobs/details/5700006196?utm_medium=api&utm_source=fec81443","2026-04-15"
"Team Lead, Software Developer in Test","Intermedia Intelligent Communications","UK","Adzuna (TotalJobs+)","SDET","🏢 Office | 📍 Location not provided","https://www.adzuna.co.uk/jobs/details/5688572890?utm_medium=api&utm_source=fec81443","2026-04-03"
"Software Development Engineer in Test (SDET)","Commify","Nottingham, Nottinghamshire","Adzuna (TotalJobs+)","SDET","🏢 Office | 🚗 2h 9min ❌ | 🚌 ~3h 1min","https://www.adzuna.co.uk/jobs/details/5684266231?utm_medium=api&utm_source=fec81443","2026-03-31"
"SDET / QA Lead","Saris AI","UK","Adzuna (TotalJobs+)","SDET","🏢 Office | 📍 Location not provided","https://www.adzuna.co.uk/jobs/details/5681250433?utm_medium=api&utm_source=fec81443","2026-03-28"
"Lead QA","Stackstudio Digital Ltd.","UK","Adzuna (TotalJobs+)","SDET","🏢 Office | 📍 Location not provided","https://www.adzuna.co.uk/jobs/details/5673627946?utm_medium=api&utm_source=fec81443","2026-03-20"
"Software Architect","Morson Edge","Eccles, Manchester","Adzuna (TotalJobs+)","Software Engineer in Test","🏢 Office | 🚗 1h 10min | 🚌 ~2h 6min","https://www.adzuna.co.uk/jobs/details/5710797241?utm_medium=api&utm_source=fec81443","2026-04-26"
"Software Development Test Engineer","Premea","Lillington, Leamington Spa","Adzuna (TotalJobs+)","Software Engineer in Test","🏢 Office | 🚗 2h 10min ❌ | 🚌 ~3h 2min","https://www.adzuna.co.uk/jobs/details/5710796579?utm_medium=api&utm_source=fec81443","2026-04-26"
"Senior Software Developer","VIQU IT","Ladywood, Birmingham","Adzuna (TotalJobs+)","Software Engineer in Test","🏢 Office | 🚗 1h 47min | 🚌 ~2h 30min","https://www.adzuna.co.uk/jobs/details/5710796510?utm_medium=api&utm_source=fec81443","2026-04-26"
"Senior Software Engineer - Manchester","Adecco","Hulme, Manchester","Adzuna (TotalJobs+)","Software Engineer in Test","🏢 Office | 🚗 1h 14min | 🚌 ~2h 13min","https://www.adzuna.co.uk/jobs/details/5710796395?utm_medium=api&utm_source=fec81443","2026-04-26"
"Software Development Test Engineer","Jonathan Lee Recruitment Ltd","Stoneclough, Radcliffe","Adzuna (TotalJobs+)","Software Engineer in Test","🏢 Office | 🚗 1h 9min | 🚌 ~2h 5min","https://www.adzuna.co.uk/jobs/details/5710796277?utm_medium=api&utm_source=fec81443","2026-04-26"
"Senior Technical Business Analyst","Vital Human Resources","Hulme, Manchester","Adzuna (TotalJobs+)","Software Engineer in Test","🏢 Office | 🚗 1h 14min | 🚌 ~2h 13min","https://www.adzuna.co.uk/jobs/details/5710796293?utm_medium=api&utm_source=fec81443","2026-04-26"
"Senior Software Engineer – Quality Engineering & Testing","Sophos","UK","Adzuna (TotalJobs+)","Software Engineer in Test","🏢 Office | 📍 Location not provided","https://www.adzuna.co.uk/jobs/details/5710434956?utm_medium=api&utm_source=fec81443","2026-04-25"
"C# Software Engineer","Motorola Solutions","UK","Adzuna (TotalJobs+)","Software Engineer in Test","🏢 Office | 📍 Location not provided","https://www.adzuna.co.uk/jobs/land/ad/5710433195?se=RnAYpHtB8RGtTOojiaELgw&utm_medium=api&utm_source=fec81443&v=A8658EF40F5373DE062B1E224503B71A8584CCE9","2026-04-25"
"CBSP SATCOM - Information Systems Security Specialist","Centurum","UK","Adzuna (TotalJobs+)","Software Engineer in Test","🏢 Office | 📍 Location not provided","https://www.adzuna.co.uk/jobs/details/5709493261?utm_medium=api&utm_source=fec81443","2026-04-24"
"Senior Quality Engineer","TXP Technology x People","Birmingham, West Midlands","Adzuna (TotalJobs+)","Software Engineer in Test","🏢 Office | 🚗 1h 42min | 🚌 ~2h 23min","https://www.adzuna.co.uk/jobs/land/ad/5709491951?se=RnAYpHtB8RGtTOojiaELgw&utm_medium=api&utm_source=fec81443&v=F815A3F920CA443BD237CE3D8F1FDDFF11361BD3","2026-04-24"
"Software Engineer","Leonardo","UK","Adzuna (TotalJobs+)","Software Engineer in Test","🏢 Office | 📍 Location not provided","https://www.adzuna.co.uk/jobs/details/5709488695?utm_medium=api&utm_source=fec81443","2026-04-24"
"Software Engineer","Leonardo","UK","Adzuna (TotalJobs+)","Software Engineer in Test","🏢 Office | 📍 Location not provided","https://www.adzuna.co.uk/jobs/details/5709486441?utm_medium=api&utm_source=fec81443","2026-04-24"
"Senior Software Test Engineer","Hexwired Recruitment Limited","UK","Adzuna (TotalJobs+)","Software Engineer in Test","🏢 Office | 📍 Location not provided","https://www.adzuna.co.uk/jobs/land/ad/5709443316?se=RnAYpHtB8RGtTOojiaELgw&utm_medium=api&utm_source=fec81443&v=63AE3125C6D25839F57B4C33A3E54319476D91B4","2026-04-24"
"Senior Quality Engineer","TXP","Balsall Heath, Birmingham","Adzuna (TotalJobs+)","Software Engineer in Test","🏢 Office | 🚗 1h 49min | 🚌 ~2h 32min","https://www.adzuna.co.uk/jobs/land/ad/5709408071?se=RnAYpHtB8RGtTOojiaELgw&utm_medium=api&utm_source=fec81443&v=A9C2006D641CBB67C5399FBD2A9B379532FAC1CF","2026-04-24"
"Software Test Engineer","AJ Bell","Manchester, Greater Manchester","Adzuna (TotalJobs+)","Software Engineer in Test","🏢 Office | 🚗 1h 21min | 🚌 ~2h 26min","https://www.adzuna.co.uk/jobs/details/5708924134?utm_medium=api&utm_source=fec81443","2026-04-24"
"ML Ops Engineer | York Hybrid","Oliver James","Hull, East Riding Of Yorkshire","Adzuna (TotalJobs+)","Software Engineer in Test","🔀 Hybrid | 🚗 2h 37min ❌ | 🚌 ~3h 40min","https://www.adzuna.co.uk/jobs/land/ad/5708776065?se=RnAYpHtB8RGtTOojiaELgw&utm_medium=api&utm_source=fec81443&v=EC21DE73EA7A3757BE8A242A717F3917F45DD31C","2026-04-23"
"Software Test Engineer","AJ Bell","Salford, Greater Manchester","Adzuna (TotalJobs+)","Software Engineer in Test","🏢 Office | 🚗 1h 10min | 🚌 ~2h 7min","https://www.adzuna.co.uk/jobs/land/ad/5708448540?se=RnAYpHtB8RGtTOojiaELgw&utm_medium=api&utm_source=fec81443&v=F06BE846F91DDF68637A5694A991A30DD3AA0DC5","2026-04-23"
"RF Test Engineer","Rowden","Bristol, South West England","Adzuna (TotalJobs+)","Software Engineer in Test","🏢 Office | 🚗 1h 52min | 🚌 ~2h 36min","https://www.adzuna.co.uk/jobs/land/ad/5708447613?se=RnAYpHtB8RGtTOojiaELgw&utm_medium=api&utm_source=fec81443&v=BDB39D976345D483B8441CFEB83A92F55ECB0BC3","2026-04-23"
"MLOPS Lead","MLOPS Lead near York","York, North Yorkshire","Adzuna (TotalJobs+)","Software Engineer in Test","🏢 Office | 🚗 2h 20min ❌ | 🚌 ~3h 16min","https://www.adzuna.co.uk/jobs/details/5708447496?utm_medium=api&utm_source=fec81443","2026-04-23"
"Electronic Test Engineer","Verso Recruitment","Porthill, Newcastle-under-Lyme","Adzuna (TotalJobs+)","Test Engineer","🏢 Office | 🚗 1h 1min | 🚌 ~1h 50min","https://www.adzuna.co.uk/jobs/land/ad/5711009446?se=xCwFpXtB8RGtTOojiaELgw&utm_medium=api&utm_source=fec81443&v=B975BED4F62A47937A7696E9ECD09D660C322170","2026-04-26"
"Electronics Engineer","KO2 Embedded Recruitment Solutions LTD","Harthill, Tattenhall","Adzuna (TotalJobs+)","Test Engineer","🏢 Office | 🚗 20min | 🚌 ~35min","https://www.adzuna.co.uk/jobs/land/ad/5711006217?se=xCwFpXtB8RGtTOojiaELgw&utm_medium=api&utm_source=fec81443&v=95F890741B572476788CFD27B445A4A44969F038","2026-04-26"
"Electrical Qualified Supervisor","Niyaa People Ltd","Leicester, Leicestershire","Adzuna (TotalJobs+)","Test Engineer","🏢 Office | 📍 Commute API error","https://www.adzuna.co.uk/jobs/land/ad/5711006197?se=xCwFpXtB8RGtTOojiaELgw&utm_medium=api&utm_source=fec81443&v=55D6CB8654F5DB7B1B3A4AD7FCE9E09C9C325282","2026-04-26"
"Electrical Test Engineer","THE RECRUITMENT FIX LIMITED","Oldham, Greater Manchester","Adzuna (TotalJobs+)","Test Engineer","🏢 Office | 🚗 1h 25min | 🚌 ~1h 59min","https://www.adzuna.co.uk/jobs/land/ad/5711003073?se=xCwFpXtB8RGtTOojiaELgw&utm_medium=api&utm_source=fec81443&v=30D2BD4479536751C7F3E4D89CACC9D96B5A17E8","2026-04-26"
"Senior Software Engineering Manager","Tilt Recruitment","Brooklands, Sale","Adzuna (TotalJobs+)","Test Engineer","🏢 Office | 🚗 1h 4min | 🚌 ~1h 56min","https://www.adzuna.co.uk/jobs/details/5710797265?utm_medium=api&utm_source=fec81443","2026-04-26"
"AI Engineer","Rerooters Limited t/a Certus Recruitment","Milton, Brampton","Adzuna (TotalJobs+)","Test Engineer","🏢 Office | 🚗 2h 45min ❌ | 🚌 ~3h 51min","https://www.adzuna.co.uk/jobs/details/5710796480?utm_medium=api&utm_source=fec81443","2026-04-26"
"Senior Firmware Architect","Chroma Recruitment Ltd","Denton, Manchester","Adzuna (TotalJobs+)","Test Engineer","🏢 Office | 🚗 1h 9min | 🚌 ~2h 4min","https://www.adzuna.co.uk/jobs/details/5710796017?utm_medium=api&utm_source=fec81443","2026-04-26"
"Contract Applications Developer (C++ & Qt)","TXM Recruit","Wolverton Mill, Milton Keynes","Adzuna (TotalJobs+)","Test Engineer","🏢 Office | 🚗 2h 39min ❌ | 🚌 ~3h 42min","https://www.adzuna.co.uk/jobs/details/5710795988?utm_medium=api&utm_source=fec81443","2026-04-26"
"Software Engineering Lead","VIQU IT","Ladywood, Birmingham","Adzuna (TotalJobs+)","Test Engineer","🏢 Office | 🚗 1h 47min | 🚌 ~2h 30min","https://www.adzuna.co.uk/jobs/details/5710796048?utm_medium=api&utm_source=fec81443","2026-04-26"
"Software Engineering Lead","VIQU IT Recruitment","Conniburrow, Milton Keynes","Adzuna (TotalJobs+)","Test Engineer","🏢 Office | 🚗 2h 35min ❌ | 🚌 ~3h 38min","https://www.adzuna.co.uk/jobs/details/5710795937?utm_medium=api&utm_source=fec81443","2026-04-26"
"Senior Software Engineer - UKIC","FBI &TMT","Hapton, Burnley","Adzuna (TotalJobs+)","Test Engineer","🏢 Office | 🚗 1h 30min | 🚌 ~2h 6min","https://www.adzuna.co.uk/jobs/details/5710795946?utm_medium=api&utm_source=fec81443","2026-04-26"
"Lead Software Engineer","VIQU IT","Ladywood, Birmingham","Adzuna (TotalJobs+)","Test Engineer","🏢 Office | 🚗 1h 47min | 🚌 ~2h 30min","https://www.adzuna.co.uk/jobs/details/5710795799?utm_medium=api&utm_source=fec81443","2026-04-26"
"Lead Software Engineer","VIQU IT Recruitment","Ladywood, Birmingham","Adzuna (TotalJobs+)","Test Engineer","🏢 Office | 🚗 1h 47min | 🚌 ~2h 30min","https://www.adzuna.co.uk/jobs/details/5710795803?utm_medium=api&utm_source=fec81443","2026-04-26"
"Principal Product Assurance Engineer","MBDA UK","Bristol, South West England","Adzuna (TotalJobs+)","Quality Engineer","🏢 Office | 🚗 1h 52min | 🚌 ~2h 36min","https://www.adzuna.co.uk/jobs/land/ad/5711037572?se=flH9pXtB8RG559CN95vx2w&utm_medium=api&utm_source=fec81443&v=C2FE30F6097CA7914D945329B891827D1D5F9A2B","2026-04-26"
"Process Engineer","Connected Search Group","Worsbrough Common, Barnsley","Adzuna (TotalJobs+)","Quality Engineer","🏢 Office | 🚗 2h 5min ❌ | 🚌 ~2h 56min","https://www.adzuna.co.uk/jobs/details/5711021357?utm_medium=api&utm_source=fec81443","2026-04-26"
"Vice President, Full-Stack Engineer","Bny Mellon","Manchester, Greater Manchester","Adzuna (TotalJobs+)","Quality Engineer","🏢 Office | 🚗 1h 21min | 🚌 ~2h 26min","https://www.adzuna.co.uk/jobs/land/ad/5711018067?se=flH9pXtB8RG559CN95vx2w&utm_medium=api&utm_source=fec81443&v=2A4EF6F3062E99EB555273EB6FE6255A93515840","2026-04-26"
"Senior Vice President, Full-Stack Engineer","Bny Mellon","Manchester, Greater Manchester","Adzuna (TotalJobs+)","Quality Engineer","🏢 Office | 🚗 1h 21min | 🚌 ~2h 26min","https://www.adzuna.co.uk/jobs/land/ad/5711017837?se=flH9pXtB8RG559CN95vx2w&utm_medium=api&utm_source=fec81443&v=F3BF878F58CEBEC0919A2EE1DB10E261C33FCD01","2026-04-26"
"Vice President, Data Scientist – AI Hub","Bny Mellon","Manchester, Greater Manchester","Adzuna (TotalJobs+)","Quality Engineer","🏢 Office | 🚗 1h 21min | 🚌 ~2h 26min","https://www.adzuna.co.uk/jobs/land/ad/5711017829?se=flH9pXtB8RG559CN95vx2w&utm_medium=api&utm_source=fec81443&v=FC5573AE1411E2BCD4524E6C2666D6972231CA08","2026-04-26"
"Lead Setter","Aqumen Recruitment","Saltend, Hull","Adzuna (TotalJobs+)","Quality Engineer","🏢 Office | 🚗 2h 42min ❌ | 🚌 ~3h 47min","https://www.adzuna.co.uk/jobs/land/ad/5711011124?se=flH9pXtB8RG559CN95vx2w&utm_medium=api&utm_source=fec81443&v=A4D02E5D8F197D464D8C576310A1D823724EC355","2026-04-26"
"Electronic Test Engineer","Verso Recruitment","Porthill, Newcastle-under-Lyme","Adzuna (TotalJobs+)","Quality Engineer","🏢 Office | 🚗 1h 1min | 🚌 ~1h 50min","https://www.adzuna.co.uk/jobs/land/ad/5711009446?se=flH9pXtB8RG559CN95vx2w&utm_medium=api&utm_source=fec81443&v=B975BED4F62A47937A7696E9ECD09D660C322170","2026-04-26"
"Quality Systems Engineer","Bolt Technical Limited","Hanley, Stoke-On-Trent","Adzuna (TotalJobs+)","Quality Engineer","🏢 Office | 🚗 1h 5min | 🚌 ~1h 57min","https://www.adzuna.co.uk/jobs/land/ad/5711009030?se=flH9pXtB8RG559CN95vx2w&utm_medium=api&utm_source=fec81443&v=A134165FB404B6169AEA1A1B41D266E01F93E333","2026-04-26"
"Automated Door Engineer","Edwards & Pearce Limited","Hull, East Riding Of Yorkshire","Adzuna (TotalJobs+)","Quality Engineer","🏢 Office | 🚗 2h 37min ❌ | 🚌 ~3h 40min","https://www.adzuna.co.uk/jobs/land/ad/5711006230?se=flH9pXtB8RG559CN95vx2w&utm_medium=api&utm_source=fec81443&v=950CEEB0E32174B86EB6D05C18B64B775BABFC64","2026-04-26"
"Electronics Engineer","KO2 Embedded Recruitment Solutions LTD","Harthill, Tattenhall","Adzuna (TotalJobs+)","Quality Engineer","🏢 Office | 🚗 20min | 🚌 ~35min","https://www.adzuna.co.uk/jobs/land/ad/5711006217?se=flH9pXtB8RG559CN95vx2w&utm_medium=api&utm_source=fec81443&v=95F890741B572476788CFD27B445A4A44969F038","2026-04-26"
"Technical Manager - Modular","Anord Mardix  Ltd","Helsington, Kendal","Adzuna (TotalJobs+)","Quality Engineer","🏢 Office | 🚗 1h 52min | 🚌 ~2h 37min","https://www.adzuna.co.uk/jobs/land/ad/5711003323?se=flH9pXtB8RG559CN95vx2w&utm_medium=api&utm_source=fec81443&v=1C7C51ECCE5E07F5D252B610A9E74E07AACC80F1","2026-04-26"
"CNC Grinding Tool Technician","Kyocera Unimerco Tooling Ltd","Lichfield, Staffordshire","Adzuna (TotalJobs+)","Quality Engineer","🏢 Office | 🚗 1h 32min | 🚌 ~2h 8min","https://www.adzuna.co.uk/jobs/land/ad/5711003025?se=flH9pXtB8RG559CN95vx2w&utm_medium=api&utm_source=fec81443&v=34FFCF35417F974A61351B6D0C8D12BCAE946249","2026-04-26"
"Senior PCB Design Engineer","Platform Recruitment Limited","UK","Adzuna (TotalJobs+)","Quality Engineer","🏢 Office | 📍 Location not provided","https://www.adzuna.co.uk/jobs/land/ad/5711003043?se=flH9pXtB8RG559CN95vx2w&utm_medium=api&utm_source=fec81443&v=04A0D81A4BC578B4EAB5A87177E2236ABCCF86A4","2026-04-26"
"Technical Sales Engineer","ACS Executive","Birmingham, West Midlands","Adzuna (TotalJobs+)","Quality Engineer","🏢 Office | 🚗 1h 42min | 🚌 ~2h 23min","https://www.adzuna.co.uk/jobs/details/5710832778?utm_medium=api&utm_source=fec81443","2026-04-26"
"Data Engineer","Kids Planet Day Nurseries","West Bowling, Bradford","Adzuna (TotalJobs+)","Quality Engineer","🏢 Office | 🚗 1h 43min | 🚌 ~2h 24min","https://www.adzuna.co.uk/jobs/details/5710797262?utm_medium=api&utm_source=fec81443","2026-04-26"
"Quality Engineer","TXP","Hockley, Birmingham","Adzuna (TotalJobs+)","Quality Engineer","🏢 Office | 🚗 1h 46min | 🚌 ~2h 28min","https://www.adzuna.co.uk/jobs/details/5710797273?utm_medium=api&utm_source=fec81443","2026-04-26"
"Java Team Lead","TXP","Hockley, Birmingham","Adzuna (TotalJobs+)","Quality Engineer","🏢 Office | 🚗 1h 46min | 🚌 ~2h 28min","https://www.adzuna.co.uk/jobs/details/5710797114?utm_medium=api&utm_source=fec81443","2026-04-26"
"Data Developer","Halton Housing","Bold Heath, Widnes","Adzuna (TotalJobs+)","Quality Engineer","🏢 Office | 🚗 50min | 🚌 ~1h 29min","https://www.adzuna.co.uk/jobs/details/5710796700?utm_medium=api&utm_source=fec81443","2026-04-26"
"Senior Product Manager","Langham Recruitment","Cliftonville, Northampton","Adzuna (TotalJobs+)","Quality Engineer","🏢 Office | 🚗 2h 26min ❌ | 🚌 ~3h 24min","https://www.adzuna.co.uk/jobs/details/5710796776?utm_medium=api&utm_source=fec81443","2026-04-26"
"Backend Developer","The Portfolio Group","Manchester Science Park, Manchester","Adzuna (TotalJobs+)","Quality Engineer","🏢 Office | 🚗 1h 13min | 🚌 ~2h 12min","https://www.adzuna.co.uk/jobs/details/5710796678?utm_medium=api&utm_source=fec81443","2026-04-26"
"Engineering Manager (Mainframe)","Experian Ltd","The Park, Nottingham","Adzuna (TotalJobs+)","Quality Engineer","🏢 Office | 🚗 2h 6min ❌ | 🚌 ~2h 56min","https://www.adzuna.co.uk/jobs/details/5710796649?utm_medium=api&utm_source=fec81443","2026-04-26"
"Data Analyst","Travail Employment Group","Little Irchester, Wellingborough","Adzuna (TotalJobs+)","Quality Engineer","🏢 Office | 🚗 2h 34min ❌ | 🚌 ~3h 35min","https://www.adzuna.co.uk/jobs/details/5710796599?utm_medium=api&utm_source=fec81443","2026-04-26"
"Lead Software Engineer","Langham Recruitment","Trafford Park, Manchester","Adzuna (TotalJobs+)","Quality Engineer","🏢 Office | 🚗 1h 6min | 🚌 ~1h 59min","https://www.adzuna.co.uk/jobs/details/5710796549?utm_medium=api&utm_source=fec81443","2026-04-26"
"Mobile App Technical Lead","TXP","Snedshill, Telford","Adzuna (TotalJobs+)","Quality Engineer","🏢 Office | 🚗 1h 6min | 🚌 ~2h","https://www.adzuna.co.uk/jobs/details/5710796532?utm_medium=api&utm_source=fec81443","2026-04-26"
"Senior Python Developer","Tech4 Ltd","Newbridge, Wolverhampton","Adzuna (TotalJobs+)","QA Lead","🏢 Office | 🚗 1h 18min | 🚌 ~2h 21min","https://www.adzuna.co.uk/jobs/details/5710797132?utm_medium=api&utm_source=fec81443","2026-04-26"
"Mobile QA Engineer - Health App - Up to £45k","Few&Far","UK","Adzuna (TotalJobs+)","QA Lead","🏢 Office | 📍 Location not provided","https://www.adzuna.co.uk/jobs/land/ad/5710394749?se=6pVBp3tB8RGtTOojiaELgw&utm_medium=api&utm_source=fec81443&v=26A58CCCD1476C4610D4F0EF9795C661C2AE760F","2026-04-25"
"Senior Software Quality Assurance Engineer","iPro Suite","UK","Adzuna (TotalJobs+)","QA Lead","🏢 Office | 📍 Location not provided","https://www.adzuna.co.uk/jobs/land/ad/5710394707?se=6pVBp3tB8RGtTOojiaELgw&utm_medium=api&utm_source=fec81443&v=F0701CEFD17C8D084F140078F00317C1335A3B13","2026-04-25"
"Lead Quality Assurance Analyst","Coforge","Telford, Shropshire","Adzuna (TotalJobs+)","QA Lead","🏢 Office | 🚗 1h 5min | 🚌 ~1h 58min","https://www.adzuna.co.uk/jobs/land/ad/5710393432?se=6pVBp3tB8RGtTOojiaELgw&utm_medium=api&utm_source=fec81443&v=5F2AC044B68658F8C93FF718A7A23033BD459D4D","2026-04-25"
"Head of Design Engineering","Coburg Banks Limited","The Park, Nottingham","Adzuna (TotalJobs+)","QA Lead","🏢 Office | 🚗 2h 6min ❌ | 🚌 ~2h 56min","https://www.adzuna.co.uk/jobs/land/ad/5710234298?se=6pVBp3tB8RGtTOojiaELgw&utm_medium=api&utm_source=fec81443&v=3F3C31BA43DF1689B5BDBEB2D29AEBFB88567541","2026-04-25"
"Head of QA/RA","PROJECTUS","Gloucester, Gloucestershire","Adzuna (TotalJobs+)","QA Lead","🏢 Office | 🚗 2h 26min ❌ | 🚌 ~3h 25min","https://www.adzuna.co.uk/jobs/land/ad/5709979721?se=6pVBp3tB8RGtTOojiaELgw&utm_medium=api&utm_source=fec81443&v=4EF29F5DF387256502A9C52A6FA462DF7D1E66C8","2026-04-25"
"Technical Manager","Ballantine Recruitment","Elland, West Yorkshire","Adzuna (TotalJobs+)","QA Lead","🏢 Office | 🚗 1h 34min | 🚌 ~2h 12min","https://www.adzuna.co.uk/jobs/land/ad/5709978074?se=6pVBp3tB8RGtTOojiaELgw&utm_medium=api&utm_source=fec81443&v=4FB08FB7ABA9DC8F66D235280223A2200B7F6DDD","2026-04-25"
"Solar Installations Manager","Community Home Solutions","Nottingham, Nottinghamshire","Adzuna (TotalJobs+)","QA Lead","🏢 Office | 🚗 2h 10min ❌ | 🚌 ~3h 1min","https://www.adzuna.co.uk/jobs/land/ad/5709977253?se=6pVBp3tB8RGtTOojiaELgw&utm_medium=api&utm_source=fec81443&v=CF12BEBD2693BFBDA31276B7D6548237DC2F5080","2026-04-25"
"Content Developer","Pearson","UK","Adzuna (TotalJobs+)","QA Lead","🏢 Office | 📍 Location not provided","https://www.adzuna.co.uk/jobs/details/5709489331?utm_medium=api&utm_source=fec81443","2026-04-24"
"Trainee QA Test Analyst Apprenticeship","interactive investor","Leeds, West Yorkshire","Adzuna (TotalJobs+)","QA Lead","🏢 Office | 🚗 1h 58min | 🚌 ~2h 45min","https://www.adzuna.co.uk/jobs/details/5709455591?utm_medium=api&utm_source=fec81443","2026-04-24"
"Quality Manager","Gi Group","Bardsea, Ulverston","Adzuna (TotalJobs+)","QA Lead","🏢 Office | 🚗 2h 21min ❌ | 🚌 ~3h 17min","https://www.adzuna.co.uk/jobs/land/ad/5709443704?se=6pVBp3tB8RGtTOojiaELgw&utm_medium=api&utm_source=fec81443&v=727B7FCAD6DA911DF5973889B5D77F1DB900702A","2026-04-24"
"Early Years Tutor/Assessor","Kids Planet Day Nurseries","Buttershaw, Bradford","Adzuna (TotalJobs+)","QA Lead","🏢 Office | 🚗 1h 45min | 🚌 ~2h 28min","https://www.adzuna.co.uk/jobs/land/ad/5709409215?se=6pVBp3tB8RGtTOojiaELgw&utm_medium=api&utm_source=fec81443&v=36FF107DB7A1E5472EECC522AF78AB3AC7240AD3","2026-04-24"
"Configuration Suite Manager","GreenSafeIT","Kidderminster, Worcestershire","Adzuna (TotalJobs+)","QA Lead","🏢 Office | 🚗 1h 43min | 🚌 ~2h 24min","https://www.adzuna.co.uk/jobs/land/ad/5709357546?se=6pVBp3tB8RGtTOojiaELgw&utm_medium=api&utm_source=fec81443&v=464E109632DBA61FC2C223E3BCE7D09218B7F357","2026-04-24"
"Quality Assurance Manager Awarding Organisation (Vocational Educati","Career Poster","Manvers, Rotherham","Adzuna (TotalJobs+)","QA Lead","🏢 Office | 🚗 2h 11min ❌ | 🚌 ~3h 4min","https://www.adzuna.co.uk/jobs/land/ad/5709250103?se=6pVBp3tB8RGtTOojiaELgw&utm_medium=api&utm_source=fec81443&v=A1BA97B36C24A86E5A884FE2B91B38DB12E9DE8E","2026-04-24"
"Operations Planning Analyst","Workforce Planning","Ladywood, Birmingham","Adzuna (TotalJobs+)","QA Lead","🏢 Office | 🚗 1h 47min | 🚌 ~2h 30min","https://www.adzuna.co.uk/jobs/details/5708909040?utm_medium=api&utm_source=fec81443","2026-04-24"
"Content Developer","Pearson","UK","Adzuna (TotalJobs+)","QA Lead","🏢 Office | 📍 Location not provided","https://www.adzuna.co.uk/jobs/details/5708802153?utm_medium=api&utm_source=fec81443","2026-04-24"
"Head of Design Engineering","Coburg Banks Limited","Bestwood Village, Nottingham","Adzuna (TotalJobs+)","QA Lead","🏢 Office | 🚗 2h 7min ❌ | 🚌 ~2h 58min","https://www.adzuna.co.uk/jobs/land/ad/5708450937?se=6pVBp3tB8RGtTOojiaELgw&utm_medium=api&utm_source=fec81443&v=F84E0D51E5DABA99CB4F3FCFB17BF1E47418CC2C","2026-04-23"
"Head of Design Engineering","Coburg Banks Limited","Nottingham, Nottinghamshire","Adzuna (TotalJobs+)","QA Lead","🏢 Office | 🚗 2h 10min ❌ | 🚌 ~3h 1min","https://www.adzuna.co.uk/jobs/land/ad/5708450061?se=6pVBp3tB8RGtTOojiaELgw&utm_medium=api&utm_source=fec81443&v=4790DE9679FC244BEBC04B7D861913DF2E516CA3","2026-04-23"
"Software Engineer III - RMX Dispatch","Command Alkon USA","UK","Adzuna (TotalJobs+)","QA Lead","🏢 Office | 📍 Location not provided","https://www.adzuna.co.uk/jobs/details/5708449549?utm_medium=api&utm_source=fec81443","2026-04-23"
"SHEQ Advisor","FFW Site Services Ltd","Hyde Park, Leeds","Adzuna (TotalJobs+)","QA Lead","🏢 Office | 🚗 1h 54min | 🚌 ~2h 39min","https://www.adzuna.co.uk/jobs/land/ad/5708448469?se=6pVBp3tB8RGtTOojiaELgw&utm_medium=api&utm_source=fec81443&v=FEC123565A23FC2C1A1BE7612C1776256C7C6A0E","2026-04-23"
"Lead .Net Engineer","Experian","Nottingham, Nottinghamshire","Adzuna (TotalJobs+)","QA Lead","🏢 Office | 🚗 2h 10min ❌ | 🚌 ~3h 1min","https://www.adzuna.co.uk/jobs/details/5708344111?utm_medium=api&utm_source=fec81443","2026-04-23"
"Business QA Engineer / UAT","","United Kingdom","Glassdoor","Software QA Engineer","🏢 Office | 📍 Location not provided","https://www.glassdoor.co.uk/job-listing/business-qa-engineer-uat-kuoni-tumlare-JV_KO0,24_KE25,38.htm?jl=1010112319089",""
"QA Engineer","","Manchester, England","Glassdoor","Software QA Engineer","🏢 Office | 🚗 1h 21min | 🚌 ~2h 26min","https://www.glassdoor.co.uk/job-listing/qa-engineer-clio-JV_IC2691218_KO0,11_KE12,16.htm?jl=1010076335947",""
"QA Engineer - UK","","United Kingdom","Glassdoor","Software QA Engineer","🏢 Office | 📍 Location not provided","https://www.glassdoor.co.uk/job-listing/qa-engineer-uk-sourcewhale-JV_KO0,14_KE15,26.htm?jl=1010068320315",""
"Software Engineer (Developer in Test)","","United Kingdom","Glassdoor","Software QA Engineer","🏢 Office | 📍 Location not provided","https://www.glassdoor.co.uk/job-listing/software-engineer-developer-in-test-bighand-JV_KO0,35_KE36,43.htm?jl=1010061537122",""