Title,Company,Location,Board,Search Term,Commute,URL,Posted
"Senior SDET","","Remote","Glassdoor","SDET","🌐 Remote","https://www.glassdoor.co.uk/job-listing/senior-sdet-semble-JV_KO0,11_KE12,18.htm?jl=1010099343015",""
"QA Engineer - Core Database (remote)","","Remote","Glassdoor","SDET","🌐 Remote","https://www.glassdoor.co.uk/job-listing/qa-engineer-core-database-remote-clickhouse-JV_KO0,32_KE33,43.htm?jl=1009950493128",""
"Senior Manager Quality Assurance for R&D (f/m/d)","","Remote","Glassdoor","SDET","🌐 Remote","https://www.glassdoor.co.uk/job-listing/senior-manager-quality-assurance-for-rdfmd-hexagon-JV_KO0,42_KE43,50.htm?jl=1010117058752",""
"Software Development Engineer In Test","","Remote","Glassdoor","SDET","🌐 Remote","https://www.glassdoor.co.uk/job-listing/software-development-engineer-in-test-protect-line-JV_KO0,37_KE38,50.htm?jl=1010074982870",""
"Software QA Engineer","","","Reed","Software QA Engineer","🏢 Office | 📍 Brak lokalizacji","https://www.reed.co.uk/jobs/software-qa-engineer/56922636?source=searchResults&filter=%2Fjobs%2Fsoftware-qa-engineer-jobs-in-united-kingdom",""
"Software QA Engineer","","","Reed","Software QA Engineer","🏢 Office | 📍 Brak lokalizacji","https://www.reed.co.uk/jobs/software-qa-engineer/56878054?source=searchResults&filter=%2Fjobs%2Fsoftware-qa-engineer-jobs-in-united-kingdom",""
"Lead Developer","","","Reed","Software QA Engineer","🏢 Office | 📍 Brak lokalizacji","https://www.reed.co.uk/jobs/lead-developer/56919352?source=searchResults&filter=%2Fjobs%2Fsoftware-qa-engineer-jobs-in-united-kingdom",""
"Lead Developer","","","Reed","Software QA Engineer","🏢 Office | 📍 Brak lokalizacji","https://www.reed.co.uk/jobs/lead-developer/56919350?source=searchResults&filter=%2Fjobs%2Fsoftware-qa-engineer-jobs-in-united-kingdom",""
"Lead Developer","","","Reed","Software QA Engineer","🏢 Office | 📍 Brak lokalizacji","https://www.reed.co.uk/jobs/lead-developer/56919354?source=searchResults&filter=%2Fjobs%2Fsoftware-qa-engineer-jobs-in-united-kingdom",""
"QA Engineer- Selenium Experience","","","Reed","Software QA Engineer","🏢 Office | 📍 Brak lokalizacji","https://www.reed.co.uk/jobs/qa-engineer-selenium-experience/56765039?source=searchResults&filter=%2Fjobs%2Fsoftware-qa-engineer-jobs-in-united-kingdom",""
"Test Engineer","","","Reed","Software QA Engineer","🏢 Office | 📍 Brak lokalizacji","https://www.reed.co.uk/jobs/test-engineer/56911082?source=searchResults&filter=%2Fjobs%2Fsoftware-qa-engineer-jobs-in-united-kingdom",""
"Software Quality Engineer","","","Reed","Software QA Engineer","🏢 Office | 📍 Brak lokalizacji","https://www.reed.co.uk/jobs/software-quality-engineer/56698833?source=searchResults&filter=%2Fjobs%2Fsoftware-qa-engineer-jobs-in-united-kingdom",""
"Senior Automation Test Analyst","","","Reed","Software QA Engineer","🏢 Office | 📍 Brak lokalizacji","https://www.reed.co.uk/jobs/senior-automation-test-analyst/56903788?source=searchResults&filter=%2Fjobs%2Fsoftware-qa-engineer-jobs-in-united-kingdom",""
"Senior Test Analyst","","","Reed","Software QA Engineer","🏢 Office | 📍 Brak lokalizacji","https://www.reed.co.uk/jobs/senior-test-analyst/56833369?source=searchResults&filter=%2Fjobs%2Fsoftware-qa-engineer-jobs-in-united-kingdom",""
"Quality Engineer","","","Reed","Software QA Engineer","🏢 Office | 📍 Brak lokalizacji","https://www.reed.co.uk/jobs/quality-engineer/56841765?source=searchResults&filter=%2Fjobs%2Fsoftware-qa-engineer-jobs-in-united-kingdom",""
"Product Quality Engineer","","","Reed","Software QA Engineer","🏢 Office | 📍 Brak lokalizacji","https://www.reed.co.uk/jobs/product-quality-engineer/56891537?source=searchResults&filter=%2Fjobs%2Fsoftware-qa-engineer-jobs-in-united-kingdom",""
"QA/Test Engineer","","","Reed","Software QA Engineer","🏢 Office | 📍 Brak lokalizacji","https://www.reed.co.uk/jobs/qa-test-engineer/56789929?source=searchResults&filter=%2Fjobs%2Fsoftware-qa-engineer-jobs-in-united-kingdom",""
"QA Engineer","","","Reed","Software QA Engineer","🏢 Office | 📍 Brak lokalizacji","https://www.reed.co.uk/jobs/qa-engineer/56793724?source=searchResults&filter=%2Fjobs%2Fsoftware-qa-engineer-jobs-in-united-kingdom",""
"Q&A Test Engineer","","","Reed","Software QA Engineer","🏢 Office | 📍 Brak lokalizacji","https://www.reed.co.uk/jobs/q-a-test-engineer/56912604?source=searchResults&filter=%2Fjobs%2Fsoftware-qa-engineer-jobs-in-united-kingdom",""
"Junior Automation QA Engineer","","","Reed","Software QA Engineer","🏢 Office | 📍 Brak lokalizacji","https://www.reed.co.uk/jobs/junior-automation-qa-engineer/56812839?source=searchResults&filter=%2Fjobs%2Fsoftware-qa-engineer-jobs-in-united-kingdom",""
"QA Engineer - ServiceNow","","","Reed","Software QA Engineer","🏢 Office | 📍 Brak lokalizacji","https://www.reed.co.uk/jobs/qa-engineer-servicenow/56368015?source=searchResults&filter=%2Fjobs%2Fsoftware-qa-engineer-jobs-in-united-kingdom",""
"Senior Software Tester","","","Reed","Software QA Engineer","🏢 Office | 📍 Brak lokalizacji","https://www.reed.co.uk/jobs/senior-software-tester/56774708?source=searchResults&filter=%2Fjobs%2Fsoftware-qa-engineer-jobs-in-united-kingdom",""
"Test Analyst - Remote - UK","","","Reed","Software QA Engineer","🏢 Office | 📍 Brak lokalizacji","https://www.reed.co.uk/jobs/test-analyst-remote-uk/56876821?source=searchResults&filter=%2Fjobs%2Fsoftware-qa-engineer-jobs-in-united-kingdom",""
"Test Engineer","","","Reed","Software QA Engineer","🏢 Office | 📍 Brak lokalizacji","https://www.reed.co.uk/jobs/test-engineer/56868490?source=searchResults&filter=%2Fjobs%2Fsoftware-qa-engineer-jobs-in-united-kingdom",""
"Test Engineer","","","Reed","Software QA Engineer","🏢 Office | 📍 Brak lokalizacji","https://www.reed.co.uk/jobs/test-engineer/56887525?source=searchResults&filter=%2Fjobs%2Fsoftware-qa-engineer-jobs-in-united-kingdom",""
"Tester/ Full Stack Quality Engineer - Katalon, Hybrid - London","","","Reed","Software QA Engineer","🔀 Hybrid | 📍 Brak lokalizacji","https://www.reed.co.uk/jobs/tester-full-stack-quality-engineer-katalon-hybrid-london/56782949?source=searchResults&filter=%2Fjobs%2Fsoftware-qa-engineer-jobs-in-united-kingdom",""
"IT Support Engineer Apprentice","","","Reed","Software QA Engineer","🏢 Office | 📍 Brak lokalizacji","https://www.reed.co.uk/jobs/it-support-engineer-apprentice/56907290?source=searchResults&filter=%2Fjobs%2Fsoftware-qa-engineer-jobs-in-united-kingdom",""
"Senior Software Engineer (Test)","","","Reed","Software QA Engineer","🏢 Office | 📍 Brak lokalizacji","https://www.reed.co.uk/jobs/senior-software-engineer-test/56758314?source=searchResults&filter=%2Fjobs%2Fsoftware-qa-engineer-jobs-in-united-kingdom",""
"Senior Software Developer","","","Reed","Software QA Engineer","🏢 Office | 📍 Brak lokalizacji","https://www.reed.co.uk/jobs/senior-software-developer/56904263?source=searchResults&filter=%2Fjobs%2Fsoftware-qa-engineer-jobs-in-united-kingdom",""
"Software QA Engineer","","","Reed","Software QA Automation Engineer","🏢 Office | 📍 Brak lokalizacji","https://www.reed.co.uk/jobs/software-qa-engineer/56922636?source=searchResults&filter=%2Fjobs%2Fsoftware-qa-automation-engineer-jobs-in-united-kingdom",""
"Software QA Engineer","","","Reed","Software QA Automation Engineer","🏢 Office | 📍 Brak lokalizacji","https://www.reed.co.uk/jobs/software-qa-engineer/56878054?source=searchResults&filter=%2Fjobs%2Fsoftware-qa-automation-engineer-jobs-in-united-kingdom",""
"QA Engineer- Selenium Experience","","","Reed","Software QA Automation Engineer","🏢 Office | 📍 Brak lokalizacji","https://www.reed.co.uk/jobs/qa-engineer-selenium-experience/56765039?source=searchResults&filter=%2Fjobs%2Fsoftware-qa-automation-engineer-jobs-in-united-kingdom",""
"Junior Automation QA Engineer","","","Reed","Software QA Automation Engineer","🏢 Office | 📍 Brak lokalizacji","https://www.reed.co.uk/jobs/junior-automation-qa-engineer/56812839?source=searchResults&filter=%2Fjobs%2Fsoftware-qa-automation-engineer-jobs-in-united-kingdom",""
"QA/Test Engineer","","","Reed","Software QA Automation Engineer","🏢 Office | 📍 Brak lokalizacji","https://www.reed.co.uk/jobs/qa-test-engineer/56789929?source=searchResults&filter=%2Fjobs%2Fsoftware-qa-automation-engineer-jobs-in-united-kingdom",""
"QA Engineer","","","Reed","Software QA Automation Engineer","🏢 Office | 📍 Brak lokalizacji","https://www.reed.co.uk/jobs/qa-engineer/56793724?source=searchResults&filter=%2Fjobs%2Fsoftware-qa-automation-engineer-jobs-in-united-kingdom",""
"Lead Quality Engineer","","","Reed","Software QA Automation Engineer","🏢 Office | 📍 Brak lokalizacji","https://www.reed.co.uk/jobs/lead-quality-engineer/56812312?source=searchResults&filter=%2Fjobs%2Fsoftware-qa-automation-engineer-jobs-in-united-kingdom",""
"Q&A Test Engineer","","","Reed","Software QA Automation Engineer","🏢 Office | 📍 Brak lokalizacji","https://www.reed.co.uk/jobs/q-a-test-engineer/56912604?source=searchResults&filter=%2Fjobs%2Fsoftware-qa-automation-engineer-jobs-in-united-kingdom",""
"Technical Customer Success Specialist - Graduate","","","Reed","Software QA Automation Engineer","🏢 Office | 📍 Brak lokalizacji","https://www.reed.co.uk/jobs/technical-customer-success-specialist-graduate/56865868?source=searchResults&filter=%2Fjobs%2Fsoftware-qa-automation-engineer-jobs-in-united-kingdom",""
"QA Engineer","","","Reed","Software QA Automation Engineer","🏢 Office | 📍 Brak lokalizacji","https://www.reed.co.uk/jobs/qa-engineer/56789104?source=searchResults&filter=%2Fjobs%2Fsoftware-qa-automation-engineer-jobs-in-united-kingdom",""
"AI & Digital Support Apprentice","","","Reed","Software QA Automation Engineer","🏢 Office | 📍 Brak lokalizacji","https://www.reed.co.uk/jobs/ai-digital-support-apprentice/56806607?source=searchResults&filter=%2Fjobs%2Fsoftware-qa-automation-engineer-jobs-in-united-kingdom",""
"Tester/ Full Stack Quality Engineer - Katalon, Hybrid - London","","","Reed","Software QA Automation Engineer","🔀 Hybrid | 📍 Brak lokalizacji","https://www.reed.co.uk/jobs/tester-full-stack-quality-engineer-katalon-hybrid-london/56782949?source=searchResults&filter=%2Fjobs%2Fsoftware-qa-automation-engineer-jobs-in-united-kingdom",""
"Test Engineer","","","Reed","Software QA Automation Engineer","🏢 Office | 📍 Brak lokalizacji","https://www.reed.co.uk/jobs/test-engineer/56887525?source=searchResults&filter=%2Fjobs%2Fsoftware-qa-automation-engineer-jobs-in-united-kingdom",""
"Lead AI Red Teaming & QA Engineer","","","Reed","Software QA Automation Engineer","🏢 Office | 📍 Brak lokalizacji","https://www.reed.co.uk/jobs/lead-ai-red-teaming-qa-engineer/56912145?source=searchResults&filter=%2Fjobs%2Fsoftware-qa-automation-engineer-jobs-in-united-kingdom",""
"Senior Software Engineer (Test)","","","Reed","Software QA Automation Engineer","🏢 Office | 📍 Brak lokalizacji","https://www.reed.co.uk/jobs/senior-software-engineer-test/56758314?source=searchResults&filter=%2Fjobs%2Fsoftware-qa-automation-engineer-jobs-in-united-kingdom",""
"Senior C++ Developer (Hybrid, UK-Based)","","","Reed","Software QA Automation Engineer","🔀 Hybrid | 📍 Brak lokalizacji","https://www.reed.co.uk/jobs/senior-c-developer-hybrid-uk-based/56901919?source=searchResults&filter=%2Fjobs%2Fsoftware-qa-automation-engineer-jobs-in-united-kingdom",""
"Test Automation Lead","","","Reed","Software QA Automation Engineer","🏢 Office | 📍 Brak lokalizacji","https://www.reed.co.uk/jobs/test-automation-lead/56804787?source=searchResults&filter=%2Fjobs%2Fsoftware-qa-automation-engineer-jobs-in-united-kingdom",""
"Test Engineer","","","Reed","Software QA Automation Engineer","🏢 Office | 📍 Brak lokalizacji","https://www.reed.co.uk/jobs/test-engineer/56911082?source=searchResults&filter=%2Fjobs%2Fsoftware-qa-automation-engineer-jobs-in-united-kingdom",""
"Senior Automation Test Analyst","","","Reed","Software QA Automation Engineer","🏢 Office | 📍 Brak lokalizacji","https://www.reed.co.uk/jobs/senior-automation-test-analyst/56903788?source=searchResults&filter=%2Fjobs%2Fsoftware-qa-automation-engineer-jobs-in-united-kingdom",""
"Quality Engineer","","","Reed","Software QA Automation Engineer","🏢 Office | 📍 Brak lokalizacji","https://www.reed.co.uk/jobs/quality-engineer/56913330?source=searchResults&filter=%2Fjobs%2Fsoftware-qa-automation-engineer-jobs-in-united-kingdom",""
"Quality Engineer","","","Reed","Software QA Automation Engineer","🏢 Office | 📍 Brak lokalizacji","https://www.reed.co.uk/jobs/quality-engineer/56812768?source=searchResults&filter=%2Fjobs%2Fsoftware-qa-automation-engineer-jobs-in-united-kingdom",""
"QA Test Lead","","","Reed","Software QA Automation Engineer","🏢 Office | 📍 Brak lokalizacji","https://www.reed.co.uk/jobs/qa-test-lead/56821661?source=searchResults&filter=%2Fjobs%2Fsoftware-qa-automation-engineer-jobs-in-united-kingdom",""
"QA Auditor","","","Reed","Software QA Automation Engineer","🏢 Office | 📍 Brak lokalizacji","https://www.reed.co.uk/jobs/qa-auditor/56839922?source=searchResults&filter=%2Fjobs%2Fsoftware-qa-automation-engineer-jobs-in-united-kingdom",""
"Product Quality Engineer","","","Reed","Software QA Automation Engineer","🏢 Office | 📍 Brak lokalizacji","https://www.reed.co.uk/jobs/product-quality-engineer/56891537?source=searchResults&filter=%2Fjobs%2Fsoftware-qa-automation-engineer-jobs-in-united-kingdom",""
"Test Analyst - Remote - UK","","","Reed","Software QA Automation Engineer","🏢 Office | 📍 Brak lokalizacji","https://www.reed.co.uk/jobs/test-analyst-remote-uk/56876821?source=searchResults&filter=%2Fjobs%2Fsoftware-qa-automation-engineer-jobs-in-united-kingdom",""
"QA Test Lead","","","Reed","Testing Lead","🏢 Office | 📍 Brak lokalizacji","https://www.reed.co.uk/jobs/qa-test-lead/56821661?source=searchResults&filter=%2Fjobs%2Ftesting-lead-jobs-in-united-kingdom",""
"Test Automation Lead","","","Reed","Testing Lead","🏢 Office | 📍 Brak lokalizacji","https://www.reed.co.uk/jobs/test-automation-lead/56804787?source=searchResults&filter=%2Fjobs%2Ftesting-lead-jobs-in-united-kingdom",""
"Test Lead","","","Reed","Testing Lead","🏢 Office | 📍 Brak lokalizacji","https://www.reed.co.uk/jobs/test-lead/56878121?source=searchResults&filter=%2Fjobs%2Ftesting-lead-jobs-in-united-kingdom",""
"Test Lead","","","Reed","Testing Lead","🏢 Office | 📍 Brak lokalizacji","https://www.reed.co.uk/jobs/test-lead/56914845?source=searchResults&filter=%2Fjobs%2Ftesting-lead-jobs-in-united-kingdom",""
"Test Lead","","","Reed","Testing Lead","🏢 Office | 📍 Brak lokalizacji","https://www.reed.co.uk/jobs/test-lead/56689532?source=searchResults&filter=%2Fjobs%2Ftesting-lead-jobs-in-united-kingdom",""
"Security & Infrastructure Test Lead","","","Reed","Testing Lead","🏢 Office | 📍 Brak lokalizacji","https://www.reed.co.uk/jobs/security-infrastructure-test-lead/56880373?source=searchResults&filter=%2Fjobs%2Ftesting-lead-jobs-in-united-kingdom",""
"Non-Functional Test Lead - Aladdin / Asset Management","","","Reed","Testing Lead","🏢 Office | 📍 Brak lokalizacji","https://www.reed.co.uk/jobs/non-functional-test-lead-aladdin-asset-management/56902133?source=searchResults&filter=%2Fjobs%2Ftesting-lead-jobs-in-united-kingdom",""
"Analytical Testing Lead (Chemistry)","","","Reed","Testing Lead","🏢 Office | 📍 Brak lokalizacji","https://www.reed.co.uk/jobs/analytical-testing-lead-chemistry/56907064?source=searchResults&filter=%2Fjobs%2Ftesting-lead-jobs-in-united-kingdom",""
"Transformer Test Manager","","","Reed","Testing Lead","🏢 Office | 📍 Brak lokalizacji","https://www.reed.co.uk/jobs/transformer-test-manager/56893161?source=searchResults&filter=%2Fjobs%2Ftesting-lead-jobs-in-united-kingdom",""
"Test Lead with Active SC Clearance - London/Corsham, UK","","","Reed","Testing Lead","🏢 Office | 📍 Brak lokalizacji","https://www.reed.co.uk/jobs/test-lead-with-active-sc-clearance-london-corsham-uk/56818623?source=searchResults&filter=%2Fjobs%2Ftesting-lead-jobs-in-united-kingdom",""
"Test Manager / Lead £600/d Financial Services Remote","","","Reed","Testing Lead","🏢 Office | 📍 Brak lokalizacji","https://www.reed.co.uk/jobs/test-manager-lead-600-d-financial-services-remote/56894233?source=searchResults&filter=%2Fjobs%2Ftesting-lead-jobs-in-united-kingdom",""
"Lead Test Architect","","","Reed","Testing Lead","🏢 Office | 📍 Brak lokalizacji","https://www.reed.co.uk/jobs/lead-test-architect/56878784?source=searchResults&filter=%2Fjobs%2Ftesting-lead-jobs-in-united-kingdom",""
"Senior Automation Test Analyst","","","Reed","Testing Lead","🏢 Office | 📍 Brak lokalizacji","https://www.reed.co.uk/jobs/senior-automation-test-analyst/56903788?source=searchResults&filter=%2Fjobs%2Ftesting-lead-jobs-in-united-kingdom",""
"Lead Software Test Engineer","","","Reed","Testing Lead","🏢 Office | 📍 Brak lokalizacji","https://www.reed.co.uk/jobs/lead-software-test-engineer/56878350?source=searchResults&filter=%2Fjobs%2Ftesting-lead-jobs-in-united-kingdom",""
"Lead Test Engineer – 12 month – SC Cleared – Manchester","","","Reed","Testing Lead","🏢 Office | 📍 Brak lokalizacji","https://www.reed.co.uk/jobs/lead-test-engineer--12-month--sc-cleared--manchester/56876926?source=searchResults&filter=%2Fjobs%2Ftesting-lead-jobs-in-united-kingdom",""
"QA Lead","","","Reed","Testing Lead","🏢 Office | 📍 Brak lokalizacji","https://www.reed.co.uk/jobs/qa-lead/56922814?source=searchResults&filter=%2Fjobs%2Ftesting-lead-jobs-in-united-kingdom",""
"Test and Release Manager","","","Reed","Testing Lead","🏢 Office | 📍 Brak lokalizacji","https://www.reed.co.uk/jobs/test-and-release-manager/56764062?source=searchResults&filter=%2Fjobs%2Ftesting-lead-jobs-in-united-kingdom",""
"Programme Test Manager - Inside IR35 - REMOTE","","","Reed","Testing Lead","🏢 Office | 📍 Brak lokalizacji","https://www.reed.co.uk/jobs/programme-test-manager-inside-ir35-remote/56864530?source=searchResults&filter=%2Fjobs%2Ftesting-lead-jobs-in-united-kingdom",""
"Test Automation Manager","","","Reed","Testing Lead","🏢 Office | 📍 Brak lokalizacji","https://www.reed.co.uk/jobs/test-automation-manager/56769563?source=searchResults&filter=%2Fjobs%2Ftesting-lead-jobs-in-united-kingdom",""
"Internal Controls Tester","","","Reed","Testing Lead","🏢 Office | 📍 Brak lokalizacji","https://www.reed.co.uk/jobs/internal-controls-tester/56844404?source=searchResults&filter=%2Fjobs%2Ftesting-lead-jobs-in-united-kingdom",""
"Lead Internal Quality Assurer","","","Reed","Testing Lead","🏢 Office | 📍 Brak lokalizacji","https://www.reed.co.uk/jobs/lead-internal-quality-assurer/56852440?source=searchResults&filter=%2Fjobs%2Ftesting-lead-jobs-in-united-kingdom",""
"NPI Test Engineer","","","Reed","Testing Lead","🏢 Office | 📍 Brak lokalizacji","https://www.reed.co.uk/jobs/npi-test-engineer/56877145?source=searchResults&filter=%2Fjobs%2Ftesting-lead-jobs-in-united-kingdom",""
"QA Engineer - ServiceNow","","","Reed","Testing Lead","🏢 Office | 📍 Brak lokalizacji","https://www.reed.co.uk/jobs/qa-engineer-servicenow/56368015?source=searchResults&filter=%2Fjobs%2Ftesting-lead-jobs-in-united-kingdom",""
"Head of Penetration Testing (Hands-on)","","","Reed","Testing Lead","🏢 Office | 📍 Brak lokalizacji","https://www.reed.co.uk/jobs/head-of-penetration-testing-hands-on/56761883?source=searchResults&filter=%2Fjobs%2Ftesting-lead-jobs-in-united-kingdom",""
"Salesforce Test Engineer","","","Reed","Testing Lead","🏢 Office | 📍 Brak lokalizacji","https://www.reed.co.uk/jobs/salesforce-test-engineer/56871152?source=searchResults&filter=%2Fjobs%2Ftesting-lead-jobs-in-united-kingdom",""
"QA Test Lead","","","Reed","Test Lead","🏢 Office | 📍 Brak lokalizacji","https://www.reed.co.uk/jobs/qa-test-lead/56821661?source=searchResults&filter=%2Fjobs%2Ftest-lead-jobs-in-united-kingdom",""
"Test Automation Lead","","","Reed","Test Lead","🏢 Office | 📍 Brak lokalizacji","https://www.reed.co.uk/jobs/test-automation-lead/56804787?source=searchResults&filter=%2Fjobs%2Ftest-lead-jobs-in-united-kingdom",""
"Test Lead","","","Reed","Test Lead","🏢 Office | 📍 Brak lokalizacji","https://www.reed.co.uk/jobs/test-lead/56878121?source=searchResults&filter=%2Fjobs%2Ftest-lead-jobs-in-united-kingdom",""
"Test Lead","","","Reed","Test Lead","🏢 Office | 📍 Brak lokalizacji","https://www.reed.co.uk/jobs/test-lead/56689532?source=searchResults&filter=%2Fjobs%2Ftest-lead-jobs-in-united-kingdom",""
"Test Lead","","","Reed","Test Lead","🏢 Office | 📍 Brak lokalizacji","https://www.reed.co.uk/jobs/test-lead/56914845?source=searchResults&filter=%2Fjobs%2Ftest-lead-jobs-in-united-kingdom",""
"Security & Infrastructure Test Lead","","","Reed","Test Lead","🏢 Office | 📍 Brak lokalizacji","https://www.reed.co.uk/jobs/security-infrastructure-test-lead/56880373?source=searchResults&filter=%2Fjobs%2Ftest-lead-jobs-in-united-kingdom",""
"Non-Functional Test Lead - Aladdin / Asset Management","","","Reed","Test Lead","🏢 Office | 📍 Brak lokalizacji","https://www.reed.co.uk/jobs/non-functional-test-lead-aladdin-asset-management/56902133?source=searchResults&filter=%2Fjobs%2Ftest-lead-jobs-in-united-kingdom",""
"Analytical Testing Lead (Chemistry)","","","Reed","Test Lead","🏢 Office | 📍 Brak lokalizacji","https://www.reed.co.uk/jobs/analytical-testing-lead-chemistry/56907064?source=searchResults&filter=%2Fjobs%2Ftest-lead-jobs-in-united-kingdom",""
"Test Manager / Lead £600/d Financial Services Remote","","","Reed","Test Lead","🏢 Office | 📍 Brak lokalizacji","https://www.reed.co.uk/jobs/test-manager-lead-600-d-financial-services-remote/56894233?source=searchResults&filter=%2Fjobs%2Ftest-lead-jobs-in-united-kingdom",""
"Lead Test Architect","","","Reed","Test Lead","🏢 Office | 📍 Brak lokalizacji","https://www.reed.co.uk/jobs/lead-test-architect/56878784?source=searchResults&filter=%2Fjobs%2Ftest-lead-jobs-in-united-kingdom",""
"Senior Automation Test Analyst","","","Reed","Test Lead","🏢 Office | 📍 Brak lokalizacji","https://www.reed.co.uk/jobs/senior-automation-test-analyst/56903788?source=searchResults&filter=%2Fjobs%2Ftest-lead-jobs-in-united-kingdom",""
"Lead Software Test Engineer","","","Reed","Test Lead","🏢 Office | 📍 Brak lokalizacji","https://www.reed.co.uk/jobs/lead-software-test-engineer/56878350?source=searchResults&filter=%2Fjobs%2Ftest-lead-jobs-in-united-kingdom",""
"Test Lead with Active SC Clearance - London/Corsham, UK","","","Reed","Test Lead","🏢 Office | 📍 Brak lokalizacji","https://www.reed.co.uk/jobs/test-lead-with-active-sc-clearance-london-corsham-uk/56818623?source=searchResults&filter=%2Fjobs%2Ftest-lead-jobs-in-united-kingdom",""
"Lead Test Engineer – 12 month – SC Cleared – Manchester","","","Reed","Test Lead","🏢 Office | 📍 Brak lokalizacji","https://www.reed.co.uk/jobs/lead-test-engineer--12-month--sc-cleared--manchester/56876926?source=searchResults&filter=%2Fjobs%2Ftest-lead-jobs-in-united-kingdom",""
"QA Lead","","","Reed","Test Lead","🏢 Office | 📍 Brak lokalizacji","https://www.reed.co.uk/jobs/qa-lead/56922814?source=searchResults&filter=%2Fjobs%2Ftest-lead-jobs-in-united-kingdom",""
"Test and Release Manager","","","Reed","Test Lead","🏢 Office | 📍 Brak lokalizacji","https://www.reed.co.uk/jobs/test-and-release-manager/56764062?source=searchResults&filter=%2Fjobs%2Ftest-lead-jobs-in-united-kingdom",""
"Test Automation Manager","","","Reed","Test Lead","🏢 Office | 📍 Brak lokalizacji","https://www.reed.co.uk/jobs/test-automation-manager/56769563?source=searchResults&filter=%2Fjobs%2Ftest-lead-jobs-in-united-kingdom",""
"NPI Test Engineer","","","Reed","Test Lead","🏢 Office | 📍 Brak lokalizacji","https://www.reed.co.uk/jobs/npi-test-engineer/56877145?source=searchResults&filter=%2Fjobs%2Ftest-lead-jobs-in-united-kingdom",""
"QA Engineer - ServiceNow","","","Reed","Test Lead","🏢 Office | 📍 Brak lokalizacji","https://www.reed.co.uk/jobs/qa-engineer-servicenow/56368015?source=searchResults&filter=%2Fjobs%2Ftest-lead-jobs-in-united-kingdom",""
"Head of Penetration Testing (Hands-on)","","","Reed","Test Lead","🏢 Office | 📍 Brak lokalizacji","https://www.reed.co.uk/jobs/head-of-penetration-testing-hands-on/56761883?source=searchResults&filter=%2Fjobs%2Ftest-lead-jobs-in-united-kingdom",""
"Salesforce Test Engineer","","","Reed","Test Lead","🏢 Office | 📍 Brak lokalizacji","https://www.reed.co.uk/jobs/salesforce-test-engineer/56871152?source=searchResults&filter=%2Fjobs%2Ftest-lead-jobs-in-united-kingdom",""
"Quality Assurance Analyst","","","Reed","Test Lead","🏢 Office | 📍 Brak lokalizacji","https://www.reed.co.uk/jobs/quality-assurance-analyst/56918776?source=searchResults&filter=%2Fjobs%2Ftest-lead-jobs-in-united-kingdom",""
"Transformer Test Manager","","","Reed","Test Lead","🏢 Office | 📍 Brak lokalizacji","https://www.reed.co.uk/jobs/transformer-test-manager/56893161?source=searchResults&filter=%2Fjobs%2Ftest-lead-jobs-in-united-kingdom",""
"Senior Design Engineer","","","Reed","Test Lead","🏢 Office | 📍 Brak lokalizacji","https://www.reed.co.uk/jobs/senior-design-engineer/56790406?source=searchResults&filter=%2Fjobs%2Ftest-lead-jobs-in-united-kingdom",""
"Software QA Lead","","","Reed","Test Lead","🏢 Office | 📍 Brak lokalizacji","https://www.reed.co.uk/jobs/software-qa-lead/56848224?source=searchResults&filter=%2Fjobs%2Ftest-lead-jobs-in-united-kingdom",""
"QA Engineer","","","Reed","QA Engineer","🏢 Office | 📍 Brak lokalizacji","https://www.reed.co.uk/jobs/qa-engineer/56789104?source=searchResults&filter=%2Fjobs%2Fqa-engineer-jobs-in-united-kingdom",""
"QA Engineer","","","Reed","QA Engineer","🏢 Office | 📍 Brak lokalizacji","https://www.reed.co.uk/jobs/qa-engineer/56793724?source=searchResults&filter=%2Fjobs%2Fqa-engineer-jobs-in-united-kingdom",""
"QA Engineer","","","Reed","QA Engineer","🏢 Office | 📍 Brak lokalizacji","https://www.reed.co.uk/jobs/qa-engineer/56779691?source=searchResults&filter=%2Fjobs%2Fqa-engineer-jobs-in-united-kingdom",""
"QA Engineer","","","Reed","QA Engineer","🏢 Office | 📍 Brak lokalizacji","https://www.reed.co.uk/jobs/qa-engineer/56836249?source=searchResults&filter=%2Fjobs%2Fqa-engineer-jobs-in-united-kingdom",""
"QA Automation Engineer","","","Reed","QA Engineer","🏢 Office | 📍 Brak lokalizacji","https://www.reed.co.uk/jobs/qa-automation-engineer/56848010?source=searchResults&filter=%2Fjobs%2Fqa-engineer-jobs-in-united-kingdom",""
"Quality Assurance Engineer","","","Reed","QA Engineer","🏢 Office | 📍 Brak lokalizacji","https://www.reed.co.uk/jobs/quality-assurance-engineer/56861589?source=searchResults&filter=%2Fjobs%2Fqa-engineer-jobs-in-united-kingdom",""
"QA/Test Engineer","","","Reed","QA Engineer","🏢 Office | 📍 Brak lokalizacji","https://www.reed.co.uk/jobs/qa-test-engineer/56789929?source=searchResults&filter=%2Fjobs%2Fqa-engineer-jobs-in-united-kingdom",""
"Quality Assurance Engineer","","","Reed","QA Engineer","🏢 Office | 📍 Brak lokalizacji","https://www.reed.co.uk/jobs/quality-assurance-engineer/56788684?source=searchResults&filter=%2Fjobs%2Fqa-engineer-jobs-in-united-kingdom",""
"Quality Assurance Engineer","","","Reed","QA Engineer","🏢 Office | 📍 Brak lokalizacji","https://www.reed.co.uk/jobs/quality-assurance-engineer/56817300?source=searchResults&filter=%2Fjobs%2Fqa-engineer-jobs-in-united-kingdom",""
"Software QA Engineer","","","Reed","QA Engineer","🏢 Office | 📍 Brak lokalizacji","https://www.reed.co.uk/jobs/software-qa-engineer/56922636?source=searchResults&filter=%2Fjobs%2Fqa-engineer-jobs-in-united-kingdom",""
"Software QA Engineer","","","Reed","QA Engineer","🏢 Office | 📍 Brak lokalizacji","https://www.reed.co.uk/jobs/software-qa-engineer/56878054?source=searchResults&filter=%2Fjobs%2Fqa-engineer-jobs-in-united-kingdom",""
"Performance QA Engineer","","","Reed","QA Engineer","🏢 Office | 📍 Brak lokalizacji","https://www.reed.co.uk/jobs/performance-qa-engineer/56758383?source=searchResults&filter=%2Fjobs%2Fqa-engineer-jobs-in-united-kingdom",""
"QA Engineer - ServiceNow","","","Reed","QA Engineer","🏢 Office | 📍 Brak lokalizacji","https://www.reed.co.uk/jobs/qa-engineer-servicenow/56368015?source=searchResults&filter=%2Fjobs%2Fqa-engineer-jobs-in-united-kingdom",""
"Operations Quality Assurance Engineer","","","Reed","QA Engineer","🏢 Office | 📍 Brak lokalizacji","https://www.reed.co.uk/jobs/operations-quality-assurance-engineer/56795068?source=searchResults&filter=%2Fjobs%2Fqa-engineer-jobs-in-united-kingdom",""
"Senior Quality Assurance Engineer","","","Reed","QA Engineer","🏢 Office | 📍 Brak lokalizacji","https://www.reed.co.uk/jobs/senior-quality-assurance-engineer/56824839?source=searchResults&filter=%2Fjobs%2Fqa-engineer-jobs-in-united-kingdom",""
"Hardware/QA Test Engineer","","","Reed","QA Engineer","🏢 Office | 📍 Brak lokalizacji","https://www.reed.co.uk/jobs/hardware-qa-test-engineer/56759489?source=searchResults&filter=%2Fjobs%2Fqa-engineer-jobs-in-united-kingdom",""
"Test Quality Assurance Engineer","","","Reed","QA Engineer","🏢 Office | 📍 Brak lokalizacji","https://www.reed.co.uk/jobs/test-quality-assurance-engineer/56868487?source=searchResults&filter=%2Fjobs%2Fqa-engineer-jobs-in-united-kingdom",""
"AI (QA) Automation Engineer","","","Reed","QA Engineer","🏢 Office | 📍 Brak lokalizacji","https://www.reed.co.uk/jobs/ai-qa-automation-engineer/56888873?source=searchResults&filter=%2Fjobs%2Fqa-engineer-jobs-in-united-kingdom",""
"QA Engineer- Selenium Experience","","","Reed","QA Engineer","🏢 Office | 📍 Brak lokalizacji","https://www.reed.co.uk/jobs/qa-engineer-selenium-experience/56765039?source=searchResults&filter=%2Fjobs%2Fqa-engineer-jobs-in-united-kingdom",""
"Junior Automation QA Engineer","","","Reed","QA Engineer","🏢 Office | 📍 Brak lokalizacji","https://www.reed.co.uk/jobs/junior-automation-qa-engineer/56812839?source=searchResults&filter=%2Fjobs%2Fqa-engineer-jobs-in-united-kingdom",""
"QA Engineer (Automation) - Manchester","","","Reed","QA Engineer","🏢 Office | 📍 Brak lokalizacji","https://www.reed.co.uk/jobs/qa-engineer-automation-manchester/56791497?source=searchResults&filter=%2Fjobs%2Fqa-engineer-jobs-in-united-kingdom",""
"Automation QA Engineer Inside IR35","","","Reed","QA Engineer","🏢 Office | 📍 Brak lokalizacji","https://www.reed.co.uk/jobs/automation-qa-engineer-inside-ir35/56902127?source=searchResults&filter=%2Fjobs%2Fqa-engineer-jobs-in-united-kingdom",""
"Supplier Development and Quality Engineer","","","Reed","QA Engineer","🏢 Office | 📍 Brak lokalizacji","https://www.reed.co.uk/jobs/supplier-development-and-quality-engineer/56918038?source=searchResults&filter=%2Fjobs%2Fqa-engineer-jobs-in-united-kingdom",""
"Lead AI Red Teaming & QA Engineer","","","Reed","QA Engineer","🏢 Office | 📍 Brak lokalizacji","https://www.reed.co.uk/jobs/lead-ai-red-teaming-qa-engineer/56912145?source=searchResults&filter=%2Fjobs%2Fqa-engineer-jobs-in-united-kingdom",""
"Quality Control Engineer","","","Reed","QA Engineer","🏢 Office | 📍 Brak lokalizacji","https://www.reed.co.uk/jobs/quality-control-engineer/56904384?source=searchResults&filter=%2Fjobs%2Fqa-engineer-jobs-in-united-kingdom",""
"QA Automation Engineer","","","Reed","QA Automation Engineer","🏢 Office | 📍 Brak lokalizacji","https://www.reed.co.uk/jobs/qa-automation-engineer/56848010?source=searchResults&filter=%2Fjobs%2Fqa-automation-engineer-jobs-in-united-kingdom",""
"AI (QA) Automation Engineer","","","Reed","QA Automation Engineer","🏢 Office | 📍 Brak lokalizacji","https://www.reed.co.uk/jobs/ai-qa-automation-engineer/56888873?source=searchResults&filter=%2Fjobs%2Fqa-automation-engineer-jobs-in-united-kingdom",""
"Junior Automation QA Engineer","","","Reed","QA Automation Engineer","🏢 Office | 📍 Brak lokalizacji","https://www.reed.co.uk/jobs/junior-automation-qa-engineer/56812839?source=searchResults&filter=%2Fjobs%2Fqa-automation-engineer-jobs-in-united-kingdom",""
"QA Engineer (Automation) - Manchester","","","Reed","QA Automation Engineer","🏢 Office | 📍 Brak lokalizacji","https://www.reed.co.uk/jobs/qa-engineer-automation-manchester/56791497?source=searchResults&filter=%2Fjobs%2Fqa-automation-engineer-jobs-in-united-kingdom",""
"Automation QA Engineer Inside IR35","","","Reed","QA Automation Engineer","🏢 Office | 📍 Brak lokalizacji","https://www.reed.co.uk/jobs/automation-qa-engineer-inside-ir35/56902127?source=searchResults&filter=%2Fjobs%2Fqa-automation-engineer-jobs-in-united-kingdom",""
"QA Engineer","","","Reed","QA Automation Engineer","🏢 Office | 📍 Brak lokalizacji","https://www.reed.co.uk/jobs/qa-engineer/56793724?source=searchResults&filter=%2Fjobs%2Fqa-automation-engineer-jobs-in-united-kingdom",""
"QA Engineer- Selenium Experience","","","Reed","QA Automation Engineer","🏢 Office | 📍 Brak lokalizacji","https://www.reed.co.uk/jobs/qa-engineer-selenium-experience/56765039?source=searchResults&filter=%2Fjobs%2Fqa-automation-engineer-jobs-in-united-kingdom",""
"Software QA Engineer","","","Reed","QA Automation Engineer","🏢 Office | 📍 Brak lokalizacji","https://www.reed.co.uk/jobs/software-qa-engineer/56922636?source=searchResults&filter=%2Fjobs%2Fqa-automation-engineer-jobs-in-united-kingdom",""
"Software QA Engineer","","","Reed","QA Automation Engineer","🏢 Office | 📍 Brak lokalizacji","https://www.reed.co.uk/jobs/software-qa-engineer/56878054?source=searchResults&filter=%2Fjobs%2Fqa-automation-engineer-jobs-in-united-kingdom",""
"QA/Test Engineer","","","Reed","QA Automation Engineer","🏢 Office | 📍 Brak lokalizacji","https://www.reed.co.uk/jobs/qa-test-engineer/56789929?source=searchResults&filter=%2Fjobs%2Fqa-automation-engineer-jobs-in-united-kingdom",""
"Lead Automation Tester Engineer, C#, tyescript, Playwright","","","Reed","QA Automation Engineer","🏢 Office | 📍 Brak lokalizacji","https://www.reed.co.uk/jobs/lead-automation-tester-engineer-c-tyescript-playwright/56838448?source=searchResults&filter=%2Fjobs%2Fqa-automation-engineer-jobs-in-united-kingdom",""
"QA Engineer","","","Reed","QA Automation Engineer","🏢 Office | 📍 Brak lokalizacji","https://www.reed.co.uk/jobs/qa-engineer/56789104?source=searchResults&filter=%2Fjobs%2Fqa-automation-engineer-jobs-in-united-kingdom",""
"Senior QA Tester","","","Reed","QA Automation Engineer","🏢 Office | 📍 Brak lokalizacji","https://www.reed.co.uk/jobs/senior-qa-tester/56917575?source=searchResults&filter=%2Fjobs%2Fqa-automation-engineer-jobs-in-united-kingdom",""
"Q&A Test Engineer","","","Reed","QA Automation Engineer","🏢 Office | 📍 Brak lokalizacji","https://www.reed.co.uk/jobs/q-a-test-engineer/56912604?source=searchResults&filter=%2Fjobs%2Fqa-automation-engineer-jobs-in-united-kingdom",""
"Lead Quality Engineer","","","Reed","QA Automation Engineer","🏢 Office | 📍 Brak lokalizacji","https://www.reed.co.uk/jobs/lead-quality-engineer/56812312?source=searchResults&filter=%2Fjobs%2Fqa-automation-engineer-jobs-in-united-kingdom",""
"Tester/ Full Stack Quality Engineer - Katalon, Hybrid - London","","","Reed","QA Automation Engineer","🔀 Hybrid | 📍 Brak lokalizacji","https://www.reed.co.uk/jobs/tester-full-stack-quality-engineer-katalon-hybrid-london/56782949?source=searchResults&filter=%2Fjobs%2Fqa-automation-engineer-jobs-in-united-kingdom",""
"Technical Customer Success Specialist - Graduate","","","Reed","QA Automation Engineer","🏢 Office | 📍 Brak lokalizacji","https://www.reed.co.uk/jobs/technical-customer-success-specialist-graduate/56865868?source=searchResults&filter=%2Fjobs%2Fqa-automation-engineer-jobs-in-united-kingdom",""
"Test Automation Lead","","","Reed","QA Automation Engineer","🏢 Office | 📍 Brak lokalizacji","https://www.reed.co.uk/jobs/test-automation-lead/56804787?source=searchResults&filter=%2Fjobs%2Fqa-automation-engineer-jobs-in-united-kingdom",""
"Automation Engineer","","","Reed","QA Automation Engineer","🏢 Office | 📍 Brak lokalizacji","https://www.reed.co.uk/jobs/automation-engineer/56675619?source=searchResults&filter=%2Fjobs%2Fqa-automation-engineer-jobs-in-united-kingdom",""
"Process Engineer","","","Reed","QA Automation Engineer","🏢 Office | 📍 Brak lokalizacji","https://www.reed.co.uk/jobs/process-engineer/56894260?source=searchResults&filter=%2Fjobs%2Fqa-automation-engineer-jobs-in-united-kingdom",""
"Associate (Electrical)","","","Reed","QA Automation Engineer","🏢 Office | 📍 Brak lokalizacji","https://www.reed.co.uk/jobs/associate-electrical/56819632?source=searchResults&filter=%2Fjobs%2Fqa-automation-engineer-jobs-in-united-kingdom",""
"Performance QA Engineer","","","Reed","QA Automation Engineer","🏢 Office | 📍 Brak lokalizacji","https://www.reed.co.uk/jobs/performance-qa-engineer/56758383?source=searchResults&filter=%2Fjobs%2Fqa-automation-engineer-jobs-in-united-kingdom",""
"Senior Quality Assurance Engineer","","","Reed","QA Automation Engineer","🏢 Office | 📍 Brak lokalizacji","https://www.reed.co.uk/jobs/senior-quality-assurance-engineer/56824839?source=searchResults&filter=%2Fjobs%2Fqa-automation-engineer-jobs-in-united-kingdom",""
"Senior Automation Test Analyst","","","Reed","QA Automation Engineer","🏢 Office | 📍 Brak lokalizacji","https://www.reed.co.uk/jobs/senior-automation-test-analyst/56903788?source=searchResults&filter=%2Fjobs%2Fqa-automation-engineer-jobs-in-united-kingdom",""
"Quality Engineer","","","Reed","QA Automation Engineer","🏢 Office | 📍 Brak lokalizacji","https://www.reed.co.uk/jobs/quality-engineer/56913330?source=searchResults&filter=%2Fjobs%2Fqa-automation-engineer-jobs-in-united-kingdom",""
"Senior Test Automation Engineer (Data)","","","Reed","Test Automation Engineer","🏢 Office | 📍 Brak lokalizacji","https://www.reed.co.uk/jobs/senior-test-automation-engineer-data/56778238?source=searchResults&filter=%2Fjobs%2Ftest-automation-engineer-jobs-in-united-kingdom",""
"Test Automation Lead","","","Reed","Test Automation Engineer","🏢 Office | 📍 Brak lokalizacji","https://www.reed.co.uk/jobs/test-automation-lead/56804787?source=searchResults&filter=%2Fjobs%2Ftest-automation-engineer-jobs-in-united-kingdom",""
"SC Cleared - Automation Test Engineer","","","Reed","Test Automation Engineer","🏢 Office | 📍 Brak lokalizacji","https://www.reed.co.uk/jobs/sc-cleared-automation-test-engineer/56864595?source=searchResults&filter=%2Fjobs%2Ftest-automation-engineer-jobs-in-united-kingdom",""
"Test Engineer- 3-6 month contract","","","Reed","Test Automation Engineer","🏢 Office | 📍 Brak lokalizacji","https://www.reed.co.uk/jobs/test-engineer-3-6-month-contract/56811942?source=searchResults&filter=%2Fjobs%2Ftest-automation-engineer-jobs-in-united-kingdom",""
"Senior Automation Test Analyst","","","Reed","Test Automation Engineer","🏢 Office | 📍 Brak lokalizacji","https://www.reed.co.uk/jobs/senior-automation-test-analyst/56903788?source=searchResults&filter=%2Fjobs%2Ftest-automation-engineer-jobs-in-united-kingdom",""
"Automation Engineer","","","Reed","Test Automation Engineer","🏢 Office | 📍 Brak lokalizacji","https://www.reed.co.uk/jobs/automation-engineer/56675619?source=searchResults&filter=%2Fjobs%2Ftest-automation-engineer-jobs-in-united-kingdom",""
"NPI Test Engineer","","","Reed","Test Automation Engineer","🏢 Office | 📍 Brak lokalizacji","https://www.reed.co.uk/jobs/npi-test-engineer/56877145?source=searchResults&filter=%2Fjobs%2Ftest-automation-engineer-jobs-in-united-kingdom",""
"Warehouse Automation Maintenance Engineer","","","Reed","Test Automation Engineer","🏢 Office | 📍 Brak lokalizacji","https://www.reed.co.uk/jobs/warehouse-automation-maintenance-engineer/56838652?source=searchResults&filter=%2Fjobs%2Ftest-automation-engineer-jobs-in-united-kingdom",""
"Automation Analyst","","","Reed","Test Automation Engineer","🏢 Office | 📍 Brak lokalizacji","https://www.reed.co.uk/jobs/automation-analyst/56880337?source=searchResults&filter=%2Fjobs%2Ftest-automation-engineer-jobs-in-united-kingdom",""
"QA Automation Engineer","","","Reed","Test Automation Engineer","🏢 Office | 📍 Brak lokalizacji","https://www.reed.co.uk/jobs/qa-automation-engineer/56848010?source=searchResults&filter=%2Fjobs%2Ftest-automation-engineer-jobs-in-united-kingdom",""
"Automation Engineer - Pharmaceutical","","","Reed","Test Automation Engineer","🏢 Office | 📍 Brak lokalizacji","https://www.reed.co.uk/jobs/automation-engineer-pharmaceutical/56888900?source=searchResults&filter=%2Fjobs%2Ftest-automation-engineer-jobs-in-united-kingdom",""
"Junior Automation QA Engineer","","","Reed","Test Automation Engineer","🏢 Office | 📍 Brak lokalizacji","https://www.reed.co.uk/jobs/junior-automation-qa-engineer/56812839?source=searchResults&filter=%2Fjobs%2Ftest-automation-engineer-jobs-in-united-kingdom",""
"QA Engineer (Automation) - Manchester","","","Reed","Test Automation Engineer","🏢 Office | 📍 Brak lokalizacji","https://www.reed.co.uk/jobs/qa-engineer-automation-manchester/56791497?source=searchResults&filter=%2Fjobs%2Ftest-automation-engineer-jobs-in-united-kingdom",""
"SOC Automation Engineer","","","Reed","Test Automation Engineer","🏢 Office | 📍 Brak lokalizacji","https://www.reed.co.uk/jobs/soc-automation-engineer/56917144?source=searchResults&filter=%2Fjobs%2Ftest-automation-engineer-jobs-in-united-kingdom",""
"Control and Automation Field Engineer","","","Reed","Test Automation Engineer","🏢 Office | 📍 Brak lokalizacji","https://www.reed.co.uk/jobs/control-and-automation-field-engineer/56913660?source=searchResults&filter=%2Fjobs%2Ftest-automation-engineer-jobs-in-united-kingdom",""
"Lead Automation Tester Engineer, C#, tyescript, Playwright","","","Reed","Test Automation Engineer","🏢 Office | 📍 Brak lokalizacji","https://www.reed.co.uk/jobs/lead-automation-tester-engineer-c-tyescript-playwright/56838448?source=searchResults&filter=%2Fjobs%2Ftest-automation-engineer-jobs-in-united-kingdom",""
"Software Test Engineer","","","Reed","Test Automation Engineer","🏢 Office | 📍 Brak lokalizacji","https://www.reed.co.uk/jobs/software-test-engineer/56888287?source=searchResults&filter=%2Fjobs%2Ftest-automation-engineer-jobs-in-united-kingdom",""
"Software Test Engineer","","","Reed","Test Automation Engineer","🏢 Office | 📍 Brak lokalizacji","https://www.reed.co.uk/jobs/software-test-engineer/56840898?source=searchResults&filter=%2Fjobs%2Ftest-automation-engineer-jobs-in-united-kingdom",""
"Automation Tester - Data","","","Reed","Test Automation Engineer","🏢 Office | 📍 Brak lokalizacji","https://www.reed.co.uk/jobs/automation-tester-data/56872864?source=searchResults&filter=%2Fjobs%2Ftest-automation-engineer-jobs-in-united-kingdom",""
"Test Engineer","","","Reed","Test Automation Engineer","🏢 Office | 📍 Brak lokalizacji","https://www.reed.co.uk/jobs/test-engineer/56911082?source=searchResults&filter=%2Fjobs%2Ftest-automation-engineer-jobs-in-united-kingdom",""
"Test Development Engineer","","","Reed","Test Automation Engineer","🏢 Office | 📍 Brak lokalizacji","https://www.reed.co.uk/jobs/test-development-engineer/56817667?source=searchResults&filter=%2Fjobs%2Ftest-automation-engineer-jobs-in-united-kingdom",""
"Software Development Engineer in Test","","","Reed","Test Automation Engineer","🏢 Office | 📍 Brak lokalizacji","https://www.reed.co.uk/jobs/software-development-engineer-in-test/56831121?source=searchResults&filter=%2Fjobs%2Ftest-automation-engineer-jobs-in-united-kingdom",""
"Automation QA Engineer Inside IR35","","","Reed","Test Automation Engineer","🏢 Office | 📍 Brak lokalizacji","https://www.reed.co.uk/jobs/automation-qa-engineer-inside-ir35/56902127?source=searchResults&filter=%2Fjobs%2Ftest-automation-engineer-jobs-in-united-kingdom",""
"QA/Test Engineer","","","Reed","Test Automation Engineer","🏢 Office | 📍 Brak lokalizacji","https://www.reed.co.uk/jobs/qa-test-engineer/56789929?source=searchResults&filter=%2Fjobs%2Ftest-automation-engineer-jobs-in-united-kingdom",""
"Senior Software Engineer (Test)","","","Reed","Test Automation Engineer","🏢 Office | 📍 Brak lokalizacji","https://www.reed.co.uk/jobs/senior-software-engineer-test/56758314?source=searchResults&filter=%2Fjobs%2Ftest-automation-engineer-jobs-in-united-kingdom",""
"QA Test Lead","","","Reed","SDET","🏢 Office | 📍 Brak lokalizacji","https://www.reed.co.uk/jobs/qa-test-lead/56821661?source=searchResults&filter=%2Fjobs%2Fsdet-jobs-in-united-kingdom",""
"Principal SDET/SEIT","","","Reed","SDET","🏢 Office | 📍 Brak lokalizacji","https://www.reed.co.uk/jobs/principal-sdet-seit/56840805?source=searchResults&filter=%2Fjobs%2Fsdet-jobs-in-united-kingdom",""
"Senior QA Tester","","","Reed","SDET","🏢 Office | 📍 Brak lokalizacji","https://www.reed.co.uk/jobs/senior-qa-tester/56917575?source=searchResults&filter=%2Fjobs%2Fsdet-jobs-in-united-kingdom",""
"QA Automation Engineer","","","Reed","SDET","🏢 Office | 📍 Brak lokalizacji","https://www.reed.co.uk/jobs/qa-automation-engineer/56848010?source=searchResults&filter=%2Fjobs%2Fsdet-jobs-in-united-kingdom",""
"SDR FPGA Engineer","","","Reed","SDET","🏢 Office | 📍 Brak lokalizacji","https://www.reed.co.uk/jobs/sdr-fpga-engineer/56893318?source=searchResults&filter=%2Fjobs%2Fsdet-jobs-in-united-kingdom",""
"DevOps Tester (SC Cleared)","","","Reed","SDET","🏢 Office | 📍 Brak lokalizacji","https://www.reed.co.uk/jobs/devops-tester-sc-cleared/56815635?source=searchResults&filter=%2Fjobs%2Fsdet-jobs-in-united-kingdom",""
"QA Automation Architect","","","Reed","SDET","🏢 Office | 📍 Brak lokalizacji","https://www.reed.co.uk/jobs/qa-automation-architect/56754689?source=searchResults&filter=%2Fjobs%2Fsdet-jobs-in-united-kingdom",""
"DevOps Tester","","","Reed","SDET","🏢 Office | 📍 Brak lokalizacji","https://www.reed.co.uk/jobs/devops-tester/56784029?source=searchResults&filter=%2Fjobs%2Fsdet-jobs-in-united-kingdom",""
"Software Automation QA","","","Reed","SDET","🏢 Office | 📍 Brak lokalizacji","https://www.reed.co.uk/jobs/software-automation-qa/56890356?source=searchResults&filter=%2Fjobs%2Fsdet-jobs-in-united-kingdom",""
"Software Automation QA","","","Reed","SDET","🏢 Office | 📍 Brak lokalizacji","https://www.reed.co.uk/jobs/software-automation-qa/56923137?source=searchResults&filter=%2Fjobs%2Fsdet-jobs-in-united-kingdom",""
"SDR Manager - Team of 8 - SAAS Fintech - London","","","Reed","SDET","🏢 Office | 📍 Brak lokalizacji","https://www.reed.co.uk/jobs/sdr-manager-team-of-8-saas-fintech-london/56898510?source=searchResults&filter=%2Fjobs%2Fsdet-jobs-in-united-kingdom",""
"CREST Penetration Tester","","","Reed","SDET","🏢 Office | 📍 Brak lokalizacji","https://www.reed.co.uk/jobs/crest-penetration-tester/56872382?source=searchResults&filter=%2Fjobs%2Fsdet-jobs-in-united-kingdom",""
"Hardware/QA Test Engineer","","","Reed","SDET","🏢 Office | 📍 Brak lokalizacji","https://www.reed.co.uk/jobs/hardware-qa-test-engineer/56759489?source=searchResults&filter=%2Fjobs%2Fsdet-jobs-in-united-kingdom",""
"DevSecOps","","","Reed","SDET","🏢 Office | 📍 Brak lokalizacji","https://www.reed.co.uk/jobs/devsecops/56843240?source=searchResults&filter=%2Fjobs%2Fsdet-jobs-in-united-kingdom",""
"Software QA Engineer","","","Reed","SDET","🏢 Office | 📍 Brak lokalizacji","https://www.reed.co.uk/jobs/software-qa-engineer/56922636?source=searchResults&filter=%2Fjobs%2Fsdet-jobs-in-united-kingdom",""
"Software QA Engineer","","","Reed","SDET","🏢 Office | 📍 Brak lokalizacji","https://www.reed.co.uk/jobs/software-qa-engineer/56878054?source=searchResults&filter=%2Fjobs%2Fsdet-jobs-in-united-kingdom",""
"QA Engineer","","","Reed","SDET","🏢 Office | 📍 Brak lokalizacji","https://www.reed.co.uk/jobs/qa-engineer/56836249?source=searchResults&filter=%2Fjobs%2Fsdet-jobs-in-united-kingdom",""
"QA Engineer","","","Reed","SDET","🏢 Office | 📍 Brak lokalizacji","https://www.reed.co.uk/jobs/qa-engineer/56793724?source=searchResults&filter=%2Fjobs%2Fsdet-jobs-in-united-kingdom",""
"QA Engineer","","","Reed","SDET","🏢 Office | 📍 Brak lokalizacji","https://www.reed.co.uk/jobs/qa-engineer/56779691?source=searchResults&filter=%2Fjobs%2Fsdet-jobs-in-united-kingdom",""
"SC Cleared - Automation Test Engineer","","","Reed","SDET","🏢 Office | 📍 Brak lokalizacji","https://www.reed.co.uk/jobs/sc-cleared-automation-test-engineer/56864595?source=searchResults&filter=%2Fjobs%2Fsdet-jobs-in-united-kingdom",""
"Senior Quality Assurance Engineer","","","Reed","SDET","🏢 Office | 📍 Brak lokalizacji","https://www.reed.co.uk/jobs/senior-quality-assurance-engineer/56824839?source=searchResults&filter=%2Fjobs%2Fsdet-jobs-in-united-kingdom",""
"Automation QA Engineer Inside IR35","","","Reed","SDET","🏢 Office | 📍 Brak lokalizacji","https://www.reed.co.uk/jobs/automation-qa-engineer-inside-ir35/56902127?source=searchResults&filter=%2Fjobs%2Fsdet-jobs-in-united-kingdom",""
"QA Lead","","","Reed","SDET","🏢 Office | 📍 Brak lokalizacji","https://www.reed.co.uk/jobs/qa-lead/56922814?source=searchResults&filter=%2Fjobs%2Fsdet-jobs-in-united-kingdom",""
"Software Development Engineer in Test","","","Reed","SDET","🏢 Office | 📍 Brak lokalizacji","https://www.reed.co.uk/jobs/software-development-engineer-in-test/56831121?source=searchResults&filter=%2Fjobs%2Fsdet-jobs-in-united-kingdom",""
"QA/Test Engineer","","","Reed","SDET","🏢 Office | 📍 Brak lokalizacji","https://www.reed.co.uk/jobs/qa-test-engineer/56789929?source=searchResults&filter=%2Fjobs%2Fsdet-jobs-in-united-kingdom",""
"Senior Software Engineer (Test)","","","Reed","Software Engineer in Test","🏢 Office | 📍 Brak lokalizacji","https://www.reed.co.uk/jobs/senior-software-engineer-test/56758314?source=searchResults&filter=%2Fjobs%2Fsoftware-engineer-in-test-jobs-in-united-kingdom",""
"Senior Test Software Engineer","","","Reed","Software Engineer in Test","🏢 Office | 📍 Brak lokalizacji","https://www.reed.co.uk/jobs/senior-test-software-engineer/56829834?source=searchResults&filter=%2Fjobs%2Fsoftware-engineer-in-test-jobs-in-united-kingdom",""
"Software Development Engineer in Test","","","Reed","Software Engineer in Test","🏢 Office | 📍 Brak lokalizacji","https://www.reed.co.uk/jobs/software-development-engineer-in-test/56831121?source=searchResults&filter=%2Fjobs%2Fsoftware-engineer-in-test-jobs-in-united-kingdom",""
"ADA Software Engineer","","","Reed","Software Engineer in Test","🏢 Office | 📍 Brak lokalizacji","https://www.reed.co.uk/jobs/ada-software-engineer/56861138?source=searchResults&filter=%2Fjobs%2Fsoftware-engineer-in-test-jobs-in-united-kingdom",""
"Software Applications Engineer","","","Reed","Software Engineer in Test","🏢 Office | 📍 Brak lokalizacji","https://www.reed.co.uk/jobs/software-applications-engineer/56852363?source=searchResults&filter=%2Fjobs%2Fsoftware-engineer-in-test-jobs-in-united-kingdom",""
"PHP Engineer","","","Reed","Software Engineer in Test","🏢 Office | 📍 Brak lokalizacji","https://www.reed.co.uk/jobs/php-engineer/56863040?source=searchResults&filter=%2Fjobs%2Fsoftware-engineer-in-test-jobs-in-united-kingdom",""
"Senior Software Engineer","","","Reed","Software Engineer in Test","🏢 Office | 📍 Brak lokalizacji","https://www.reed.co.uk/jobs/senior-software-engineer/56867019?source=searchResults&filter=%2Fjobs%2Fsoftware-engineer-in-test-jobs-in-united-kingdom",""
"Senior Software Developer","","","Reed","Software Engineer in Test","🏢 Office | 📍 Brak lokalizacji","https://www.reed.co.uk/jobs/senior-software-developer/56904263?source=searchResults&filter=%2Fjobs%2Fsoftware-engineer-in-test-jobs-in-united-kingdom",""
"Senior Software Engineer","","","Reed","Software Engineer in Test","🏢 Office | 📍 Brak lokalizacji","https://www.reed.co.uk/jobs/senior-software-engineer/56864801?source=searchResults&filter=%2Fjobs%2Fsoftware-engineer-in-test-jobs-in-united-kingdom",""
"Principal Software Engineer","","","Reed","Software Engineer in Test","🏢 Office | 📍 Brak lokalizacji","https://www.reed.co.uk/jobs/principal-software-engineer/56913241?source=searchResults&filter=%2Fjobs%2Fsoftware-engineer-in-test-jobs-in-united-kingdom",""
"Graduate Full Stack Software Engineer","","","Reed","Software Engineer in Test","🏢 Office | 📍 Brak lokalizacji","https://www.reed.co.uk/jobs/graduate-full-stack-software-engineer/56787007?source=searchResults&filter=%2Fjobs%2Fsoftware-engineer-in-test-jobs-in-united-kingdom",""
"Electronics Project Engineer","","","Reed","Software Engineer in Test","🏢 Office | 📍 Brak lokalizacji","https://www.reed.co.uk/jobs/electronics-project-engineer/56832555?source=searchResults&filter=%2Fjobs%2Fsoftware-engineer-in-test-jobs-in-united-kingdom",""
"Software Engineer","","","Reed","Software Engineer in Test","🏢 Office | 📍 Brak lokalizacji","https://www.reed.co.uk/jobs/software-engineer/56865105?source=searchResults&filter=%2Fjobs%2Fsoftware-engineer-in-test-jobs-in-united-kingdom",""
"Lead Developer","","","Reed","Software Engineer in Test","🏢 Office | 📍 Brak lokalizacji","https://www.reed.co.uk/jobs/lead-developer/56919354?source=searchResults&filter=%2Fjobs%2Fsoftware-engineer-in-test-jobs-in-united-kingdom",""
"Lead Developer","","","Reed","Software Engineer in Test","🏢 Office | 📍 Brak lokalizacji","https://www.reed.co.uk/jobs/lead-developer/56919352?source=searchResults&filter=%2Fjobs%2Fsoftware-engineer-in-test-jobs-in-united-kingdom",""
"Lead Developer","","","Reed","Software Engineer in Test","🏢 Office | 📍 Brak lokalizacji","https://www.reed.co.uk/jobs/lead-developer/56919350?source=searchResults&filter=%2Fjobs%2Fsoftware-engineer-in-test-jobs-in-united-kingdom",""
"Senior Developer Dynamics","","","Reed","Software Engineer in Test","🏢 Office | 📍 Brak lokalizacji","https://www.reed.co.uk/jobs/senior-developer-dynamics/56919481?source=searchResults&filter=%2Fjobs%2Fsoftware-engineer-in-test-jobs-in-united-kingdom",""
"Senior Developer Dynamics","","","Reed","Software Engineer in Test","🏢 Office | 📍 Brak lokalizacji","https://www.reed.co.uk/jobs/senior-developer-dynamics/56919490?source=searchResults&filter=%2Fjobs%2Fsoftware-engineer-in-test-jobs-in-united-kingdom",""
"Senior Developer Dynamics","","","Reed","Software Engineer in Test","🏢 Office | 📍 Brak lokalizacji","https://www.reed.co.uk/jobs/senior-developer-dynamics/56919506?source=searchResults&filter=%2Fjobs%2Fsoftware-engineer-in-test-jobs-in-united-kingdom",""
"Senior Software Engineer","","","Reed","Software Engineer in Test","🏢 Office | 📍 Brak lokalizacji","https://www.reed.co.uk/jobs/senior-software-engineer/55768379?source=searchResults&filter=%2Fjobs%2Fsoftware-engineer-in-test-jobs-in-united-kingdom",""
"Senior Software Developer","","","Reed","Software Engineer in Test","🏢 Office | 📍 Brak lokalizacji","https://www.reed.co.uk/jobs/senior-software-developer/56888450?source=searchResults&filter=%2Fjobs%2Fsoftware-engineer-in-test-jobs-in-united-kingdom",""
"Software Developer Apprentice","","","Reed","Software Engineer in Test","🏢 Office | 📍 Brak lokalizacji","https://www.reed.co.uk/jobs/software-developer-apprentice/56813539?source=searchResults&filter=%2Fjobs%2Fsoftware-engineer-in-test-jobs-in-united-kingdom",""
"Lead Software Engineer","","","Reed","Software Engineer in Test","🏢 Office | 📍 Brak lokalizacji","https://www.reed.co.uk/jobs/lead-software-engineer/56893012?source=searchResults&filter=%2Fjobs%2Fsoftware-engineer-in-test-jobs-in-united-kingdom",""
"Senior Software Engineer","","","Reed","Software Engineer in Test","🏢 Office | 📍 Brak lokalizacji","https://www.reed.co.uk/jobs/senior-software-engineer/56817566?source=searchResults&filter=%2Fjobs%2Fsoftware-engineer-in-test-jobs-in-united-kingdom",""
"Delivery Manager (Software)","","","Reed","Software Engineer in Test","🏢 Office | 📍 Brak lokalizacji","https://www.reed.co.uk/jobs/delivery-manager-software/56878082?source=searchResults&filter=%2Fjobs%2Fsoftware-engineer-in-test-jobs-in-united-kingdom",""
"NPI Test Engineer","","","Reed","Test Engineer","🏢 Office | 📍 Brak lokalizacji","https://www.reed.co.uk/jobs/npi-test-engineer/56877145?source=searchResults&filter=%2Fjobs%2Ftest-engineer-jobs-in-united-kingdom",""
"Test Engineer","","","Reed","Test Engineer","🏢 Office | 📍 Brak lokalizacji","https://www.reed.co.uk/jobs/test-engineer/56873115?source=searchResults&filter=%2Fjobs%2Ftest-engineer-jobs-in-united-kingdom",""
"Test Engineer","","","Reed","Test Engineer","🏢 Office | 📍 Brak lokalizacji","https://www.reed.co.uk/jobs/test-engineer/56789437?source=searchResults&filter=%2Fjobs%2Ftest-engineer-jobs-in-united-kingdom",""
"Test Engineer","","","Reed","Test Engineer","🏢 Office | 📍 Brak lokalizacji","https://www.reed.co.uk/jobs/test-engineer/56911082?source=searchResults&filter=%2Fjobs%2Ftest-engineer-jobs-in-united-kingdom",""
"Test Engineer","","","Reed","Test Engineer","🏢 Office | 📍 Brak lokalizacji","https://www.reed.co.uk/jobs/test-engineer/56852380?source=searchResults&filter=%2Fjobs%2Ftest-engineer-jobs-in-united-kingdom",""
"Test Engineer","","","Reed","Test Engineer","🏢 Office | 📍 Brak lokalizacji","https://www.reed.co.uk/jobs/test-engineer/56887525?source=searchResults&filter=%2Fjobs%2Ftest-engineer-jobs-in-united-kingdom",""
"Test Engineer","","","Reed","Test Engineer","🏢 Office | 📍 Brak lokalizacji","https://www.reed.co.uk/jobs/test-engineer/56824230?source=searchResults&filter=%2Fjobs%2Ftest-engineer-jobs-in-united-kingdom",""
"Test Engineer","","","Reed","Test Engineer","🏢 Office | 📍 Brak lokalizacji","https://www.reed.co.uk/jobs/test-engineer/56778791?source=searchResults&filter=%2Fjobs%2Ftest-engineer-jobs-in-united-kingdom",""
"Test Engineer","","","Reed","Test Engineer","🏢 Office | 📍 Brak lokalizacji","https://www.reed.co.uk/jobs/test-engineer/56837052?source=searchResults&filter=%2Fjobs%2Ftest-engineer-jobs-in-united-kingdom",""
"Test Engineer","","","Reed","Test Engineer","🏢 Office | 📍 Brak lokalizacji","https://www.reed.co.uk/jobs/test-engineer/56906046?source=searchResults&filter=%2Fjobs%2Ftest-engineer-jobs-in-united-kingdom",""
"Test Engineer","","","Reed","Test Engineer","🏢 Office | 📍 Brak lokalizacji","https://www.reed.co.uk/jobs/test-engineer/56868490?source=searchResults&filter=%2Fjobs%2Ftest-engineer-jobs-in-united-kingdom",""
"Production Test Engineer","","","Reed","Test Engineer","🏢 Office | 📍 Brak lokalizacji","https://www.reed.co.uk/jobs/production-test-engineer/56773660?source=searchResults&filter=%2Fjobs%2Ftest-engineer-jobs-in-united-kingdom",""
"Manufacturing Test Engineer","","","Reed","Test Engineer","🏢 Office | 📍 Brak lokalizacji","https://www.reed.co.uk/jobs/manufacturing-test-engineer/56790162?source=searchResults&filter=%2Fjobs%2Ftest-engineer-jobs-in-united-kingdom",""
"Manufacturing Test Engineer","","","Reed","Test Engineer","🏢 Office | 📍 Brak lokalizacji","https://www.reed.co.uk/jobs/manufacturing-test-engineer/56815486?source=searchResults&filter=%2Fjobs%2Ftest-engineer-jobs-in-united-kingdom",""
"Software Test Engineer","","","Reed","Test Engineer","🏢 Office | 📍 Brak lokalizacji","https://www.reed.co.uk/jobs/software-test-engineer/56840898?source=searchResults&filter=%2Fjobs%2Ftest-engineer-jobs-in-united-kingdom",""
"Senior Test Engineer","","","Reed","Test Engineer","🏢 Office | 📍 Brak lokalizacji","https://www.reed.co.uk/jobs/senior-test-engineer/56834983?source=searchResults&filter=%2Fjobs%2Ftest-engineer-jobs-in-united-kingdom",""
"Software Test Engineer","","","Reed","Test Engineer","🏢 Office | 📍 Brak lokalizacji","https://www.reed.co.uk/jobs/software-test-engineer/56892387?source=searchResults&filter=%2Fjobs%2Ftest-engineer-jobs-in-united-kingdom",""
"Manufacturing Test Engineer","","","Reed","Test Engineer","🏢 Office | 📍 Brak lokalizacji","https://www.reed.co.uk/jobs/manufacturing-test-engineer/56722191?source=searchResults&filter=%2Fjobs%2Ftest-engineer-jobs-in-united-kingdom",""
"Software Test Engineer","","","Reed","Test Engineer","🏢 Office | 📍 Brak lokalizacji","https://www.reed.co.uk/jobs/software-test-engineer/56888287?source=searchResults&filter=%2Fjobs%2Ftest-engineer-jobs-in-united-kingdom",""
"Electronic Test Engineer","","","Reed","Test Engineer","🏢 Office | 📍 Brak lokalizacji","https://www.reed.co.uk/jobs/electronic-test-engineer/56914050?source=searchResults&filter=%2Fjobs%2Ftest-engineer-jobs-in-united-kingdom",""
"Electronic Test Engineer","","","Reed","Test Engineer","🏢 Office | 📍 Brak lokalizacji","https://www.reed.co.uk/jobs/electronic-test-engineer/56831561?source=searchResults&filter=%2Fjobs%2Ftest-engineer-jobs-in-united-kingdom",""
"Transducer Test Engineer","","","Reed","Test Engineer","🏢 Office | 📍 Brak lokalizacji","https://www.reed.co.uk/jobs/transducer-test-engineer/56773040?source=searchResults&filter=%2Fjobs%2Ftest-engineer-jobs-in-united-kingdom",""
"Electronics Test Engineer","","","Reed","Test Engineer","🏢 Office | 📍 Brak lokalizacji","https://www.reed.co.uk/jobs/electronics-test-engineer/56897817?source=searchResults&filter=%2Fjobs%2Ftest-engineer-jobs-in-united-kingdom",""
"Electronics Test Engineer","","","Reed","Test Engineer","🏢 Office | 📍 Brak lokalizacji","https://www.reed.co.uk/jobs/electronics-test-engineer/56864741?source=searchResults&filter=%2Fjobs%2Ftest-engineer-jobs-in-united-kingdom",""
"Electronics Test Engineer","","","Reed","Test Engineer","🏢 Office | 📍 Brak lokalizacji","https://www.reed.co.uk/jobs/electronics-test-engineer/56788513?source=searchResults&filter=%2Fjobs%2Ftest-engineer-jobs-in-united-kingdom",""
"QA Test Lead","","","Reed","QA Lead","🏢 Office | 📍 Brak lokalizacji","https://www.reed.co.uk/jobs/qa-test-lead/56821661?source=searchResults&filter=%2Fjobs%2Fqa-lead-jobs-in-united-kingdom",""
"QA Lead","","","Reed","QA Lead","🏢 Office | 📍 Brak lokalizacji","https://www.reed.co.uk/jobs/qa-lead/56922814?source=searchResults&filter=%2Fjobs%2Fqa-lead-jobs-in-united-kingdom",""
"Software QA Lead","","","Reed","QA Lead","🏢 Office | 📍 Brak lokalizacji","https://www.reed.co.uk/jobs/software-qa-lead/56848224?source=searchResults&filter=%2Fjobs%2Fqa-lead-jobs-in-united-kingdom",""
"QA Supervisor/ QC Manager","","","Reed","QA Lead","🏢 Office | 📍 Brak lokalizacji","https://www.reed.co.uk/jobs/qa-supervisor-qc-manager/56791456?source=searchResults&filter=%2Fjobs%2Fqa-lead-jobs-in-united-kingdom",""
"Quality Team Leader - Supplier Pillar","","","Reed","QA Lead","🏢 Office | 📍 Brak lokalizacji","https://www.reed.co.uk/jobs/quality-team-leader-supplier-pillar/56793626?source=searchResults&filter=%2Fjobs%2Fqa-lead-jobs-in-united-kingdom",""
"Lead AI Red Teaming & QA Engineer","","","Reed","QA Lead","🏢 Office | 📍 Brak lokalizacji","https://www.reed.co.uk/jobs/lead-ai-red-teaming-qa-engineer/56912145?source=searchResults&filter=%2Fjobs%2Fqa-lead-jobs-in-united-kingdom",""
"Senior Automation Test Analyst","","","Reed","QA Lead","🏢 Office | 📍 Brak lokalizacji","https://www.reed.co.uk/jobs/senior-automation-test-analyst/56903788?source=searchResults&filter=%2Fjobs%2Fqa-lead-jobs-in-united-kingdom",""
"Contract QA Consultant","","","Reed","QA Lead","🏢 Office | 📍 Brak lokalizacji","https://www.reed.co.uk/jobs/contract-qa-consultant/56796290?source=searchResults&filter=%2Fjobs%2Fqa-lead-jobs-in-united-kingdom",""
"Test Lead","","","Reed","QA Lead","🏢 Office | 📍 Brak lokalizacji","https://www.reed.co.uk/jobs/test-lead/56689532?source=searchResults&filter=%2Fjobs%2Fqa-lead-jobs-in-united-kingdom",""
"QA Officer","","","Reed","QA Lead","🏢 Office | 📍 Brak lokalizacji","https://www.reed.co.uk/jobs/qa-officer/56792518?source=searchResults&filter=%2Fjobs%2Fqa-lead-jobs-in-united-kingdom",""
"QA Officer","","","Reed","QA Lead","🏢 Office | 📍 Brak lokalizacji","https://www.reed.co.uk/jobs/qa-officer/56792637?source=searchResults&filter=%2Fjobs%2Fqa-lead-jobs-in-united-kingdom",""
"Quality Assurance Analyst","","","Reed","QA Lead","🏢 Office | 📍 Brak lokalizacji","https://www.reed.co.uk/jobs/quality-assurance-analyst/56918776?source=searchResults&filter=%2Fjobs%2Fqa-lead-jobs-in-united-kingdom",""
"Quality Assurance Analyst","","","Reed","QA Lead","🏢 Office | 📍 Brak lokalizacji","https://www.reed.co.uk/jobs/quality-assurance-analyst/56711570?source=searchResults&filter=%2Fjobs%2Fqa-lead-jobs-in-united-kingdom",""
"Quality Assurance Supervisor","","","Reed","QA Lead","🏢 Office | 📍 Brak lokalizacji","https://www.reed.co.uk/jobs/quality-assurance-supervisor/56812931?source=searchResults&filter=%2Fjobs%2Fqa-lead-jobs-in-united-kingdom",""
"Quality Assurance Specialist","","","Reed","QA Lead","🏢 Office | 📍 Brak lokalizacji","https://www.reed.co.uk/jobs/quality-assurance-specialist/56843359?source=searchResults&filter=%2Fjobs%2Fqa-lead-jobs-in-united-kingdom",""
"QA Auditor","","","Reed","QA Lead","🏢 Office | 📍 Brak lokalizacji","https://www.reed.co.uk/jobs/qa-auditor/56839922?source=searchResults&filter=%2Fjobs%2Fqa-lead-jobs-in-united-kingdom",""
"Test Lead","","","Reed","QA Lead","🏢 Office | 📍 Brak lokalizacji","https://www.reed.co.uk/jobs/test-lead/56878121?source=searchResults&filter=%2Fjobs%2Fqa-lead-jobs-in-united-kingdom",""
"Quality Zone Manager","","","Reed","QA Lead","🏢 Office | 📍 Brak lokalizacji","https://www.reed.co.uk/jobs/quality-zone-manager/56850874?source=searchResults&filter=%2Fjobs%2Fqa-lead-jobs-in-united-kingdom",""
"Quality Assurance Manager - FMCG Manufacturing","","","Reed","QA Lead","🏢 Office | 📍 Brak lokalizacji","https://www.reed.co.uk/jobs/quality-assurance-manager-fmcg-manufacturing/56887030?source=searchResults&filter=%2Fjobs%2Fqa-lead-jobs-in-united-kingdom",""
"Quality Assurance Manager","","","Reed","QA Lead","🏢 Office | 📍 Brak lokalizacji","https://www.reed.co.uk/jobs/quality-assurance-manager/56833625?source=searchResults&filter=%2Fjobs%2Fqa-lead-jobs-in-united-kingdom",""
"Quality Assurance Manager","","","Reed","QA Lead","🏢 Office | 📍 Brak lokalizacji","https://www.reed.co.uk/jobs/quality-assurance-manager/56802062?source=searchResults&filter=%2Fjobs%2Fqa-lead-jobs-in-united-kingdom",""
"Quality Assurance Manager","","","Reed","QA Lead","🏢 Office | 📍 Brak lokalizacji","https://www.reed.co.uk/jobs/quality-assurance-manager/56801923?source=searchResults&filter=%2Fjobs%2Fqa-lead-jobs-in-united-kingdom",""
"Associate Principal QA Specialist","","","Reed","QA Lead","🏢 Office | 📍 Brak lokalizacji","https://www.reed.co.uk/jobs/associate-principal-qa-specialist/56893730?source=searchResults&filter=%2Fjobs%2Fqa-lead-jobs-in-united-kingdom",""
"Quality Assurance Manager (QA Manager)","","","Reed","QA Lead","🏢 Office | 📍 Brak lokalizacji","https://www.reed.co.uk/jobs/quality-assurance-manager-qa-manager/56842815?source=searchResults&filter=%2Fjobs%2Fqa-lead-jobs-in-united-kingdom",""
"Senior Quality Assurance Engineer","","","Reed","QA Lead","🏢 Office | 📍 Brak lokalizacji","https://www.reed.co.uk/jobs/senior-quality-assurance-engineer/56824839?source=searchResults&filter=%2Fjobs%2Fqa-lead-jobs-in-united-kingdom",""
"Lead DevOps Engineer","Sparta Global Limited","Sheffield, South Yorkshire","Adzuna (TotalJobs+)","Software QA Engineer","🏢 Office | 🚗 2h 13min ❌ | 🚌 ~3h 6min","https://www.adzuna.co.uk/jobs/land/ad/5734614567?se=NFujhClU8RGI_uQJR_0NbQ&utm_medium=api&utm_source=fec81443&v=A46C64694EF5D57FFE1AF1B36179A9392B4D9CAE","2026-05-20"
"Senior Delivery Manager","Informed Solutions","Holbeck, Leeds","Adzuna (TotalJobs+)","Software QA Engineer","🏢 Office | 🚗 1h 52min | 🚌 ~2h 37min 💾","https://www.adzuna.co.uk/jobs/details/5733143777?utm_medium=api&utm_source=fec81443","2026-05-18"
"Senior Delivery Consultant","Oliver George Consulting Limited","Bristol, South West England","Adzuna (TotalJobs+)","Software QA Engineer","🏢 Office | 🚗 1h 51min | 🚌 ~2h 35min 💾","https://www.adzuna.co.uk/jobs/details/5726908992?utm_medium=api&utm_source=fec81443","2026-05-12"
"AI Tester","SmartSearch","West Yorkshire, Yorkshire And The Humber","Adzuna (TotalJobs+)","Software QA Engineer","🏢 Office | 🚗 1h 43min | 🚌 ~2h 24min 💾","https://www.adzuna.co.uk/jobs/details/5725975235?utm_medium=api&utm_source=fec81443","2026-05-11"
"C++ / C# Software Developer","The Recruitment Bureau  Ltd","Northampton, Northamptonshire","Adzuna (TotalJobs+)","Software QA Engineer","🏢 Office | 🚗 2h 26min ❌ | 🚌 ~3h 24min","https://www.adzuna.co.uk/jobs/land/ad/5725376521?se=NFujhClU8RGI_uQJR_0NbQ&utm_medium=api&utm_source=fec81443&v=B65400A52EB0BB31F1235458B36EC27BC1742C88","2026-05-10"
"Principal QA Engineer","MRJ Recruitment","Manchester, Greater Manchester","Adzuna (TotalJobs+)","Software QA Engineer","🏢 Office | 🚗 1h 13min | 🚌 ~2h 12min 💾","https://www.adzuna.co.uk/jobs/details/5724832016?utm_medium=api&utm_source=fec81443","2026-05-10"
"Senior Gameplay Programmer","Cloud Imperium Games Limited","Manchester, Greater Manchester","Adzuna (TotalJobs+)","Software QA Engineer","🏢 Office | 🚗 1h 13min | 🚌 ~2h 12min 💾","https://www.adzuna.co.uk/jobs/details/5720610934?utm_medium=api&utm_source=fec81443","2026-05-06"
"QA Engineer / Software Tester","","UK","Adzuna (TotalJobs+)","Software QA Engineer","🏢 Office | 📍 Brak lokalizacji","https://www.adzuna.co.uk/jobs/details/5719092071?utm_medium=api&utm_source=fec81443","2026-05-05"
"Lead Quality Engineer","Preservica","UK","Adzuna (TotalJobs+)","Software QA Engineer","🏢 Office | 📍 Brak lokalizacji","https://www.adzuna.co.uk/jobs/details/5714838817?utm_medium=api&utm_source=fec81443","2026-04-30"
"Software Engineer","Uniting Ambition","UK","Adzuna (TotalJobs+)","Software QA Engineer","🏢 Office | 📍 Brak lokalizacji","https://www.adzuna.co.uk/jobs/land/ad/5714521071?se=NFujhClU8RGI_uQJR_0NbQ&utm_medium=api&utm_source=fec81443&v=6208CD6272AA4C1DB2C3F195100171FC17B0E65E","2026-04-30"
"RF Test Engineer","Rowden","Bristol, South West England","Adzuna (TotalJobs+)","Software QA Engineer","🏢 Office | 🚗 1h 51min | 🚌 ~2h 35min","https://www.adzuna.co.uk/jobs/land/ad/5708447613?se=NFujhClU8RGI_uQJR_0NbQ&utm_medium=api&utm_source=fec81443&v=BDB39D976345D483B8441CFEB83A92F55ECB0BC3","2026-04-23"
"Lead Quality Engineer","Preservica","Dry Sandford, Abingdon","Adzuna (TotalJobs+)","Software QA Engineer","🏢 Office | 🚗 2h 50min ❌ | 🚌 ~3h 58min","https://www.adzuna.co.uk/jobs/land/ad/5707213055?se=NFujhClU8RGI_uQJR_0NbQ&utm_medium=api&utm_source=fec81443&v=B8423DD4475FB6ABF8788FAFEF8BFB5E6DBCCCBF","2026-04-22"
"Software Team Lead","Smartbox Assistive Technology","UK","Adzuna (TotalJobs+)","Software QA Engineer","🏢 Office | 📍 Brak lokalizacji","https://www.adzuna.co.uk/jobs/details/5700008193?utm_medium=api&utm_source=fec81443","2026-04-15"
"Software Team Lead","Smartbox Assistive Technology","Bristol, South West England","Adzuna (TotalJobs+)","Software QA Engineer","🏢 Office | 🚗 1h 51min | 🚌 ~2h 35min","https://www.adzuna.co.uk/jobs/land/ad/5699809562?se=NFujhClU8RGI_uQJR_0NbQ&utm_medium=api&utm_source=fec81443&v=17BFBCD6C5DB7B84D94DFA65ED799354A67E5CCF","2026-04-15"
"Senior Delivery Manager","Informed Solutions","Altrincham, Greater Manchester","Adzuna (TotalJobs+)","Software QA Automation Engineer","🏢 Office | 🚗 1h 3min | 🚌 ~1h 54min 💾","https://www.adzuna.co.uk/jobs/details/5457262885?utm_medium=api&utm_source=fec81443","2025-10-21"
"Technical Lead - Footwear","Interaction - Kettering","Kettering, Northamptonshire","Adzuna (TotalJobs+)","Testing Lead","🏢 Office | 🚗 2h 23min ❌ | 🚌 ~3h 20min","https://www.adzuna.co.uk/jobs/land/ad/5734937351?se=GOxLhSlU8RGI_uQJR_0NbQ&utm_medium=api&utm_source=fec81443&v=F4B6EB2245F159307C4DB6F5CF44671184E13A59","2026-05-20"
"HR Systems Support Analyst (D365)","Reed","Manchester, Greater Manchester","Adzuna (TotalJobs+)","Testing Lead","🏢 Office | 🚗 1h 20min | 🚌 ~2h 24min","https://www.adzuna.co.uk/jobs/land/ad/5734857278?se=GOxLhSlU8RGI_uQJR_0NbQ&utm_medium=api&utm_source=fec81443&v=DA21E5064CA25C159939D755E1BA26915A4A4681","2026-05-20"
"Star Pubs Management Agreement - Railway - Stourbridge","Star Pubs Management Agreement","Stourbridge, West Midlands","Adzuna (TotalJobs+)","Testing Lead","🏢 Office | 🚗 1h 45min | 🚌 ~2h 27min","https://www.adzuna.co.uk/jobs/details/5734779642?utm_medium=api&utm_source=fec81443","2026-05-20"
"CNC Setter","Rise Technical Recruitment","UK","Adzuna (TotalJobs+)","Testing Lead","🏢 Office | 📍 Brak lokalizacji","https://www.adzuna.co.uk/jobs/details/5734766688?utm_medium=api&utm_source=fec81443","2026-05-20"
"Senior Test Engineer","DWP Digital","Blackpool Airport, Blackpool","Adzuna (TotalJobs+)","Testing Lead","🏢 Office | 🚗 1h 35min | 🚌 ~2h 13min","https://www.adzuna.co.uk/jobs/details/5734758119?utm_medium=api&utm_source=fec81443","2026-05-20"
"Automation Test Lead","Rebel Recruitment Limited","The Park, Nottingham","Adzuna (TotalJobs+)","Testing Lead","🏢 Office | 🚗 2h 5min ❌ | 🚌 ~2h 55min","https://www.adzuna.co.uk/jobs/details/5734757527?utm_medium=api&utm_source=fec81443","2026-05-20"
"SAP Programme Manager","Infused Solutions Ltd","Collyhurst, Manchester","Adzuna (TotalJobs+)","Testing Lead","🏢 Office | 🚗 1h 22min | 🚌 ~2h 27min","https://www.adzuna.co.uk/jobs/details/5734757425?utm_medium=api&utm_source=fec81443","2026-05-20"
"Lead Test Engineer","Tatton Recruitment","Brooklands, Sale","Adzuna (TotalJobs+)","Testing Lead","🏢 Office | 🚗 1h 3min | 🚌 ~1h 53min","https://www.adzuna.co.uk/jobs/details/5734757450?utm_medium=api&utm_source=fec81443","2026-05-20"
"HR Systems Analyst","Reed Technology","Hulme, Manchester","Adzuna (TotalJobs+)","Testing Lead","🏢 Office | 🚗 1h 13min | 🚌 ~2h 11min","https://www.adzuna.co.uk/jobs/details/5734756998?utm_medium=api&utm_source=fec81443","2026-05-20"
"Senior Quality Engineer","TXP","Hockley, Birmingham","Adzuna (TotalJobs+)","Testing Lead","🏢 Office | 🚗 1h 45min | 🚌 ~2h 28min","https://www.adzuna.co.uk/jobs/details/5734756627?utm_medium=api&utm_source=fec81443","2026-05-20"
"Test Driven Development Lead","Tatton Recruitment","Brooklands, Sale","Adzuna (TotalJobs+)","Testing Lead","🏢 Office | 🚗 1h 3min | 🚌 ~1h 53min","https://www.adzuna.co.uk/jobs/details/5734756193?utm_medium=api&utm_source=fec81443","2026-05-20"
"Network and Security Specialist","VIQU IT","Ladywood, Birmingham","Adzuna (TotalJobs+)","Testing Lead","🏢 Office | 🚗 1h 47min | 🚌 ~2h 30min","https://www.adzuna.co.uk/jobs/details/5734755790?utm_medium=api&utm_source=fec81443","2026-05-20"
"QA Lead","Concept Resourcing","UK","Adzuna (TotalJobs+)","Testing Lead","🏢 Office | 📍 Brak lokalizacji","https://www.adzuna.co.uk/jobs/details/5734720948?utm_medium=api&utm_source=fec81443","2026-05-20"
"System Test and Validation Engineer","Futura Design Limited","Crewe, Cheshire","Adzuna (TotalJobs+)","Testing Lead","🏢 Office | 🚗 48min | 🚌 ~1h 27min","https://www.adzuna.co.uk/jobs/details/5734671096?utm_medium=api&utm_source=fec81443","2026-05-20"
"Verification and Validation Engineer","GE Vernova","Stafford, Staffordshire","Adzuna (TotalJobs+)","Testing Lead","🏢 Office | 🚗 1h 17min | 🚌 ~2h 18min","https://www.adzuna.co.uk/jobs/details/5734566270?utm_medium=api&utm_source=fec81443","2026-05-20"
"Lead Automation Test Engineer","GE Vernova","Stafford, Staffordshire","Adzuna (TotalJobs+)","Testing Lead","🏢 Office | 🚗 1h 17min | 🚌 ~2h 18min","https://www.adzuna.co.uk/jobs/details/5734566273?utm_medium=api&utm_source=fec81443","2026-05-20"
"Production Supervisor","Professional Technical Ltd","Kineton, Warwick","Adzuna (TotalJobs+)","Testing Lead","🏢 Office | 🚗 2h 16min ❌ | 🚌 ~3h 10min","https://www.adzuna.co.uk/jobs/land/ad/5734558809?se=GOxLhSlU8RGI_uQJR_0NbQ&utm_medium=api&utm_source=fec81443&v=D0F856E3DD902548E664A117597154E231880617","2026-05-20"
"QA Lead","TXP Technology x People","West Midlands, UK","Adzuna (TotalJobs+)","Testing Lead","🏢 Office | 🚗 1h 42min | 🚌 ~2h 23min","https://www.adzuna.co.uk/jobs/land/ad/5734558756?se=GOxLhSlU8RGI_uQJR_0NbQ&utm_medium=api&utm_source=fec81443&v=84C525204CA9A731FA58005E210199E4DA5BF0D6","2026-05-20"
"Full Stack Engineer (TDD / C# / JavaScript)","Adria Solutions","Manchester, Greater Manchester","Adzuna (TotalJobs+)","Testing Lead","🏢 Office | 🚗 1h 20min | 🚌 ~2h 24min","https://www.adzuna.co.uk/jobs/land/ad/5734556226?se=GOxLhSlU8RGI_uQJR_0NbQ&utm_medium=api&utm_source=fec81443&v=CC8DBA080DE338EC1323848B90D041772E680C09","2026-05-20"
"Test Engineer","Safran","Gloucester, Gloucestershire","Adzuna (TotalJobs+)","Testing Lead","🏢 Office | 🚗 2h 25min ❌ | 🚌 ~3h 23min","https://www.adzuna.co.uk/jobs/details/5734457520?utm_medium=api&utm_source=fec81443","2026-05-19"
"Customer Attributes Engineer - NVH & Vehicle Refinement","Contechs Consulting Ltd","Solihull, West Midlands","Adzuna (TotalJobs+)","Testing Lead","🏢 Office | 🚗 1h 51min | 🚌 ~2h 35min","https://www.adzuna.co.uk/jobs/details/5734454501?utm_medium=api&utm_source=fec81443","2026-05-19"
"NICEIC Qualified Supervisor","King and Moffatt","Birmingham, West Midlands","Adzuna (TotalJobs+)","Testing Lead","🏢 Office | 🚗 1h 42min | 🚌 ~2h 23min","https://www.adzuna.co.uk/jobs/details/5734451308?utm_medium=api&utm_source=fec81443","2026-05-19"
"System Test and Validation Engineer","Jonathan Lee Recruitment Ltd","Rusholme, Manchester","Adzuna (TotalJobs+)","Testing Lead","🏢 Office | 🚗 1h 11min | 🚌 ~2h 7min","https://www.adzuna.co.uk/jobs/details/5734269693?utm_medium=api&utm_source=fec81443","2026-05-19"
"System Test & Validation Engineer","Expleo UK LTD","Warwickshire, West Midlands","Adzuna (TotalJobs+)","Testing Lead","🏢 Office | 🚗 1h 42min | 🚌 ~2h 23min","https://www.adzuna.co.uk/jobs/details/5734269685?utm_medium=api&utm_source=fec81443","2026-05-19"
"Head of Electrical Safety (Authorised Person)","Anord Mardix  Ltd","Kendal, Cumbria","Adzuna (TotalJobs+)","Testing Lead","🏢 Office | 🚗 1h 53min | 🚌 ~2h 38min","https://www.adzuna.co.uk/jobs/land/ad/5734264894?se=GOxLhSlU8RGI_uQJR_0NbQ&utm_medium=api&utm_source=fec81443&v=D9FE1807FBCA82F629DAF8E50634E224C7D57620","2026-05-19"
"Senior Propulsion Test Engineer","Intertek","Milton Keynes, Buckinghamshire","Adzuna (TotalJobs+)","Testing Lead","🏢 Office | 🚗 2h 37min ❌ | 🚌 ~3h 40min","https://www.adzuna.co.uk/jobs/land/ad/5734264627?se=GOxLhSlU8RGI_uQJR_0NbQ&utm_medium=api&utm_source=fec81443&v=79BBC15BD4A7CF6DB4F81CDB6A59977E851F3B12","2026-05-19"
"Technical Lead - Footwear","Interaction - Kettering","Kettering, Northamptonshire","Adzuna (TotalJobs+)","Test Lead","🏢 Office | 🚗 2h 23min ❌ | 🚌 ~3h 20min","https://www.adzuna.co.uk/jobs/land/ad/5734937351?se=MCjPhSlU8RGI_uQJR_0NbQ&utm_medium=api&utm_source=fec81443&v=F4B6EB2245F159307C4DB6F5CF44671184E13A59","2026-05-20"
"HR Systems Support Analyst (D365)","Reed","Manchester, Greater Manchester","Adzuna (TotalJobs+)","Test Lead","🏢 Office | 🚗 1h 20min | 🚌 ~2h 24min","https://www.adzuna.co.uk/jobs/land/ad/5734857278?se=MCjPhSlU8RGI_uQJR_0NbQ&utm_medium=api&utm_source=fec81443&v=DA21E5064CA25C159939D755E1BA26915A4A4681","2026-05-20"
"Production Supervisor","Professional Technical Ltd","Kineton, Warwick","Adzuna (TotalJobs+)","Test Lead","🏢 Office | 🚗 2h 16min ❌ | 🚌 ~3h 10min","https://www.adzuna.co.uk/jobs/land/ad/5734558809?se=MCjPhSlU8RGI_uQJR_0NbQ&utm_medium=api&utm_source=fec81443&v=D0F856E3DD902548E664A117597154E231880617","2026-05-20"
"QA Lead","TXP Technology x People","West Midlands, UK","Adzuna (TotalJobs+)","Test Lead","🏢 Office | 🚗 1h 42min | 🚌 ~2h 23min","https://www.adzuna.co.uk/jobs/land/ad/5734558756?se=MCjPhSlU8RGI_uQJR_0NbQ&utm_medium=api&utm_source=fec81443&v=84C525204CA9A731FA58005E210199E4DA5BF0D6","2026-05-20"
"Full Stack Engineer (TDD / C# / JavaScript)","Adria Solutions","Manchester, Greater Manchester","Adzuna (TotalJobs+)","Test Lead","🏢 Office | 🚗 1h 20min | 🚌 ~2h 24min","https://www.adzuna.co.uk/jobs/land/ad/5734556226?se=MCjPhSlU8RGI_uQJR_0NbQ&utm_medium=api&utm_source=fec81443&v=CC8DBA080DE338EC1323848B90D041772E680C09","2026-05-20"
"Head of Electrical Safety (Authorised Person)","Anord Mardix  Ltd","Kendal, Cumbria","Adzuna (TotalJobs+)","Test Lead","🏢 Office | 🚗 1h 53min | 🚌 ~2h 38min","https://www.adzuna.co.uk/jobs/land/ad/5734264894?se=MCjPhSlU8RGI_uQJR_0NbQ&utm_medium=api&utm_source=fec81443&v=D9FE1807FBCA82F629DAF8E50634E224C7D57620","2026-05-19"
"Senior Propulsion Test Engineer","Intertek","Milton Keynes, Buckinghamshire","Adzuna (TotalJobs+)","Test Lead","🏢 Office | 🚗 2h 37min ❌ | 🚌 ~3h 40min","https://www.adzuna.co.uk/jobs/land/ad/5734264627?se=MCjPhSlU8RGI_uQJR_0NbQ&utm_medium=api&utm_source=fec81443&v=79BBC15BD4A7CF6DB4F81CDB6A59977E851F3B12","2026-05-19"
"C# Software Developer Energy Sector","Adria Solutions Ltd","Ardwick, Manchester","Adzuna (TotalJobs+)","QA Engineer","🏢 Office | 🚗 1h 16min | 🚌 ~2h 17min","https://www.adzuna.co.uk/jobs/details/5734757936?utm_medium=api&utm_source=fec81443","2026-05-20"
"Automation Test Engineer","Chroma Recruitment Ltd","Manchester, Greater Manchester","Adzuna (TotalJobs+)","QA Engineer","🏢 Office | 🚗 1h 20min | 🚌 ~2h 24min","https://www.adzuna.co.uk/jobs/details/5734674812?utm_medium=api&utm_source=fec81443","2026-05-20"
"Lead DevOps Engineer","Sparta Global Limited","Sheffield, South Yorkshire","Adzuna (TotalJobs+)","QA Engineer","🏢 Office | 🚗 2h 15min ❌ | 🚌 ~3h 9min","https://www.adzuna.co.uk/jobs/land/ad/5734614567?se=NPA5hilU8RGDvJDgb01O5Q&utm_medium=api&utm_source=fec81443&v=A46C64694EF5D57FFE1AF1B36179A9392B4D9CAE","2026-05-20"
"Full Stack Engineer (TDD / C# / JavaScript)","Adria Solutions","Manchester, Greater Manchester","Adzuna (TotalJobs+)","QA Engineer","🏢 Office | 🚗 1h 20min | 🚌 ~2h 24min","https://www.adzuna.co.uk/jobs/land/ad/5734556226?se=NPA5hilU8RGDvJDgb01O5Q&utm_medium=api&utm_source=fec81443&v=CC8DBA080DE338EC1323848B90D041772E680C09","2026-05-20"
"BIM Coordinator (Hydraulic)",". WSP","Leeds, West Yorkshire","Adzuna (TotalJobs+)","QA Engineer","🏢 Office | 🚗 1h 57min | 🚌 ~2h 44min","https://www.adzuna.co.uk/jobs/details/5734525041?utm_medium=api&utm_source=fec81443","2026-05-19"
"Quality Assurance Engineer - Web Applications","Army Cadet Charitable Trust UK","UK","Adzuna (TotalJobs+)","QA Engineer","🏢 Office | 📍 Brak lokalizacji","https://www.adzuna.co.uk/jobs/land/ad/5734512614?se=NPA5hilU8RGDvJDgb01O5Q&utm_medium=api&utm_source=fec81443&v=2D8CBBA6A73FD44C52B137FE5A2AB5FD7DC2FB66","2026-05-19"
"Project Supervisor (Electrical)","UK Power Networks","UK","Adzuna (TotalJobs+)","QA Engineer","🏢 Office | 📍 Brak lokalizacji","https://www.adzuna.co.uk/jobs/details/5734284428?utm_medium=api&utm_source=fec81443","2026-05-19"
"Quality Engineer","Bennett and Game Recruitment LTD","Long Lawford, Rugby","Adzuna (TotalJobs+)","QA Engineer","🏢 Office | 🚗 2h 8min ❌ | 🚌 ~2h 59min","https://www.adzuna.co.uk/jobs/land/ad/5734264670?se=NPA5hilU8RGDvJDgb01O5Q&utm_medium=api&utm_source=fec81443&v=09F71AC6AC9FE701985D7F68223D845B1A3306AB","2026-05-19"
"Quality Engineer","Bennett and Game Recruitment LTD","Hyde Park, Leeds","Adzuna (TotalJobs+)","QA Engineer","🏢 Office | 🚗 1h 52min | 🚌 ~2h 37min","https://www.adzuna.co.uk/jobs/land/ad/5734262745?se=NPA5hilU8RGDvJDgb01O5Q&utm_medium=api&utm_source=fec81443&v=402681D80FA9284A476F9E8D468E6775303C0BA9","2026-05-19"
"Test Analyst","Tank Recruitment","Middleton Stoney, Bicester","Adzuna (TotalJobs+)","QA Engineer","🏢 Office | 🚗 2h 32min ❌ | 🚌 ~3h 33min","https://www.adzuna.co.uk/jobs/land/ad/5734259492?se=NPA5hilU8RGDvJDgb01O5Q&utm_medium=api&utm_source=fec81443&v=C7418AD4EFFE24B7F42A85AE623A1D6F228AC24D","2026-05-19"
"Quality Engineer","Bennett & Game Recruitment","Leeds, West Yorkshire","Adzuna (TotalJobs+)","QA Engineer","🏢 Office | 🚗 1h 57min | 🚌 ~2h 44min","https://www.adzuna.co.uk/jobs/land/ad/5734202721?se=NPA5hilU8RGDvJDgb01O5Q&utm_medium=api&utm_source=fec81443&v=33A6DDB3EF110739F14E3B848A86293781E5A6E1","2026-05-19"
"Mechanical Design Engineer","Imperial Workforce","UK","Adzuna (TotalJobs+)","QA Engineer","🏢 Office | 📍 Brak lokalizacji","https://www.adzuna.co.uk/jobs/land/ad/5734202716?se=NPA5hilU8RGDvJDgb01O5Q&utm_medium=api&utm_source=fec81443&v=9ECEB2BED69456BF98FCCC3B4CC770A176ED179A","2026-05-19"
"Senior AI Engineer","Creatr","UK","Adzuna (TotalJobs+)","QA Engineer","🏢 Office | 📍 Brak lokalizacji","https://www.adzuna.co.uk/jobs/details/5734182271?utm_medium=api&utm_source=fec81443","2026-05-19"
"Quality Assurance Test Engineer","Apex Resources","Wytham, Oxford","Adzuna (TotalJobs+)","QA Engineer","🏢 Office | 🚗 2h 47min ❌ | 🚌 ~3h 53min","https://www.adzuna.co.uk/jobs/land/ad/5734132431?se=NPA5hilU8RGDvJDgb01O5Q&utm_medium=api&utm_source=fec81443&v=85ADBDBB9C983A5D211F2BE889D10FCCB04089A7","2026-05-19"
"Senior Site Engineer - Highways","Hays Specialist Recruitment","Ruddington, Nottingham","Adzuna (TotalJobs+)","QA Engineer","🏢 Office | 🚗 2h ❌ | 🚌 ~2h 48min","https://www.adzuna.co.uk/jobs/details/5734121431?utm_medium=api&utm_source=fec81443","2026-05-19"
"Project Quality Engineer- Well Systems","Baker Hughes","UK","Adzuna (TotalJobs+)","QA Engineer","🏢 Office | 📍 Brak lokalizacji","https://www.adzuna.co.uk/jobs/details/5734025624?utm_medium=api&utm_source=fec81443","2026-05-19"
"Full Stack Developer","Hays Specialist Recruitment Limited","Milton Keynes, Buckinghamshire","Adzuna (TotalJobs+)","QA Engineer","🏢 Office | 🚗 2h 37min ❌ | 🚌 ~3h 40min","https://www.adzuna.co.uk/jobs/land/ad/5733978889?se=NPA5hilU8RGDvJDgb01O5Q&utm_medium=api&utm_source=fec81443&v=AC789A310E0155F5A372F60D2DEBD2E16AED1161","2026-05-19"
"Senior Java Software Developer - Data Engineering","Square One Resources","UK","Adzuna (TotalJobs+)","QA Automation Engineer","🏢 Office | 📍 Brak lokalizacji","https://www.adzuna.co.uk/jobs/details/5733680558?utm_medium=api&utm_source=fec81443","2026-05-19"
"Automated Quality Assurance Engineer (Home-Based UK)","Health Partners","UK","Adzuna (TotalJobs+)","QA Automation Engineer","🔀 Hybrid | 📍 Brak lokalizacji","https://www.adzuna.co.uk/jobs/details/5733214950?utm_medium=api&utm_source=fec81443","2026-05-18"
"Quality Assurance Lead","Boost Talent ltd","Hartlebury, Kidderminster","Adzuna (TotalJobs+)","QA Automation Engineer","🏢 Office | 🚗 1h 52min | 🚌 ~2h 37min 💾","https://www.adzuna.co.uk/jobs/details/5731520848?utm_medium=api&utm_source=fec81443","2026-05-16"
"Lead QA Engineer (Bangor / All UK)","Trust Payments","Bangor, Gwynedd","Adzuna (TotalJobs+)","QA Automation Engineer","🏢 Office | 🚗 1h 19min | 🚌 ~2h 23min 💾","https://www.adzuna.co.uk/jobs/details/5727311899?utm_medium=api&utm_source=fec81443","2026-05-12"
"QA Automation Engineer - Homebased","Outsourced","UK","Adzuna (TotalJobs+)","QA Automation Engineer","🏢 Office | 📍 Brak lokalizacji","https://www.adzuna.co.uk/jobs/details/5726366388?utm_medium=api&utm_source=fec81443","2026-05-12"
"Associate Engineer, GxP IT Support","ModernaTX","UK","Adzuna (TotalJobs+)","QA Automation Engineer","🏢 Office | 📍 Brak lokalizacji","https://www.adzuna.co.uk/jobs/details/5722139591?utm_medium=api&utm_source=fec81443","2026-05-07"
"Senior QA Engineer","Lucanet Group","UK","Adzuna (TotalJobs+)","QA Automation Engineer","🏢 Office | 📍 Brak lokalizacji","https://www.adzuna.co.uk/jobs/details/5722130847?utm_medium=api&utm_source=fec81443","2026-05-07"
"Quality Assurance Automation Engineer","Lorien","Leeds, West Yorkshire","Adzuna (TotalJobs+)","QA Automation Engineer","🏢 Office | 🚗 1h 51min | 🚌 ~2h 35min 💾","https://www.adzuna.co.uk/jobs/details/5718406932?utm_medium=api&utm_source=fec81443","2026-05-04"
"Engineering Manager","Myn","Manchester, Greater Manchester","Adzuna (TotalJobs+)","QA Automation Engineer","🏢 Office | 🚗 1h 13min | 🚌 ~2h 12min 💾","https://www.adzuna.co.uk/jobs/details/5715945311?utm_medium=api&utm_source=fec81443","2026-05-01"
"QA Automation Engineer","Lorien","Leeds, West Yorkshire","Adzuna (TotalJobs+)","QA Automation Engineer","🏢 Office | 🚗 1h 57min | 🚌 ~2h 44min","https://www.adzuna.co.uk/jobs/land/ad/5715792897?se=LhJKhylU8RGDvJDgb01O5Q&utm_medium=api&utm_source=fec81443&v=6D365FF3E3B90EFE9963426BAB8421EB6D4411C8","2026-05-01"
"Sr. Quality Assurance Engineer w/Detox Testing Experience","Concentrix","UK","Adzuna (TotalJobs+)","QA Automation Engineer","🏢 Office | 📍 Brak lokalizacji","https://www.adzuna.co.uk/jobs/land/ad/5711116799?se=LhJKhylU8RGDvJDgb01O5Q&utm_medium=api&utm_source=fec81443&v=F71EA2295CEF4A0B99E730E3FFBB639AD9F83C61","2026-04-26"
"Quality Assurance Analyst","Coforge","Telford, Shropshire","Adzuna (TotalJobs+)","QA Automation Engineer","🏢 Office | 🚗 1h 5min | 🚌 ~1h 56min 💾","https://www.adzuna.co.uk/jobs/details/5709976913?utm_medium=api&utm_source=fec81443","2026-04-25"
"QA Engineer (Manual & Automation)","Pinewood.AI","Solihull, West Midlands","Adzuna (TotalJobs+)","QA Automation Engineer","🏢 Office | 🚗 1h 51min | 🚌 ~2h 36min 💾","https://www.adzuna.co.uk/jobs/details/5709442473?utm_medium=api&utm_source=fec81443","2026-04-24"
"DevOps Engineer","DXC Technology","UK","Adzuna (TotalJobs+)","QA Automation Engineer","🏢 Office | 📍 Brak lokalizacji","https://www.adzuna.co.uk/jobs/details/5707198284?utm_medium=api&utm_source=fec81443","2026-04-22"
"QA Engineer - Automation - Manchester","Forward Role","Manchester, Greater Manchester","Adzuna (TotalJobs+)","QA Automation Engineer","🏢 Office | 🚗 1h 27min | 🚌 ~2h 36min 💾","https://www.adzuna.co.uk/jobs/details/5701541532?utm_medium=api&utm_source=fec81443","2026-04-16"
"Senior QA Automation Engineer","StorMagic","Bristol, South West England","Adzuna (TotalJobs+)","QA Automation Engineer","🏢 Office | 🚗 1h 52min | 🚌 ~2h 37min 💾","https://www.adzuna.co.uk/jobs/details/5698054360?utm_medium=api&utm_source=fec81443","2026-04-13"
"Senior QA Engineer","Hulcan","Sheffield, South Yorkshire","Adzuna (TotalJobs+)","QA Automation Engineer","🏢 Office | 🚗 2h 15min ❌ | 🚌 ~3h 9min 💾","https://www.adzuna.co.uk/jobs/details/5663292744?utm_medium=api&utm_source=fec81443","2026-03-13"
"Senior QA Engineer","Hulcan","Manchester, Greater Manchester","Adzuna (TotalJobs+)","QA Automation Engineer","🏢 Office | 🚗 1h 21min | 🚌 ~2h 26min 💾","https://www.adzuna.co.uk/jobs/details/5663292745?utm_medium=api&utm_source=fec81443","2026-03-13"
"Senior QA Engineer","Vix Technology","Manchester, Greater Manchester","Adzuna (TotalJobs+)","QA Automation Engineer","🏢 Office | 🚗 1h 21min | 🚌 ~2h 26min 💾","https://www.adzuna.co.uk/jobs/details/5647323160?utm_medium=api&utm_source=fec81443","2026-02-27"
"Senior Java Developer","Applause IT Recruitment Ltd","Hulme, Manchester","Adzuna (TotalJobs+)","Test Automation Engineer","🏢 Office | 🚗 1h 13min | 🚌 ~2h 11min","https://www.adzuna.co.uk/jobs/details/5734758018?utm_medium=api&utm_source=fec81443","2026-05-20"
"Java Developer","TALENT INTERNATIONAL UK LTD","Leeds, West Yorkshire","Adzuna (TotalJobs+)","Test Automation Engineer","🏢 Office | 🚗 1h 57min | 🚌 ~2h 44min","https://www.adzuna.co.uk/jobs/land/ad/5734748015?se=fns6iClU8RGdQ72y0UTWww&utm_medium=api&utm_source=fec81443&v=46EEB9B3399478352860D52774A6C4E9043FA820","2026-05-20"
"Senior Software Engineer (Salesforce)","Paysafe Group","UK","Adzuna (TotalJobs+)","Test Automation Engineer","🏢 Office | 📍 Brak lokalizacji","https://www.adzuna.co.uk/jobs/details/5734534755?utm_medium=api&utm_source=fec81443","2026-05-19"
"Test Automation Engineer - Kingston, Surrey - Hybrid - £65,000","Ashdown Group","UK","Adzuna (TotalJobs+)","Test Automation Engineer","🔀 Hybrid | 📍 Brak lokalizacji","https://www.adzuna.co.uk/jobs/land/ad/5734107516?se=fns6iClU8RGdQ72y0UTWww&utm_medium=api&utm_source=fec81443&v=DD615F6122D67A26F638AB17CD0FDE20FF2F8F9F","2026-05-19"
"Test Engineer","Qualient Technology Solutions UK Limited","Hyde Park, Leeds","Adzuna (TotalJobs+)","Test Automation Engineer","🏢 Office | 🚗 1h 52min | 🚌 ~2h 37min","https://www.adzuna.co.uk/jobs/land/ad/5734105522?se=fns6iClU8RGdQ72y0UTWww&utm_medium=api&utm_source=fec81443&v=10D3E004F5866E1A3BE4C7E7CD2734ED0FF1F9DE","2026-05-19"
"Test Automation Engineer","Kerv","UK","Adzuna (TotalJobs+)","Test Automation Engineer","🏢 Office | 📍 Brak lokalizacji","https://www.adzuna.co.uk/jobs/details/5733982076?utm_medium=api&utm_source=fec81443","2026-05-19"
"Python Developer - AI/ML Integration","CGI","UK","Adzuna (TotalJobs+)","Test Automation Engineer","🏢 Office | 📍 Brak lokalizacji","https://www.adzuna.co.uk/jobs/details/5733978863?utm_medium=api&utm_source=fec81443","2026-05-19"
"Test Automation Engineer","HelloKindred","Milton Keynes, Buckinghamshire","Adzuna (TotalJobs+)","Test Automation Engineer","🏢 Office | 🚗 2h 38min ❌ | 🚌 ~3h 41min 💾","https://www.adzuna.co.uk/jobs/details/5733429854?utm_medium=api&utm_source=fec81443","2026-05-18"
"Automation Test Engineer","SF Partners","Balsall Heath, Birmingham","Adzuna (TotalJobs+)","Test Automation Engineer","🏢 Office | 🚗 1h 49min | 🚌 ~2h 33min","https://www.adzuna.co.uk/jobs/land/ad/5733240654?se=fns6iClU8RGdQ72y0UTWww&utm_medium=api&utm_source=fec81443&v=2EF5931F680E7DF2BE5A46A23DBC3D266EA290C0","2026-05-18"
"Test Automation Engineer","Kerv Digital","UK","Adzuna (TotalJobs+)","Test Automation Engineer","🏢 Office | 📍 Brak lokalizacji","https://www.adzuna.co.uk/jobs/land/ad/5732999511?se=fns6iClU8RGdQ72y0UTWww&utm_medium=api&utm_source=fec81443&v=40C3A05C94CBB9E692C0F10D59221F3DDE1DE615","2026-05-18"
"Senior Test Engineer with Cypress","LSA Recruit","Leeds, West Yorkshire","Adzuna (TotalJobs+)","Test Automation Engineer","🏢 Office | 🚗 1h 57min | 🚌 ~2h 44min","https://www.adzuna.co.uk/jobs/details/5731803824?utm_medium=api&utm_source=fec81443","2026-05-16"
"Full Stack Engineer (Laravel/Vue.js)","CoComply","Alderley Edge, Cheshire","Adzuna (TotalJobs+)","Test Automation Engineer","🏢 Office | 🚗 1h 9min | 🚌 ~2h 5min 💾","https://www.adzuna.co.uk/jobs/details/5731520450?utm_medium=api&utm_source=fec81443","2026-05-16"
"Automation Test Lead","LegalAndGeneral","UK","Adzuna (TotalJobs+)","Test Automation Engineer","🏢 Office | 📍 Brak lokalizacji","https://www.adzuna.co.uk/jobs/details/5731001970?utm_medium=api&utm_source=fec81443","2026-05-16"
"Senior Java Developer","Applause IT Recruitment Ltd","Rusholme, Manchester","Adzuna (TotalJobs+)","Test Automation Engineer","🏢 Office | 🚗 1h 11min | 🚌 ~2h 7min","https://www.adzuna.co.uk/jobs/land/ad/5730439951?se=fns6iClU8RGdQ72y0UTWww&utm_medium=api&utm_source=fec81443&v=2376FCFB703C7CA75DE783C2ABB2BBE61054AAD7","2026-05-15"
"Automation Test Engineer","Forward Role","Cheltenham, Gloucestershire","Adzuna (TotalJobs+)","Test Automation Engineer","🏢 Office | 🚗 2h 26min ❌ | 🚌 ~3h 24min 💾","https://www.adzuna.co.uk/jobs/details/5729418211?utm_medium=api&utm_source=fec81443","2026-05-14"
"Junior Software Devloper","Spirax-Sarco","UK","Adzuna (TotalJobs+)","Test Automation Engineer","🏢 Office | 📍 Brak lokalizacji","https://www.adzuna.co.uk/jobs/details/5729121236?utm_medium=api&utm_source=fec81443","2026-05-14"
"Automation Test Engineer","Newcastle Building Society","UK","Adzuna (TotalJobs+)","Test Automation Engineer","🏢 Office | 📍 Brak lokalizacji","https://www.adzuna.co.uk/jobs/details/5729119931?utm_medium=api&utm_source=fec81443","2026-05-14"
"Principal SDET/SEIT","The Portfolio Group","Manchester Science Park, Manchester","Adzuna (TotalJobs+)","SDET","🏢 Office | 🚗 1h 12min | 🚌 ~2h 10min","https://www.adzuna.co.uk/jobs/details/5734757046?utm_medium=api&utm_source=fec81443","2026-05-20"
"Software Test Engineer","BELCAN","Manchester, Greater Manchester","Adzuna (TotalJobs+)","SDET","🏢 Office | 🚗 1h 20min | 🚌 ~2h 24min","https://www.adzuna.co.uk/jobs/land/ad/5726136158?se=8myiiClU8RGI_uQJR_0NbQ&utm_medium=api&utm_source=fec81443&v=19F3AA5483C2BA2D9406EBF1F815674FB66C124C","2026-05-11"
"Senior Automation Test Engineer",". CACI Limited","UK","Adzuna (TotalJobs+)","SDET","🏢 Office | 📍 Brak lokalizacji","https://www.adzuna.co.uk/jobs/details/5726028731?utm_medium=api&utm_source=fec81443","2026-05-11"
"Lead Test Engineer/Principal SDET - Central Government","Spinwell Global","Leeds, West Yorkshire","Adzuna (TotalJobs+)","SDET","🏢 Office | 🚗 2h 4min ❌ | 🚌 ~2h 53min 💾","https://www.adzuna.co.uk/jobs/details/5724590435?utm_medium=api&utm_source=fec81443","2026-05-09"
"Lead Test Engineer","InvitISE Ltd","Hyde Park, Leeds","Adzuna (TotalJobs+)","SDET","🏢 Office | 🚗 1h 54min | 🚌 ~2h 39min 💾","https://www.adzuna.co.uk/jobs/details/5722158869?utm_medium=api&utm_source=fec81443","2026-05-07"
"Senior Automation Test Engineer","CACI","Cheltenham, Gloucestershire","Adzuna (TotalJobs+)","SDET","🏢 Office | 🚗 2h 26min ❌ | 🚌 ~3h 25min","https://www.adzuna.co.uk/jobs/details/5722148531?utm_medium=api&utm_source=fec81443","2026-05-07"
"Senior SDET","Experian","Nottingham, Nottinghamshire","Adzuna (TotalJobs+)","SDET","🏢 Office | 🚗 2h 8min ❌ | 🚌 ~2h 59min 💾","https://www.adzuna.co.uk/jobs/details/5721953937?utm_medium=api&utm_source=fec81443","2026-05-07"
"Software Development Engineer In Test","Protect Line LTD","UK","Adzuna (TotalJobs+)","SDET","🏢 Office | 📍 Brak lokalizacji","https://www.adzuna.co.uk/jobs/details/5721848948?utm_medium=api&utm_source=fec81443","2026-05-07"
"Senior Automation Tester (Python) – Agentic AI & LLM Systems (Hybrid)","Resillion","Birmingham, West Midlands","Adzuna (TotalJobs+)","SDET","🔀 Hybrid | 🚗 1h 42min | 🚌 ~2h 23min 💾","https://www.adzuna.co.uk/jobs/details/5720030104?utm_medium=api&utm_source=fec81443","2026-05-06"
"Senior Automation Tester (Python) – Agentic AI & LLM Systems (Hybrid)","Resillion","Leeds, West Yorkshire","Adzuna (TotalJobs+)","SDET","🔀 Hybrid | 🚗 1h 57min | 🚌 ~2h 43min 💾","https://www.adzuna.co.uk/jobs/details/5720030126?utm_medium=api&utm_source=fec81443","2026-05-06"
"Senior Automation Tester (Python) – Agentic AI & LLM Systems (Hybrid)","Resillion","Manchester, Greater Manchester","Adzuna (TotalJobs+)","SDET","🔀 Hybrid | 🚗 1h 21min | 🚌 ~2h 26min 💾","https://www.adzuna.co.uk/jobs/details/5720030069?utm_medium=api&utm_source=fec81443","2026-05-06"
"Lead SDET","Experian","Nottingham, Nottinghamshire","Adzuna (TotalJobs+)","SDET","🏢 Office | 🚗 2h 10min ❌ | 🚌 ~3h 1min 💾","https://www.adzuna.co.uk/jobs/details/5720029881?utm_medium=api&utm_source=fec81443","2026-05-06"
"Senior Software Development Engineer in Test (SDET)","Br-dge","UK","Adzuna (TotalJobs+)","SDET","🏢 Office | 📍 Brak lokalizacji","https://www.adzuna.co.uk/jobs/details/5718193015?utm_medium=api&utm_source=fec81443","2026-05-03"
"QA Automation Engineer","Lorien","Leeds, West Yorkshire","Adzuna (TotalJobs+)","SDET","🏢 Office | 🚗 1h 57min | 🚌 ~2h 44min","https://www.adzuna.co.uk/jobs/land/ad/5715792897?se=8myiiClU8RGI_uQJR_0NbQ&utm_medium=api&utm_source=fec81443&v=6D365FF3E3B90EFE9963426BAB8421EB6D4411C8","2026-05-01"
"Principal SDET/SEIT","The Portfolio Group","Rusholme, Manchester","Adzuna (TotalJobs+)","SDET","🏢 Office | 🚗 1h 11min | 🚌 ~2h 7min","https://www.adzuna.co.uk/jobs/land/ad/5713824788?se=8myiiClU8RGI_uQJR_0NbQ&utm_medium=api&utm_source=fec81443&v=4E26FD99C4C620BDE6686B2F432FC97060C905F7","2026-04-29"
"Principal SDET/SEIT","The Portfolio Group","Manchester, Greater Manchester","Adzuna (TotalJobs+)","SDET","🏢 Office | 🚗 1h 20min | 🚌 ~2h 24min","https://www.adzuna.co.uk/jobs/land/ad/5713819589?se=8myiiClU8RGI_uQJR_0NbQ&utm_medium=api&utm_source=fec81443&v=9BF55E066D229A525AFA1A6702667A0ABE156B07","2026-04-29"
"Software Engineer — AI Benchmark & Test Developer (Remote, EST)","","UK","Adzuna (TotalJobs+)","Software Engineer in Test","🏢 Office | 📍 Brak lokalizacji","https://www.adzuna.co.uk/jobs/details/5734767203?utm_medium=api&utm_source=fec81443","2026-05-20"
"Senior Software Engineer - Kafka/Spark","Adecco","Darley Abbey, Derby","Adzuna (TotalJobs+)","Software Engineer in Test","🏢 Office | 🚗 1h 46min | 🚌 ~2h 28min","https://www.adzuna.co.uk/jobs/details/5734758227?utm_medium=api&utm_source=fec81443","2026-05-20"
"Senior Software Engineer","Tatton Recruitment","Brooklands, Sale","Adzuna (TotalJobs+)","Software Engineer in Test","🏢 Office | 🚗 1h 3min | 🚌 ~1h 53min","https://www.adzuna.co.uk/jobs/details/5734757380?utm_medium=api&utm_source=fec81443","2026-05-20"
"Software Developer Apprentice","MASS","South Hinksey, Oxford","Adzuna (TotalJobs+)","Software Engineer in Test","🏢 Office | 🚗 2h 45min ❌ | 🚌 ~3h 51min","https://www.adzuna.co.uk/jobs/details/5734756820?utm_medium=api&utm_source=fec81443","2026-05-20"
"Full Stack Engineer (TDD / C# / JavaScript)","Adria Solutions","Manchester, Greater Manchester","Adzuna (TotalJobs+)","Software Engineer in Test","🏢 Office | 🚗 1h 20min | 🚌 ~2h 24min","https://www.adzuna.co.uk/jobs/land/ad/5734556226?se=yjAziSlU8RGdQ72y0UTWww&utm_medium=api&utm_source=fec81443&v=CC8DBA080DE338EC1323848B90D041772E680C09","2026-05-20"
"Technical Specialist","Telent Technology Services Ltd","Warwick, Warwickshire","Adzuna (TotalJobs+)","Software Engineer in Test","🏢 Office | 🚗 2h 8min ❌ | 🚌 ~2h 59min","https://www.adzuna.co.uk/jobs/land/ad/5734474748?se=yjAziSlU8RGdQ72y0UTWww&utm_medium=api&utm_source=fec81443&v=F4C2B111EFA5C897D639242F61182705C067FEB6","2026-05-19"
"Senior Developer Dynamics","Ad Warrior Ltd","Birmingham, West Midlands","Adzuna (TotalJobs+)","Software Engineer in Test","🏢 Office | 🚗 1h 42min | 🚌 ~2h 23min","https://www.adzuna.co.uk/jobs/details/5734257556?utm_medium=api&utm_source=fec81443","2026-05-19"
"Senior Developer Dynamics","Ad Warrior Ltd","Oldham, Greater Manchester","Adzuna (TotalJobs+)","Software Engineer in Test","🏢 Office | 🚗 1h 23min | 🚌 ~1h 56min","https://www.adzuna.co.uk/jobs/details/5734257553?utm_medium=api&utm_source=fec81443","2026-05-19"
"Senior Developer Dynamics","DVSA","Birmingham, West Midlands","Adzuna (TotalJobs+)","Software Engineer in Test","🏢 Office | 🚗 1h 42min | 🚌 ~2h 23min","https://www.adzuna.co.uk/jobs/land/ad/5734216714?se=yjAziSlU8RGdQ72y0UTWww&utm_medium=api&utm_source=fec81443&v=D69C65A0F2D727C19D3F3AA99B43337E878D9A13","2026-05-19"
"Senior Developer Dynamics","DVSA","Oldham, Greater Manchester","Adzuna (TotalJobs+)","Software Engineer in Test","🏢 Office | 🚗 1h 23min | 🚌 ~1h 56min","https://www.adzuna.co.uk/jobs/land/ad/5734214495?se=yjAziSlU8RGdQ72y0UTWww&utm_medium=api&utm_source=fec81443&v=5295C81EE88C5D9DCBE2870517D6124144F63C90","2026-05-19"
"Junior C# Desktop Application Developer - Graduates Considered","RedTech Recruitment Ltd","Leicester, Leicestershire","Adzuna (TotalJobs+)","Software Engineer in Test","🏢 Office | 🚗 2h 17min ❌ | 🚌 ~3h 12min","https://www.adzuna.co.uk/jobs/details/5734199116?utm_medium=api&utm_source=fec81443","2026-05-19"
"Technical Specialist","Telent Technology Services Limited","Guys Cliffe, Warwick","Adzuna (TotalJobs+)","Software Engineer in Test","🏢 Office | 🚗 2h 7min ❌ | 🚌 ~2h 58min","https://www.adzuna.co.uk/jobs/land/ad/5734135379?se=yjAziSlU8RGdQ72y0UTWww&utm_medium=api&utm_source=fec81443&v=E1849384E0ADCD65D3340D05B647B9F10E4DDA44","2026-05-19"
"Senior Developer Dynamics","DVSA.GOV","Balsall Heath, Birmingham","Adzuna (TotalJobs+)","Software Engineer in Test","🏢 Office | 🚗 1h 49min | 🚌 ~2h 33min","https://www.adzuna.co.uk/jobs/land/ad/5734131242?se=yjAziSlU8RGdQ72y0UTWww&utm_medium=api&utm_source=fec81443&v=9C86A42B281891E6F492CA1BF938C17221CEF193","2026-05-19"
"Senior Developer Dynamics","DVSA.GOV","Healey, Rochdale","Adzuna (TotalJobs+)","Software Engineer in Test","🏢 Office | 🚗 1h 29min | 🚌 ~2h 4min","https://www.adzuna.co.uk/jobs/land/ad/5734131148?se=yjAziSlU8RGdQ72y0UTWww&utm_medium=api&utm_source=fec81443&v=6F95E5012ED12DB74D73032946CD40B11413AA0A","2026-05-19"
"Senior Software Engineer - Kafka/Spark","Adecco","Chester, Cheshire","Adzuna (TotalJobs+)","Software Engineer in Test","🏢 Office | 🚗 30min | 🚌 ~54min","https://www.adzuna.co.uk/jobs/land/ad/5734107197?se=yjAziSlU8RGdQ72y0UTWww&utm_medium=api&utm_source=fec81443&v=BF20C048F526B3BDBF9B867B2272A15147BAF927","2026-05-19"
"Senior Software Engineer - Kafka/Spark","Adecco","Higher Ferry, Chester","Adzuna (TotalJobs+)","Software Engineer in Test","🏢 Office | 🚗 35min | 🚌 ~1h 3min","https://www.adzuna.co.uk/jobs/land/ad/5733975794?se=yjAziSlU8RGdQ72y0UTWww&utm_medium=api&utm_source=fec81443&v=B1EA504AB6F9EA10D62EDD822EF92C30515EA4A5","2026-05-19"
"Talent Acquisition Partner (18 Month FTC)","RTX Corporation","Gloucester, Gloucestershire","Adzuna (TotalJobs+)","Software Engineer in Test","🏢 Office | 🚗 2h 25min ❌ | 🚌 ~3h 23min 💾","https://www.adzuna.co.uk/jobs/details/5733550089?utm_medium=api&utm_source=fec81443","2026-05-19"
"Junior C# Desktop Application Developer - Graduates Considered","RedTech Recruitment Ltd.","Humberstone, Leicester","Adzuna (TotalJobs+)","Software Engineer in Test","🏢 Office | 🚗 2h 21min ❌ | 🚌 ~3h 17min 💾","https://www.adzuna.co.uk/jobs/details/5733293715?utm_medium=api&utm_source=fec81443","2026-05-18"
"Senior DevOps Engineer","Leidos","UK","Adzuna (TotalJobs+)","Software Engineer in Test","🏢 Office | 📍 Brak lokalizacji","https://www.adzuna.co.uk/jobs/land/ad/5733140637?se=yjAziSlU8RGdQ72y0UTWww&utm_medium=api&utm_source=fec81443&v=CEC62CDA190247507C12BF385E8C2D6070DAAD4C","2026-05-18"
"Senior DevOps Engineer","Leidos","Bristol, South West England","Adzuna (TotalJobs+)","Software Engineer in Test","🏢 Office | 🚗 1h 51min | 🚌 ~2h 35min","https://www.adzuna.co.uk/jobs/land/ad/5733140586?se=yjAziSlU8RGdQ72y0UTWww&utm_medium=api&utm_source=fec81443&v=D1367F1B9320236D0CFBA2E89A76954599030800","2026-05-18"
"Lead Site Reliability Developer - CSRE Consulting","Ticketmaster UK Limited","UK","Adzuna (TotalJobs+)","Software Engineer in Test","🏢 Office | 📍 Brak lokalizacji","https://www.adzuna.co.uk/jobs/land/ad/5733059124?se=yjAziSlU8RGdQ72y0UTWww&utm_medium=api&utm_source=fec81443&v=D0C11AB81ADC50EF4930E76D50E216E71587ED8B","2026-05-18"
"Systems and Test Engineer","NMC Recruitment Ltd","Ellesmere Port, Cheshire","Adzuna (TotalJobs+)","Test Engineer","🏢 Office | 🚗 29min | 🚌 ~53min","https://www.adzuna.co.uk/jobs/land/ad/5734940048?se=slK1iSlU8RGdQ72y0UTWww&utm_medium=api&utm_source=fec81443&v=7E6B4D24C9E2C6FE22B348F68739656914B08353","2026-05-20"
"Systems Test & Verification Engineer","ZENOVO LTD","Manchester Science Park, Manchester","Adzuna (TotalJobs+)","Test Engineer","🏢 Office | 🚗 1h 12min | 🚌 ~2h 10min","https://www.adzuna.co.uk/jobs/details/5734758113?utm_medium=api&utm_source=fec81443","2026-05-20"
"Lead Android Developer","Adecco","Hulme, Manchester","Adzuna (TotalJobs+)","Test Engineer","🏢 Office | 🚗 1h 13min | 🚌 ~2h 11min","https://www.adzuna.co.uk/jobs/details/5734757651?utm_medium=api&utm_source=fec81443","2026-05-20"
"Senior System Modelling Engineer","MASS Consultants","UK","Adzuna (TotalJobs+)","Test Engineer","🏢 Office | 📍 Brak lokalizacji","https://www.adzuna.co.uk/jobs/details/5734757179?utm_medium=api&utm_source=fec81443","2026-05-20"
"Systems Engineer - Linux","Redline Group Ltd","Paddington, Warrington","Adzuna (TotalJobs+)","Test Engineer","🏢 Office | 🚗 51min | 🚌 ~1h 31min","https://www.adzuna.co.uk/jobs/details/5734756229?utm_medium=api&utm_source=fec81443","2026-05-20"
"Cleared Cyber Integration Engineer","NSD","Walham, Gloucester","Adzuna (TotalJobs+)","Test Engineer","🏢 Office | 🚗 2h 23min ❌ | 🚌 ~3h 20min","https://www.adzuna.co.uk/jobs/details/5734756094?utm_medium=api&utm_source=fec81443","2026-05-20"
"Structural Investigation Project Manager / Project Engineer","AWD Online","Leigh, Greater Manchester","Adzuna (TotalJobs+)","Test Engineer","🏢 Office | 🚗 1h 10min | 🚌 ~2h 6min","https://www.adzuna.co.uk/jobs/land/ad/5734748091?se=slK1iSlU8RGdQ72y0UTWww&utm_medium=api&utm_source=fec81443&v=B073445A9B5C2E36F1B2B45B8569D1E1A777836A","2026-05-20"
"Manufacturing and Electronics Test Engineer","Guidant Global","Bolton, Greater Manchester","Adzuna (TotalJobs+)","Test Engineer","🏢 Office | 🚗 1h 10min | 🚌 ~2h 5min","https://www.adzuna.co.uk/jobs/land/ad/5734748085?se=slK1iSlU8RGdQ72y0UTWww&utm_medium=api&utm_source=fec81443&v=C856C372C4664A4A9B409BF6E71944F4867655A8","2026-05-20"
"Java Developer","TALENT INTERNATIONAL UK LTD","Leeds, West Yorkshire","Adzuna (TotalJobs+)","Test Engineer","🏢 Office | 🚗 1h 57min | 🚌 ~2h 44min","https://www.adzuna.co.uk/jobs/land/ad/5734748015?se=slK1iSlU8RGdQ72y0UTWww&utm_medium=api&utm_source=fec81443&v=46EEB9B3399478352860D52774A6C4E9043FA820","2026-05-20"
"Mechanical Design Engineer","ATA Recruitment","Nottingham, Nottinghamshire","Adzuna (TotalJobs+)","Test Engineer","🏢 Office | 🚗 2h 9min ❌ | 🚌 ~3h 1min","https://www.adzuna.co.uk/jobs/details/5734673389?utm_medium=api&utm_source=fec81443","2026-05-20"
"QA Lead","Rebel Recruitment Limited","Manchester, Greater Manchester","Adzuna (TotalJobs+)","QA Lead","🏢 Office | 🚗 1h 20min | 🚌 ~2h 24min","https://www.adzuna.co.uk/jobs/details/5734757802?utm_medium=api&utm_source=fec81443","2026-05-20"
"QA Lead","TXP Technology x People","West Midlands, UK","Adzuna (TotalJobs+)","QA Lead","🏢 Office | 🚗 1h 42min | 🚌 ~2h 23min","https://www.adzuna.co.uk/jobs/land/ad/5734558756?se=to0biilU8RG8Dpg80W0a8g&utm_medium=api&utm_source=fec81443&v=84C525204CA9A731FA58005E210199E4DA5BF0D6","2026-05-20"
"QA Lead","TXP","West Midlands, UK","Adzuna (TotalJobs+)","QA Lead","🏢 Office | 🚗 1h 42min | 🚌 ~2h 23min","https://www.adzuna.co.uk/jobs/land/ad/5734259637?se=to0biilU8RG8Dpg80W0a8g&utm_medium=api&utm_source=fec81443&v=323124C867C39AF001ACE1C91ABA63C5ABC8F0D5","2026-05-19"
"Fabricator Welder","Advanced Resourcing Ltd","Aggborough, Kidderminster","Adzuna (TotalJobs+)","QA Lead","🏢 Office | 🚗 1h 46min | 🚌 ~2h 29min","https://www.adzuna.co.uk/jobs/details/5733984915?utm_medium=api&utm_source=fec81443","2026-05-19"
"Global QA Senior Manager, Medical Devices & Drug/Device Combined Products","Ferring","UK","Adzuna (TotalJobs+)","QA Lead","🏢 Office | 📍 Brak lokalizacji","https://www.adzuna.co.uk/jobs/details/5733979542?utm_medium=api&utm_source=fec81443","2026-05-19"
"Compliance & Assurance Manager","Sellick Partnership Limited- In-House","Hyde Park, Leeds","Adzuna (TotalJobs+)","QA Lead","🏢 Office | 🚗 1h 52min | 🚌 ~2h 37min","https://www.adzuna.co.uk/jobs/land/ad/5733878487?se=to0biilU8RG8Dpg80W0a8g&utm_medium=api&utm_source=fec81443&v=F0E77972DDE468D08C99074C95CBE8A1C1C4CCB1","2026-05-19"
"Test Lead","SF Partners","Birmingham, West Midlands","Adzuna (TotalJobs+)","QA Lead","🏢 Office | 🚗 1h 42min | 🚌 ~2h 23min","https://www.adzuna.co.uk/jobs/land/ad/5733326144?se=to0biilU8RG8Dpg80W0a8g&utm_medium=api&utm_source=fec81443&v=9AA4EBBBE5D1F500C4DFF3A68E3607BE363873A0","2026-05-18"
"Automation Test Lead","DCV Technologies","Stanley, Liverpool","Adzuna (TotalJobs+)","QA Lead","🏢 Office | 🚗 1h | 🚌 ~1h 48min","https://www.adzuna.co.uk/jobs/land/ad/5733286311?se=to0biilU8RG8Dpg80W0a8g&utm_medium=api&utm_source=fec81443&v=3A61F9587B95A7CF86A11C5CFEF43F35886F261A","2026-05-18"
"Test Lead","SF Partners","Balsall Heath, Birmingham","Adzuna (TotalJobs+)","QA Lead","🏢 Office | 🚗 1h 49min | 🚌 ~2h 33min","https://www.adzuna.co.uk/jobs/land/ad/5733240899?se=to0biilU8RG8Dpg80W0a8g&utm_medium=api&utm_source=fec81443&v=9D7C0E2A52E3C0B5D12A6F750977504B962FBA87","2026-05-18"
"Automation Test Engineer","SF Partners","Balsall Heath, Birmingham","Adzuna (TotalJobs+)","QA Lead","🏢 Office | 🚗 1h 49min | 🚌 ~2h 33min","https://www.adzuna.co.uk/jobs/land/ad/5733240654?se=to0biilU8RG8Dpg80W0a8g&utm_medium=api&utm_source=fec81443&v=2EF5931F680E7DF2BE5A46A23DBC3D266EA290C0","2026-05-18"
"Q&A Test Engineer","DCS Recruitment","Oxfordshire, South East England","Adzuna (TotalJobs+)","QA Lead","🏢 Office | 🚗 2h 48min ❌ | 🚌 ~3h 55min","https://www.adzuna.co.uk/jobs/land/ad/5733240638?se=to0biilU8RG8Dpg80W0a8g&utm_medium=api&utm_source=fec81443&v=0775CD16570EA05F6D60BD892C2BBDE260C4468F","2026-05-18"
"DevOps Release Manager","Centrica","UK","Adzuna (TotalJobs+)","QA Lead","🏢 Office | 📍 Brak lokalizacji","https://www.adzuna.co.uk/jobs/details/5732354596?utm_medium=api&utm_source=fec81443","2026-05-17"
"Junior Systems Quality Analyst","Ppl Prs","Belgrave, Leicester","Adzuna (TotalJobs+)","QA Lead","🏢 Office | 🚗 2h 13min ❌ | 🚌 ~3h 6min","https://www.adzuna.co.uk/jobs/details/5732352833?utm_medium=api&utm_source=fec81443","2026-05-17"
"Quality Assurance Lead","Areti Group | B Corp™","UK","Adzuna (TotalJobs+)","QA Lead","🏢 Office | 📍 Brak lokalizacji","https://www.adzuna.co.uk/jobs/details/5731521175?utm_medium=api&utm_source=fec81443","2026-05-16"
"Food Safety and Quality Management Systems Lead","Magnum ICC UK Supply","UK","Adzuna (TotalJobs+)","QA Lead","🏢 Office | 📍 Brak lokalizacji","https://www.adzuna.co.uk/jobs/details/5731346655?utm_medium=api&utm_source=fec81443","2026-05-16"
"Nuclear Quality Manager",". AECOM Limited","Warrington, Cheshire","Adzuna (TotalJobs+)","QA Lead","🏢 Office | 🚗 50min | 🚌 ~1h 30min","https://www.adzuna.co.uk/jobs/details/5730814627?utm_medium=api&utm_source=fec81443","2026-05-15"
"Nuclear Quality Manager",". AECOM Limited","Moor Row, Wigton","Adzuna (TotalJobs+)","QA Lead","🏢 Office | 🚗 2h 48min ❌ | 🚌 ~3h 56min","https://www.adzuna.co.uk/jobs/details/5730814242?utm_medium=api&utm_source=fec81443","2026-05-15"
"Junior Systems Quality Analyst","PPL PRS","Leicester, Leicestershire","Adzuna (TotalJobs+)","QA Lead","🏢 Office | 🚗 2h 17min ❌ | 🚌 ~3h 12min","https://www.adzuna.co.uk/jobs/details/5730567143?utm_medium=api&utm_source=fec81443","2026-05-15"
"QA Service Lead","Avantor","Lyme Green, Macclesfield","Adzuna (TotalJobs+)","QA Lead","🏢 Office | 🚗 1h 23min | 🚌 ~2h 30min","https://www.adzuna.co.uk/jobs/land/ad/5730458554?se=to0biilU8RG8Dpg80W0a8g&utm_medium=api&utm_source=fec81443&v=FF15033682EF613AADAFE88A6D3EC00A7218044E","2026-05-15"
"Quality Manager","Nestle","Buxton, Derbyshire","Adzuna (TotalJobs+)","QA Lead","🏢 Office | 🚗 1h 37min | 🚌 ~2h 55min","https://www.adzuna.co.uk/jobs/details/5729846293?utm_medium=api&utm_source=fec81443","2026-05-15"
"Nuclear Quality Manager","AECOM","Warrington, Cheshire","Adzuna (TotalJobs+)","QA Lead","🏢 Office | 🚗 50min | 🚌 ~1h 30min","https://www.adzuna.co.uk/jobs/details/5729842454?utm_medium=api&utm_source=fec81443","2026-05-15"
"Senior SDET","","Nottingham, England","Glassdoor","SDET","🏢 Office | 🚗 2h 9min ❌ | 🚌 ~3h 1min","https://www.glassdoor.co.uk/job-listing/senior-sdet-experian-JV_IC3527944_KO0,11_KE12,20.htm?jl=1010125853715",""
"SENIOR SOFTWARE DEV ENGINEER (SDET with DotNet)","","Manchester, England","Glassdoor","SDET","🏢 Office | 🚗 1h 20min | 🚌 ~2h 24min","https://www.glassdoor.co.uk/job-listing/senior-software-dev-engineer-sdet-with-dotnet-i5-solutions-JV_IC2691218_KO0,45_KE46,58.htm?jl=1005780765009",""
"Lead SDET","","Nottingham, England","Glassdoor","SDET","🏢 Office | 🚗 2h 9min ❌ | 🚌 ~3h 1min","https://www.glassdoor.co.uk/job-listing/lead-sdet-experian-JV_IC3527944_KO0,9_KE10,18.htm?jl=1010123786150",""
"Senior SDET / Quality Engineering Specialist","","Nottingham, England","Glassdoor","SDET","🏢 Office | 🚗 2h 9min ❌ | 🚌 ~3h 1min","https://www.glassdoor.co.uk/job-listing/senior-sdet-quality-engineering-specialist-lseg-london-stock-exchange-group-JV_IC3527944_KO0,42_KE43,75.htm?jl=1009999370382",""
"Software Development Engineer in Test (SDET)","","Nottingham, England","Glassdoor","SDET","🏢 Office | 🚗 2h 9min ❌ | 🚌 ~3h 1min","https://www.glassdoor.co.uk/job-listing/software-development-engineer-in-test-sdet-commify-JV_IC3527944_KO0,42_KE43,50.htm?jl=1010084053321",""