Title,Company,Location,Board,Search Term,Commute,URL,Posted
"Software Development Engineer in Test","","Remote","Glassdoor","Software QA Automation Engineer","🌐 Remote","https://www.glassdoor.co.uk/job-listing/software-development-engineer-in-test-accesspay-au-JV_KO0,37_KE38,50.htm?jl=1010155342860",""
"QA Engineer - Core Database (remote)","","Remote","Glassdoor","Software QA Automation Engineer","🌐 Remote","https://www.glassdoor.co.uk/job-listing/qa-engineer-core-database-remote-clickhouse-JV_KO0,32_KE33,43.htm?jl=1009950493128",""
"Staff Software Engineer – Core Developer Experience (DevEx)","","Remote","Glassdoor","Software QA Automation Engineer","🌐 Remote","https://www.glassdoor.co.uk/job-listing/staff-software-engineer-core-developer-experience-devex-alphasense-JV_KO0,55_KE56,66.htm?jl=1010109354581",""
"QA Engineer (Remote)","","Remote","Glassdoor","Software QA Automation Engineer","🌐 Remote","https://www.glassdoor.co.uk/job-listing/qa-engineer-remote-remotestar-JV_KO0,18_KE19,29.htm?jl=1009426005158",""
"QA Engineer for Mobile (Remote)","","Remote","Glassdoor","Software QA Automation Engineer","🌐 Remote","https://www.glassdoor.co.uk/job-listing/qa-engineer-for-mobile-remote-veeva-systems-JV_KO0,29_KE30,43.htm?jl=1010083040565",""
"Software QA Engineer","","","Reed","Software QA Engineer","🏢 Office | 📍 Brak lokalizacji","https://www.reed.co.uk/jobs/software-qa-engineer/56947844?source=searchResults&filter=%2Fjobs%2Fsoftware-qa-engineer-jobs-in-united-kingdom",""
"QA Engineer - Manual testing web applications","","","Reed","Software QA Engineer","🏢 Office | 📍 Brak lokalizacji","https://www.reed.co.uk/jobs/qa-engineer-manual-testing-web-applications/56933699?source=searchResults&filter=%2Fjobs%2Fsoftware-qa-engineer-jobs-in-united-kingdom",""
"Software Tester","","","Reed","Software QA Engineer","🏢 Office | 📍 Brak lokalizacji","https://www.reed.co.uk/jobs/software-tester/56947977?source=searchResults&filter=%2Fjobs%2Fsoftware-qa-engineer-jobs-in-united-kingdom",""
"Software Engineer / Senior QA & Test - DO-178C","","","Reed","Software QA Engineer","🏢 Office | 📍 Brak lokalizacji","https://www.reed.co.uk/jobs/software-engineer-senior-qa-test-do-178c/56945855?source=searchResults&filter=%2Fjobs%2Fsoftware-qa-engineer-jobs-in-united-kingdom",""
"QA Test Analyst","","","Reed","Software QA Engineer","🏢 Office | 📍 Brak lokalizacji","https://www.reed.co.uk/jobs/qa-test-analyst/56934432?source=searchResults&filter=%2Fjobs%2Fsoftware-qa-engineer-jobs-in-united-kingdom",""
"Test Engineer","","","Reed","Software QA Engineer","🏢 Office | 📍 Brak lokalizacji","https://www.reed.co.uk/jobs/test-engineer/56960933?source=searchResults&filter=%2Fjobs%2Fsoftware-qa-engineer-jobs-in-united-kingdom",""
"Software Quality Engineer","","","Reed","Software QA Engineer","🏢 Office | 📍 Brak lokalizacji","https://www.reed.co.uk/jobs/software-quality-engineer/56698833?source=searchResults&filter=%2Fjobs%2Fsoftware-qa-engineer-jobs-in-united-kingdom",""
"QA Engineer - HYBRID","","","Reed","Software QA Engineer","🔀 Hybrid | 📍 Brak lokalizacji","https://www.reed.co.uk/jobs/qa-engineer-hybrid/56957160?source=searchResults&filter=%2Fjobs%2Fsoftware-qa-engineer-jobs-in-united-kingdom",""
"Software Developer","","","Reed","Software QA Engineer","🏢 Office | 📍 Brak lokalizacji","https://www.reed.co.uk/jobs/software-developer/56973907?source=searchResults&filter=%2Fjobs%2Fsoftware-qa-engineer-jobs-in-united-kingdom",""
"Quality Engineer","","","Reed","Software QA Engineer","🏢 Office | 📍 Brak lokalizacji","https://www.reed.co.uk/jobs/quality-engineer/56841765?source=searchResults&filter=%2Fjobs%2Fsoftware-qa-engineer-jobs-in-united-kingdom",""
"Quality Assurance Engineer","","","Reed","Software QA Engineer","🏢 Office | 📍 Brak lokalizacji","https://www.reed.co.uk/jobs/quality-assurance-engineer/56926756?source=searchResults&filter=%2Fjobs%2Fsoftware-qa-engineer-jobs-in-united-kingdom",""
"Lead QA Engineer","","","Reed","Software QA Engineer","🏢 Office | 📍 Brak lokalizacji","https://www.reed.co.uk/jobs/lead-qa-engineer/56967072?source=searchResults&filter=%2Fjobs%2Fsoftware-qa-engineer-jobs-in-united-kingdom",""
"QA Automation Engineer","","","Reed","Software QA Engineer","🏢 Office | 📍 Brak lokalizacji","https://www.reed.co.uk/jobs/qa-automation-engineer/56978781?source=searchResults&filter=%2Fjobs%2Fsoftware-qa-engineer-jobs-in-united-kingdom",""
"Q&A Test Engineer","","","Reed","Software QA Engineer","🏢 Office | 📍 Brak lokalizacji","https://www.reed.co.uk/jobs/q-a-test-engineer/56912604?source=searchResults&filter=%2Fjobs%2Fsoftware-qa-engineer-jobs-in-united-kingdom",""
"QA Engineer - ServiceNow","","","Reed","Software QA Engineer","🏢 Office | 📍 Brak lokalizacji","https://www.reed.co.uk/jobs/qa-engineer-servicenow/56368015?source=searchResults&filter=%2Fjobs%2Fsoftware-qa-engineer-jobs-in-united-kingdom",""
"Test Quality Assurance Engineer","","","Reed","Software QA Engineer","🏢 Office | 📍 Brak lokalizacji","https://www.reed.co.uk/jobs/test-quality-assurance-engineer/56868487?source=searchResults&filter=%2Fjobs%2Fsoftware-qa-engineer-jobs-in-united-kingdom",""
"Test Engineer","","","Reed","Software QA Engineer","🏢 Office | 📍 Brak lokalizacji","https://www.reed.co.uk/jobs/test-engineer/56868490?source=searchResults&filter=%2Fjobs%2Fsoftware-qa-engineer-jobs-in-united-kingdom",""
"Senior Software Developer","","","Reed","Software QA Engineer","🏢 Office | 📍 Brak lokalizacji","https://www.reed.co.uk/jobs/senior-software-developer/56904263?source=searchResults&filter=%2Fjobs%2Fsoftware-qa-engineer-jobs-in-united-kingdom",""
"IT Support Engineer Apprentice","","","Reed","Software QA Engineer","🏢 Office | 📍 Brak lokalizacji","https://www.reed.co.uk/jobs/it-support-engineer-apprentice/56907290?source=searchResults&filter=%2Fjobs%2Fsoftware-qa-engineer-jobs-in-united-kingdom",""
"Quality Assurance","","","Reed","Software QA Engineer","🏢 Office | 📍 Brak lokalizacji","https://www.reed.co.uk/jobs/quality-assurance/56829104?source=searchResults&filter=%2Fjobs%2Fsoftware-qa-engineer-jobs-in-united-kingdom",""
"Software Developer Apprentice","","","Reed","Software QA Engineer","🏢 Office | 📍 Brak lokalizacji","https://www.reed.co.uk/jobs/software-developer-apprentice/56964161?source=searchResults&filter=%2Fjobs%2Fsoftware-qa-engineer-jobs-in-united-kingdom",""
"QA Systems Application Specialist","","","Reed","Software QA Engineer","🏢 Office | 📍 Brak lokalizacji","https://www.reed.co.uk/jobs/qa-systems-application-specialist/56931686?source=searchResults&filter=%2Fjobs%2Fsoftware-qa-engineer-jobs-in-united-kingdom",""
"EC&I Commissioning Engineer","","","Reed","Software QA Engineer","🏢 Office | 📍 Brak lokalizacji","https://www.reed.co.uk/jobs/ec-i-commissioning-engineer/56978216?source=searchResults&filter=%2Fjobs%2Fsoftware-qa-engineer-jobs-in-united-kingdom",""
"Principal Software Engineer","","","Reed","Software QA Engineer","🏢 Office | 📍 Brak lokalizacji","https://www.reed.co.uk/jobs/principal-software-engineer/56913241?source=searchResults&filter=%2Fjobs%2Fsoftware-qa-engineer-jobs-in-united-kingdom",""
"Production Engineer","","","Reed","Software QA Engineer","🏢 Office | 📍 Brak lokalizacji","https://www.reed.co.uk/jobs/production-engineer/56885575?source=searchResults&filter=%2Fjobs%2Fsoftware-qa-engineer-jobs-in-united-kingdom",""
"QA Test Analyst","","","Reed","Software QA Automation Engineer","🏢 Office | 📍 Brak lokalizacji","https://www.reed.co.uk/jobs/qa-test-analyst/56934432?source=searchResults&filter=%2Fjobs%2Fsoftware-qa-automation-engineer-jobs-in-united-kingdom",""
"QA Engineer - Manual testing web applications","","","Reed","Software QA Automation Engineer","🏢 Office | 📍 Brak lokalizacji","https://www.reed.co.uk/jobs/qa-engineer-manual-testing-web-applications/56933699?source=searchResults&filter=%2Fjobs%2Fsoftware-qa-automation-engineer-jobs-in-united-kingdom",""
"Software QA Engineer","","","Reed","Software QA Automation Engineer","🏢 Office | 📍 Brak lokalizacji","https://www.reed.co.uk/jobs/software-qa-engineer/56947844?source=searchResults&filter=%2Fjobs%2Fsoftware-qa-automation-engineer-jobs-in-united-kingdom",""
"Test Engineer","","","Reed","Software QA Automation Engineer","🏢 Office | 📍 Brak lokalizacji","https://www.reed.co.uk/jobs/test-engineer/56960933?source=searchResults&filter=%2Fjobs%2Fsoftware-qa-automation-engineer-jobs-in-united-kingdom",""
"Software Tester","","","Reed","Software QA Automation Engineer","🏢 Office | 📍 Brak lokalizacji","https://www.reed.co.uk/jobs/software-tester/56947977?source=searchResults&filter=%2Fjobs%2Fsoftware-qa-automation-engineer-jobs-in-united-kingdom",""
"QA Automation Engineer","","","Reed","Software QA Automation Engineer","🏢 Office | 📍 Brak lokalizacji","https://www.reed.co.uk/jobs/qa-automation-engineer/56978781?source=searchResults&filter=%2Fjobs%2Fsoftware-qa-automation-engineer-jobs-in-united-kingdom",""
"Lead QA Engineer","","","Reed","Software QA Automation Engineer","🏢 Office | 📍 Brak lokalizacji","https://www.reed.co.uk/jobs/lead-qa-engineer/56967072?source=searchResults&filter=%2Fjobs%2Fsoftware-qa-automation-engineer-jobs-in-united-kingdom",""
"Technical Customer Success Specialist - Graduate","","","Reed","Software QA Automation Engineer","🏢 Office | 📍 Brak lokalizacji","https://www.reed.co.uk/jobs/technical-customer-success-specialist-graduate/56865868?source=searchResults&filter=%2Fjobs%2Fsoftware-qa-automation-engineer-jobs-in-united-kingdom",""
"Q&A Test Engineer","","","Reed","Software QA Automation Engineer","🏢 Office | 📍 Brak lokalizacji","https://www.reed.co.uk/jobs/q-a-test-engineer/56912604?source=searchResults&filter=%2Fjobs%2Fsoftware-qa-automation-engineer-jobs-in-united-kingdom",""
"AI & Digital Support Apprentice","","","Reed","Software QA Automation Engineer","🏢 Office | 📍 Brak lokalizacji","https://www.reed.co.uk/jobs/ai-digital-support-apprentice/56930066?source=searchResults&filter=%2Fjobs%2Fsoftware-qa-automation-engineer-jobs-in-united-kingdom",""
"Lead AI Red Teaming & QA Engineer","","","Reed","Software QA Automation Engineer","🏢 Office | 📍 Brak lokalizacji","https://www.reed.co.uk/jobs/lead-ai-red-teaming-qa-engineer/56912145?source=searchResults&filter=%2Fjobs%2Fsoftware-qa-automation-engineer-jobs-in-united-kingdom",""
"Engineering Manager","","","Reed","Software QA Automation Engineer","🏢 Office | 📍 Brak lokalizacji","https://www.reed.co.uk/jobs/engineering-manager/56927986?source=searchResults&filter=%2Fjobs%2Fsoftware-qa-automation-engineer-jobs-in-united-kingdom",""
"Senior C++ Developer (Hybrid, UK-Based)","","","Reed","Software QA Automation Engineer","🔀 Hybrid | 📍 Brak lokalizacji","https://www.reed.co.uk/jobs/senior-c-developer-hybrid-uk-based/56901919?source=searchResults&filter=%2Fjobs%2Fsoftware-qa-automation-engineer-jobs-in-united-kingdom",""
"QA Systems Application Specialist","","","Reed","Software QA Automation Engineer","🏢 Office | 📍 Brak lokalizacji","https://www.reed.co.uk/jobs/qa-systems-application-specialist/56931686?source=searchResults&filter=%2Fjobs%2Fsoftware-qa-automation-engineer-jobs-in-united-kingdom",""
"Quality Engineer","","","Reed","Software QA Automation Engineer","🏢 Office | 📍 Brak lokalizacji","https://www.reed.co.uk/jobs/quality-engineer/56913330?source=searchResults&filter=%2Fjobs%2Fsoftware-qa-automation-engineer-jobs-in-united-kingdom",""
"QA Auditor","","","Reed","Software QA Automation Engineer","🏢 Office | 📍 Brak lokalizacji","https://www.reed.co.uk/jobs/qa-auditor/56839922?source=searchResults&filter=%2Fjobs%2Fsoftware-qa-automation-engineer-jobs-in-united-kingdom",""
"Test Engineer","","","Reed","Software QA Automation Engineer","🏢 Office | 📍 Brak lokalizacji","https://www.reed.co.uk/jobs/test-engineer/56955292?source=searchResults&filter=%2Fjobs%2Fsoftware-qa-automation-engineer-jobs-in-united-kingdom",""
"Senior Test Analyst","","","Reed","Software QA Automation Engineer","🏢 Office | 📍 Brak lokalizacji","https://www.reed.co.uk/jobs/senior-test-analyst/56833369?source=searchResults&filter=%2Fjobs%2Fsoftware-qa-automation-engineer-jobs-in-united-kingdom",""
"Test Analyst - Hybrid - Warwick - UK","","","Reed","Software QA Automation Engineer","🔀 Hybrid | 📍 Brak lokalizacji","https://www.reed.co.uk/jobs/test-analyst-hybrid-warwick-uk/56939059?source=searchResults&filter=%2Fjobs%2Fsoftware-qa-automation-engineer-jobs-in-united-kingdom",""
"Test Lead","","","Reed","Software QA Automation Engineer","🏢 Office | 📍 Brak lokalizacji","https://www.reed.co.uk/jobs/test-lead/56914845?source=searchResults&filter=%2Fjobs%2Fsoftware-qa-automation-engineer-jobs-in-united-kingdom",""
"Senior Java Developer (AWS, Java, API) - Sussex - Hybrid","","","Reed","Software QA Automation Engineer","🔀 Hybrid | 📍 Brak lokalizacji","https://www.reed.co.uk/jobs/senior-java-developer-aws-java-api-sussex-hybrid/56886034?source=searchResults&filter=%2Fjobs%2Fsoftware-qa-automation-engineer-jobs-in-united-kingdom",""
"Software Quality Engineer","","","Reed","Software QA Automation Engineer","🏢 Office | 📍 Brak lokalizacji","https://www.reed.co.uk/jobs/software-quality-engineer/56698833?source=searchResults&filter=%2Fjobs%2Fsoftware-qa-automation-engineer-jobs-in-united-kingdom",""
"Software Test & Automation Engineer","","","Reed","Software QA Automation Engineer","🏢 Office | 📍 Brak lokalizacji","https://www.reed.co.uk/jobs/software-test-automation-engineer/56933953?source=searchResults&filter=%2Fjobs%2Fsoftware-qa-automation-engineer-jobs-in-united-kingdom",""
"Quality Assurance","","","Reed","Software QA Automation Engineer","🏢 Office | 📍 Brak lokalizacji","https://www.reed.co.uk/jobs/quality-assurance/56829104?source=searchResults&filter=%2Fjobs%2Fsoftware-qa-automation-engineer-jobs-in-united-kingdom",""
"DevOps Cloud Engineer / Linux Systems Administrator","","","Reed","Software QA Automation Engineer","🏢 Office | 📍 Brak lokalizacji","https://www.reed.co.uk/jobs/devops-cloud-engineer-linux-systems-administrator/56946492?source=searchResults&filter=%2Fjobs%2Fsoftware-qa-automation-engineer-jobs-in-united-kingdom",""
"Test Lead","","","Reed","Testing Lead","🏢 Office | 📍 Brak lokalizacji","https://www.reed.co.uk/jobs/test-lead/56878121?source=searchResults&filter=%2Fjobs%2Ftesting-lead-jobs-in-united-kingdom",""
"Test Lead","","","Reed","Testing Lead","🏢 Office | 📍 Brak lokalizacji","https://www.reed.co.uk/jobs/test-lead/56914845?source=searchResults&filter=%2Fjobs%2Ftesting-lead-jobs-in-united-kingdom",""
"QA Test Lead (CCH Tagetik)","","","Reed","Testing Lead","🏢 Office | 📍 Brak lokalizacji","https://www.reed.co.uk/jobs/qa-test-lead-cch-tagetik/56957487?source=searchResults&filter=%2Fjobs%2Ftesting-lead-jobs-in-united-kingdom",""
"Test Lead (Contract)","","","Reed","Testing Lead","🏢 Office | 📍 Brak lokalizacji","https://www.reed.co.uk/jobs/test-lead-contract/56936046?source=searchResults&filter=%2Fjobs%2Ftesting-lead-jobs-in-united-kingdom",""
"Analytical Testing Lead (Chemistry)","","","Reed","Testing Lead","🏢 Office | 📍 Brak lokalizacji","https://www.reed.co.uk/jobs/analytical-testing-lead-chemistry/56907064?source=searchResults&filter=%2Fjobs%2Ftesting-lead-jobs-in-united-kingdom",""
"Transformer Test Manager","","","Reed","Testing Lead","🏢 Office | 📍 Brak lokalizacji","https://www.reed.co.uk/jobs/transformer-test-manager/56893161?source=searchResults&filter=%2Fjobs%2Ftesting-lead-jobs-in-united-kingdom",""
"Test Manager / Lead £600/d Financial Services Remote","","","Reed","Testing Lead","🏢 Office | 📍 Brak lokalizacji","https://www.reed.co.uk/jobs/test-manager-lead-600-d-financial-services-remote/56894233?source=searchResults&filter=%2Fjobs%2Ftesting-lead-jobs-in-united-kingdom",""
"Lead Test Architect","","","Reed","Testing Lead","🏢 Office | 📍 Brak lokalizacji","https://www.reed.co.uk/jobs/lead-test-architect/56878784?source=searchResults&filter=%2Fjobs%2Ftesting-lead-jobs-in-united-kingdom",""
"Quality Lead","","","Reed","Testing Lead","🏢 Office | 📍 Brak lokalizacji","https://www.reed.co.uk/jobs/quality-lead/56988525?source=searchResults&filter=%2Fjobs%2Ftesting-lead-jobs-in-united-kingdom",""
"Lead Software Test Engineer","","","Reed","Testing Lead","🏢 Office | 📍 Brak lokalizacji","https://www.reed.co.uk/jobs/lead-software-test-engineer/56878350?source=searchResults&filter=%2Fjobs%2Ftesting-lead-jobs-in-united-kingdom",""
"QA Test Analyst","","","Reed","Testing Lead","🏢 Office | 📍 Brak lokalizacji","https://www.reed.co.uk/jobs/qa-test-analyst/56934432?source=searchResults&filter=%2Fjobs%2Ftesting-lead-jobs-in-united-kingdom",""
"Cockpit Test and Development Lead Engineer","","","Reed","Testing Lead","🏢 Office | 📍 Brak lokalizacji","https://www.reed.co.uk/jobs/cockpit-test-and-development-lead-engineer/56929519?source=searchResults&filter=%2Fjobs%2Ftesting-lead-jobs-in-united-kingdom",""
"Lead Test Engineer – 12 month – SC Cleared – Manchester","","","Reed","Testing Lead","🏢 Office | 📍 Brak lokalizacji","https://www.reed.co.uk/jobs/lead-test-engineer--12-month--sc-cleared--manchester/56876926?source=searchResults&filter=%2Fjobs%2Ftesting-lead-jobs-in-united-kingdom",""
"Test Manager","","","Reed","Testing Lead","🏢 Office | 📍 Brak lokalizacji","https://www.reed.co.uk/jobs/test-manager/56985243?source=searchResults&filter=%2Fjobs%2Ftesting-lead-jobs-in-united-kingdom",""
"Test Manager (Fixed-Term Contract)","","","Reed","Testing Lead","🏢 Office | 📍 Brak lokalizacji","https://www.reed.co.uk/jobs/test-manager-fixed-term-contract/56985579?source=searchResults&filter=%2Fjobs%2Ftesting-lead-jobs-in-united-kingdom",""
"Test Engineer","","","Reed","Testing Lead","🏢 Office | 📍 Brak lokalizacji","https://www.reed.co.uk/jobs/test-engineer/56955292?source=searchResults&filter=%2Fjobs%2Ftesting-lead-jobs-in-united-kingdom",""
"PNT Test Engineer","","","Reed","Testing Lead","🏢 Office | 📍 Brak lokalizacji","https://www.reed.co.uk/jobs/pnt-test-engineer/56985702?source=searchResults&filter=%2Fjobs%2Ftesting-lead-jobs-in-united-kingdom",""
"Internal Controls Tester","","","Reed","Testing Lead","🏢 Office | 📍 Brak lokalizacji","https://www.reed.co.uk/jobs/internal-controls-tester/56844404?source=searchResults&filter=%2Fjobs%2Ftesting-lead-jobs-in-united-kingdom",""
"Lead Internal Quality Assurer","","","Reed","Testing Lead","🏢 Office | 📍 Brak lokalizacji","https://www.reed.co.uk/jobs/lead-internal-quality-assurer/56852440?source=searchResults&filter=%2Fjobs%2Ftesting-lead-jobs-in-united-kingdom",""
"QA Engineer - Manual testing web applications","","","Reed","Testing Lead","🏢 Office | 📍 Brak lokalizacji","https://www.reed.co.uk/jobs/qa-engineer-manual-testing-web-applications/56933699?source=searchResults&filter=%2Fjobs%2Ftesting-lead-jobs-in-united-kingdom",""
"Salesforce Test Engineer","","","Reed","Testing Lead","🏢 Office | 📍 Brak lokalizacji","https://www.reed.co.uk/jobs/salesforce-test-engineer/56871152?source=searchResults&filter=%2Fjobs%2Ftesting-lead-jobs-in-united-kingdom",""
"Senior Design Engineer","","","Reed","Testing Lead","🏢 Office | 📍 Brak lokalizacji","https://www.reed.co.uk/jobs/senior-design-engineer/56956248?source=searchResults&filter=%2Fjobs%2Ftesting-lead-jobs-in-united-kingdom",""
"Software QA Lead","","","Reed","Testing Lead","🏢 Office | 📍 Brak lokalizacji","https://www.reed.co.uk/jobs/software-qa-lead/56848224?source=searchResults&filter=%2Fjobs%2Ftesting-lead-jobs-in-united-kingdom",""
"Lead QA Engineer","","","Reed","Testing Lead","🏢 Office | 📍 Brak lokalizacji","https://www.reed.co.uk/jobs/lead-qa-engineer/56967072?source=searchResults&filter=%2Fjobs%2Ftesting-lead-jobs-in-united-kingdom",""
"QA Lead","","","Reed","Testing Lead","🏢 Office | 📍 Brak lokalizacji","https://www.reed.co.uk/jobs/qa-lead/56952165?source=searchResults&filter=%2Fjobs%2Ftesting-lead-jobs-in-united-kingdom",""
"Test Lead","","","Reed","Test Lead","🏢 Office | 📍 Brak lokalizacji","https://www.reed.co.uk/jobs/test-lead/56878121?source=searchResults&filter=%2Fjobs%2Ftest-lead-jobs-in-united-kingdom",""
"Test Lead","","","Reed","Test Lead","🏢 Office | 📍 Brak lokalizacji","https://www.reed.co.uk/jobs/test-lead/56914845?source=searchResults&filter=%2Fjobs%2Ftest-lead-jobs-in-united-kingdom",""
"QA Test Lead (CCH Tagetik)","","","Reed","Test Lead","🏢 Office | 📍 Brak lokalizacji","https://www.reed.co.uk/jobs/qa-test-lead-cch-tagetik/56957487?source=searchResults&filter=%2Fjobs%2Ftest-lead-jobs-in-united-kingdom",""
"Test Lead (Contract)","","","Reed","Test Lead","🏢 Office | 📍 Brak lokalizacji","https://www.reed.co.uk/jobs/test-lead-contract/56936046?source=searchResults&filter=%2Fjobs%2Ftest-lead-jobs-in-united-kingdom",""
"Analytical Testing Lead (Chemistry)","","","Reed","Test Lead","🏢 Office | 📍 Brak lokalizacji","https://www.reed.co.uk/jobs/analytical-testing-lead-chemistry/56907064?source=searchResults&filter=%2Fjobs%2Ftest-lead-jobs-in-united-kingdom",""
"Transformer Test Manager","","","Reed","Test Lead","🏢 Office | 📍 Brak lokalizacji","https://www.reed.co.uk/jobs/transformer-test-manager/56893161?source=searchResults&filter=%2Fjobs%2Ftest-lead-jobs-in-united-kingdom",""
"Test Manager / Lead £600/d Financial Services Remote","","","Reed","Test Lead","🏢 Office | 📍 Brak lokalizacji","https://www.reed.co.uk/jobs/test-manager-lead-600-d-financial-services-remote/56894233?source=searchResults&filter=%2Fjobs%2Ftest-lead-jobs-in-united-kingdom",""
"Lead Test Architect","","","Reed","Test Lead","🏢 Office | 📍 Brak lokalizacji","https://www.reed.co.uk/jobs/lead-test-architect/56878784?source=searchResults&filter=%2Fjobs%2Ftest-lead-jobs-in-united-kingdom",""
"Quality Lead","","","Reed","Test Lead","🏢 Office | 📍 Brak lokalizacji","https://www.reed.co.uk/jobs/quality-lead/56988525?source=searchResults&filter=%2Fjobs%2Ftest-lead-jobs-in-united-kingdom",""
"Lead Software Test Engineer","","","Reed","Test Lead","🏢 Office | 📍 Brak lokalizacji","https://www.reed.co.uk/jobs/lead-software-test-engineer/56878350?source=searchResults&filter=%2Fjobs%2Ftest-lead-jobs-in-united-kingdom",""
"QA Test Analyst","","","Reed","Test Lead","🏢 Office | 📍 Brak lokalizacji","https://www.reed.co.uk/jobs/qa-test-analyst/56934432?source=searchResults&filter=%2Fjobs%2Ftest-lead-jobs-in-united-kingdom",""
"Cockpit Test and Development Lead Engineer","","","Reed","Test Lead","🏢 Office | 📍 Brak lokalizacji","https://www.reed.co.uk/jobs/cockpit-test-and-development-lead-engineer/56929519?source=searchResults&filter=%2Fjobs%2Ftest-lead-jobs-in-united-kingdom",""
"Lead Test Engineer – 12 month – SC Cleared – Manchester","","","Reed","Test Lead","🏢 Office | 📍 Brak lokalizacji","https://www.reed.co.uk/jobs/lead-test-engineer--12-month--sc-cleared--manchester/56876926?source=searchResults&filter=%2Fjobs%2Ftest-lead-jobs-in-united-kingdom",""
"Test Manager","","","Reed","Test Lead","🏢 Office | 📍 Brak lokalizacji","https://www.reed.co.uk/jobs/test-manager/56985243?source=searchResults&filter=%2Fjobs%2Ftest-lead-jobs-in-united-kingdom",""
"Test Manager (Fixed-Term Contract)","","","Reed","Test Lead","🏢 Office | 📍 Brak lokalizacji","https://www.reed.co.uk/jobs/test-manager-fixed-term-contract/56985579?source=searchResults&filter=%2Fjobs%2Ftest-lead-jobs-in-united-kingdom",""
"Test Engineer","","","Reed","Test Lead","🏢 Office | 📍 Brak lokalizacji","https://www.reed.co.uk/jobs/test-engineer/56955292?source=searchResults&filter=%2Fjobs%2Ftest-lead-jobs-in-united-kingdom",""
"PNT Test Engineer","","","Reed","Test Lead","🏢 Office | 📍 Brak lokalizacji","https://www.reed.co.uk/jobs/pnt-test-engineer/56985702?source=searchResults&filter=%2Fjobs%2Ftest-lead-jobs-in-united-kingdom",""
"Internal Controls Tester","","","Reed","Test Lead","🏢 Office | 📍 Brak lokalizacji","https://www.reed.co.uk/jobs/internal-controls-tester/56844404?source=searchResults&filter=%2Fjobs%2Ftest-lead-jobs-in-united-kingdom",""
"QA Engineer - Manual testing web applications","","","Reed","Test Lead","🏢 Office | 📍 Brak lokalizacji","https://www.reed.co.uk/jobs/qa-engineer-manual-testing-web-applications/56933699?source=searchResults&filter=%2Fjobs%2Ftest-lead-jobs-in-united-kingdom",""
"Salesforce Test Engineer","","","Reed","Test Lead","🏢 Office | 📍 Brak lokalizacji","https://www.reed.co.uk/jobs/salesforce-test-engineer/56871152?source=searchResults&filter=%2Fjobs%2Ftest-lead-jobs-in-united-kingdom",""
"Senior Design Engineer","","","Reed","Test Lead","🏢 Office | 📍 Brak lokalizacji","https://www.reed.co.uk/jobs/senior-design-engineer/56956248?source=searchResults&filter=%2Fjobs%2Ftest-lead-jobs-in-united-kingdom",""
"Software QA Lead","","","Reed","Test Lead","🏢 Office | 📍 Brak lokalizacji","https://www.reed.co.uk/jobs/software-qa-lead/56848224?source=searchResults&filter=%2Fjobs%2Ftest-lead-jobs-in-united-kingdom",""
"Lead QA Engineer","","","Reed","Test Lead","🏢 Office | 📍 Brak lokalizacji","https://www.reed.co.uk/jobs/lead-qa-engineer/56967072?source=searchResults&filter=%2Fjobs%2Ftest-lead-jobs-in-united-kingdom",""
"Test Manager","","","Reed","Test Lead","🏢 Office | 📍 Brak lokalizacji","https://www.reed.co.uk/jobs/test-manager/56990767?source=searchResults&filter=%2Fjobs%2Ftest-lead-jobs-in-united-kingdom",""
"QA Lead","","","Reed","Test Lead","🏢 Office | 📍 Brak lokalizacji","https://www.reed.co.uk/jobs/qa-lead/56952165?source=searchResults&filter=%2Fjobs%2Ftest-lead-jobs-in-united-kingdom",""
"QA Engineer - Manual testing web applications","","","Reed","QA Engineer","🏢 Office | 📍 Brak lokalizacji","https://www.reed.co.uk/jobs/qa-engineer-manual-testing-web-applications/56933699?source=searchResults&filter=%2Fjobs%2Fqa-engineer-jobs-in-united-kingdom",""
"QA Engineer","","","Reed","QA Engineer","🏢 Office | 📍 Brak lokalizacji","https://www.reed.co.uk/jobs/qa-engineer/56836249?source=searchResults&filter=%2Fjobs%2Fqa-engineer-jobs-in-united-kingdom",""
"Quality Assurance Engineer","","","Reed","QA Engineer","🏢 Office | 📍 Brak lokalizacji","https://www.reed.co.uk/jobs/quality-assurance-engineer/56861589?source=searchResults&filter=%2Fjobs%2Fqa-engineer-jobs-in-united-kingdom",""
"Quality Assurance Engineer","","","Reed","QA Engineer","🏢 Office | 📍 Brak lokalizacji","https://www.reed.co.uk/jobs/quality-assurance-engineer/56926756?source=searchResults&filter=%2Fjobs%2Fqa-engineer-jobs-in-united-kingdom",""
"QA Automation Engineer","","","Reed","QA Engineer","🏢 Office | 📍 Brak lokalizacji","https://www.reed.co.uk/jobs/qa-automation-engineer/56978781?source=searchResults&filter=%2Fjobs%2Fqa-engineer-jobs-in-united-kingdom",""
"Senior QA Engineer","","","Reed","QA Engineer","🏢 Office | 📍 Brak lokalizacji","https://www.reed.co.uk/jobs/senior-qa-engineer/56942815?source=searchResults&filter=%2Fjobs%2Fqa-engineer-jobs-in-united-kingdom",""
"Senior QA Engineer","","","Reed","QA Engineer","🏢 Office | 📍 Brak lokalizacji","https://www.reed.co.uk/jobs/senior-qa-engineer/56942822?source=searchResults&filter=%2Fjobs%2Fqa-engineer-jobs-in-united-kingdom",""
"QA Engineer - HYBRID","","","Reed","QA Engineer","🔀 Hybrid | 📍 Brak lokalizacji","https://www.reed.co.uk/jobs/qa-engineer-hybrid/56957160?source=searchResults&filter=%2Fjobs%2Fqa-engineer-jobs-in-united-kingdom",""
"Software QA Engineer","","","Reed","QA Engineer","🏢 Office | 📍 Brak lokalizacji","https://www.reed.co.uk/jobs/software-qa-engineer/56947844?source=searchResults&filter=%2Fjobs%2Fqa-engineer-jobs-in-united-kingdom",""
"QA Engineer - HS2","","","Reed","QA Engineer","🏢 Office | 📍 Brak lokalizacji","https://www.reed.co.uk/jobs/qa-engineer-hs2/56937575?source=searchResults&filter=%2Fjobs%2Fqa-engineer-jobs-in-united-kingdom",""
"QA Engineer - ServiceNow","","","Reed","QA Engineer","🏢 Office | 📍 Brak lokalizacji","https://www.reed.co.uk/jobs/qa-engineer-servicenow/56368015?source=searchResults&filter=%2Fjobs%2Fqa-engineer-jobs-in-united-kingdom",""
"Lead QA Engineer","","","Reed","QA Engineer","🏢 Office | 📍 Brak lokalizacji","https://www.reed.co.uk/jobs/lead-qa-engineer/56967072?source=searchResults&filter=%2Fjobs%2Fqa-engineer-jobs-in-united-kingdom",""
"Test Quality Assurance Engineer","","","Reed","QA Engineer","🏢 Office | 📍 Brak lokalizacji","https://www.reed.co.uk/jobs/test-quality-assurance-engineer/56868487?source=searchResults&filter=%2Fjobs%2Fqa-engineer-jobs-in-united-kingdom",""
"AI (QA) Automation Engineer","","","Reed","QA Engineer","🏢 Office | 📍 Brak lokalizacji","https://www.reed.co.uk/jobs/ai-qa-automation-engineer/56888873?source=searchResults&filter=%2Fjobs%2Fqa-engineer-jobs-in-united-kingdom",""
"Supplier Quality Assurance Engineer","","","Reed","QA Engineer","🏢 Office | 📍 Brak lokalizacji","https://www.reed.co.uk/jobs/supplier-quality-assurance-engineer/56984503?source=searchResults&filter=%2Fjobs%2Fqa-engineer-jobs-in-united-kingdom",""
"Supplier Development and Quality Engineer","","","Reed","QA Engineer","🏢 Office | 📍 Brak lokalizacji","https://www.reed.co.uk/jobs/supplier-development-and-quality-engineer/56918038?source=searchResults&filter=%2Fjobs%2Fqa-engineer-jobs-in-united-kingdom",""
"Lead AI Red Teaming & QA Engineer","","","Reed","QA Engineer","🏢 Office | 📍 Brak lokalizacji","https://www.reed.co.uk/jobs/lead-ai-red-teaming-qa-engineer/56912145?source=searchResults&filter=%2Fjobs%2Fqa-engineer-jobs-in-united-kingdom",""
"Technical Customer Success Specialist - Graduate","","","Reed","QA Engineer","🏢 Office | 📍 Brak lokalizacji","https://www.reed.co.uk/jobs/technical-customer-success-specialist-graduate/56865868?source=searchResults&filter=%2Fjobs%2Fqa-engineer-jobs-in-united-kingdom",""
"Quality Engineer (Exciting Technical Progression)","","","Reed","QA Engineer","🏢 Office | 📍 Brak lokalizacji","https://www.reed.co.uk/jobs/quality-engineer-exciting-technical-progression/56943805?source=searchResults&filter=%2Fjobs%2Fqa-engineer-jobs-in-united-kingdom",""
"Senior QA Tester","","","Reed","QA Engineer","🏢 Office | 📍 Brak lokalizacji","https://www.reed.co.uk/jobs/senior-qa-tester/56917575?source=searchResults&filter=%2Fjobs%2Fqa-engineer-jobs-in-united-kingdom",""
"Quality Engineer","","","Reed","QA Engineer","🏢 Office | 📍 Brak lokalizacji","https://www.reed.co.uk/jobs/quality-engineer/56922745?source=searchResults&filter=%2Fjobs%2Fqa-engineer-jobs-in-united-kingdom",""
"Software Engineer / Senior QA & Test - DO-178C","","","Reed","QA Engineer","🏢 Office | 📍 Brak lokalizacji","https://www.reed.co.uk/jobs/software-engineer-senior-qa-test-do-178c/56945855?source=searchResults&filter=%2Fjobs%2Fqa-engineer-jobs-in-united-kingdom",""
"QA Technician","","","Reed","QA Engineer","🏢 Office | 📍 Brak lokalizacji","https://www.reed.co.uk/jobs/qa-technician/56978113?source=searchResults&filter=%2Fjobs%2Fqa-engineer-jobs-in-united-kingdom",""
"Supplier Quality Engineer","","","Reed","QA Engineer","🏢 Office | 📍 Brak lokalizacji","https://www.reed.co.uk/jobs/supplier-quality-engineer/56833289?source=searchResults&filter=%2Fjobs%2Fqa-engineer-jobs-in-united-kingdom",""
"QA Systems Application Specialist","","","Reed","QA Engineer","🏢 Office | 📍 Brak lokalizacji","https://www.reed.co.uk/jobs/qa-systems-application-specialist/56931686?source=searchResults&filter=%2Fjobs%2Fqa-engineer-jobs-in-united-kingdom",""
"QA Automation Engineer","","","Reed","QA Automation Engineer","🏢 Office | 📍 Brak lokalizacji","https://www.reed.co.uk/jobs/qa-automation-engineer/56978781?source=searchResults&filter=%2Fjobs%2Fqa-automation-engineer-jobs-in-united-kingdom",""
"AI (QA) Automation Engineer","","","Reed","QA Automation Engineer","🏢 Office | 📍 Brak lokalizacji","https://www.reed.co.uk/jobs/ai-qa-automation-engineer/56888873?source=searchResults&filter=%2Fjobs%2Fqa-automation-engineer-jobs-in-united-kingdom",""
"QA Engineer - Manual testing web applications","","","Reed","QA Automation Engineer","🏢 Office | 📍 Brak lokalizacji","https://www.reed.co.uk/jobs/qa-engineer-manual-testing-web-applications/56933699?source=searchResults&filter=%2Fjobs%2Fqa-automation-engineer-jobs-in-united-kingdom",""
"QA Test Analyst","","","Reed","QA Automation Engineer","🏢 Office | 📍 Brak lokalizacji","https://www.reed.co.uk/jobs/qa-test-analyst/56934432?source=searchResults&filter=%2Fjobs%2Fqa-automation-engineer-jobs-in-united-kingdom",""
"Senior QA Engineer","","","Reed","QA Automation Engineer","🏢 Office | 📍 Brak lokalizacji","https://www.reed.co.uk/jobs/senior-qa-engineer/56942815?source=searchResults&filter=%2Fjobs%2Fqa-automation-engineer-jobs-in-united-kingdom",""
"Senior QA Engineer","","","Reed","QA Automation Engineer","🏢 Office | 📍 Brak lokalizacji","https://www.reed.co.uk/jobs/senior-qa-engineer/56942822?source=searchResults&filter=%2Fjobs%2Fqa-automation-engineer-jobs-in-united-kingdom",""
"Software QA Engineer","","","Reed","QA Automation Engineer","🏢 Office | 📍 Brak lokalizacji","https://www.reed.co.uk/jobs/software-qa-engineer/56947844?source=searchResults&filter=%2Fjobs%2Fqa-automation-engineer-jobs-in-united-kingdom",""
"Test Engineer","","","Reed","QA Automation Engineer","🏢 Office | 📍 Brak lokalizacji","https://www.reed.co.uk/jobs/test-engineer/56960933?source=searchResults&filter=%2Fjobs%2Fqa-automation-engineer-jobs-in-united-kingdom",""
"Lead QA Engineer","","","Reed","QA Automation Engineer","🏢 Office | 📍 Brak lokalizacji","https://www.reed.co.uk/jobs/lead-qa-engineer/56967072?source=searchResults&filter=%2Fjobs%2Fqa-automation-engineer-jobs-in-united-kingdom",""
"Lead Automation Tester Engineer, C#, tyescript, Playwright","","","Reed","QA Automation Engineer","🏢 Office | 📍 Brak lokalizacji","https://www.reed.co.uk/jobs/lead-automation-tester-engineer-c-tyescript-playwright/56838448?source=searchResults&filter=%2Fjobs%2Fqa-automation-engineer-jobs-in-united-kingdom",""
"Senior QA Tester","","","Reed","QA Automation Engineer","🏢 Office | 📍 Brak lokalizacji","https://www.reed.co.uk/jobs/senior-qa-tester/56917575?source=searchResults&filter=%2Fjobs%2Fqa-automation-engineer-jobs-in-united-kingdom",""
"Q&A Test Engineer","","","Reed","QA Automation Engineer","🏢 Office | 📍 Brak lokalizacji","https://www.reed.co.uk/jobs/q-a-test-engineer/56912604?source=searchResults&filter=%2Fjobs%2Fqa-automation-engineer-jobs-in-united-kingdom",""
"Technical Customer Success Specialist - Graduate","","","Reed","QA Automation Engineer","🏢 Office | 📍 Brak lokalizacji","https://www.reed.co.uk/jobs/technical-customer-success-specialist-graduate/56865868?source=searchResults&filter=%2Fjobs%2Fqa-automation-engineer-jobs-in-united-kingdom",""
"Test Engineer","","","Reed","QA Automation Engineer","🏢 Office | 📍 Brak lokalizacji","https://www.reed.co.uk/jobs/test-engineer/56955292?source=searchResults&filter=%2Fjobs%2Fqa-automation-engineer-jobs-in-united-kingdom",""
"Process Engineer","","","Reed","QA Automation Engineer","🏢 Office | 📍 Brak lokalizacji","https://www.reed.co.uk/jobs/process-engineer/56894260?source=searchResults&filter=%2Fjobs%2Fqa-automation-engineer-jobs-in-united-kingdom",""
"Engineering Manager","","","Reed","QA Automation Engineer","🏢 Office | 📍 Brak lokalizacji","https://www.reed.co.uk/jobs/engineering-manager/56927986?source=searchResults&filter=%2Fjobs%2Fqa-automation-engineer-jobs-in-united-kingdom",""
"Quality Assurance Engineer","","","Reed","QA Automation Engineer","🏢 Office | 📍 Brak lokalizacji","https://www.reed.co.uk/jobs/quality-assurance-engineer/56926756?source=searchResults&filter=%2Fjobs%2Fqa-automation-engineer-jobs-in-united-kingdom",""
"QA Systems Application Specialist","","","Reed","QA Automation Engineer","🏢 Office | 📍 Brak lokalizacji","https://www.reed.co.uk/jobs/qa-systems-application-specialist/56931686?source=searchResults&filter=%2Fjobs%2Fqa-automation-engineer-jobs-in-united-kingdom",""
"AI & Digital Support Apprentice","","","Reed","QA Automation Engineer","🏢 Office | 📍 Brak lokalizacji","https://www.reed.co.uk/jobs/ai-digital-support-apprentice/56930066?source=searchResults&filter=%2Fjobs%2Fqa-automation-engineer-jobs-in-united-kingdom",""
"Data Engineer - AWS","","","Reed","QA Automation Engineer","🏢 Office | 📍 Brak lokalizacji","https://www.reed.co.uk/jobs/data-engineer-aws/56966361?source=searchResults&filter=%2Fjobs%2Fqa-automation-engineer-jobs-in-united-kingdom",""
"QA Auditor","","","Reed","QA Automation Engineer","🏢 Office | 📍 Brak lokalizacji","https://www.reed.co.uk/jobs/qa-auditor/56839922?source=searchResults&filter=%2Fjobs%2Fqa-automation-engineer-jobs-in-united-kingdom",""
"QA Engineer - HYBRID","","","Reed","QA Automation Engineer","🔀 Hybrid | 📍 Brak lokalizacji","https://www.reed.co.uk/jobs/qa-engineer-hybrid/56957160?source=searchResults&filter=%2Fjobs%2Fqa-automation-engineer-jobs-in-united-kingdom",""
"QA Technician","","","Reed","QA Automation Engineer","🏢 Office | 📍 Brak lokalizacji","https://www.reed.co.uk/jobs/qa-technician/56978113?source=searchResults&filter=%2Fjobs%2Fqa-automation-engineer-jobs-in-united-kingdom",""
"Supplier Quality Engineer","","","Reed","QA Automation Engineer","🏢 Office | 📍 Brak lokalizacji","https://www.reed.co.uk/jobs/supplier-quality-engineer/56833289?source=searchResults&filter=%2Fjobs%2Fqa-automation-engineer-jobs-in-united-kingdom",""
"Senior C++ Developer (Hybrid, UK-Based)","","","Reed","QA Automation Engineer","🔀 Hybrid | 📍 Brak lokalizacji","https://www.reed.co.uk/jobs/senior-c-developer-hybrid-uk-based/56901919?source=searchResults&filter=%2Fjobs%2Fqa-automation-engineer-jobs-in-united-kingdom",""
"QA Test Analyst","","","Reed","Test Automation Engineer","🏢 Office | 📍 Brak lokalizacji","https://www.reed.co.uk/jobs/qa-test-analyst/56934432?source=searchResults&filter=%2Fjobs%2Ftest-automation-engineer-jobs-in-united-kingdom",""
"Software Test & Automation Engineer","","","Reed","Test Automation Engineer","🏢 Office | 📍 Brak lokalizacji","https://www.reed.co.uk/jobs/software-test-automation-engineer/56933953?source=searchResults&filter=%2Fjobs%2Ftest-automation-engineer-jobs-in-united-kingdom",""
"Automation Test Engineer","","","Reed","Test Automation Engineer","🏢 Office | 📍 Brak lokalizacji","https://www.reed.co.uk/jobs/automation-test-engineer/56991276?source=searchResults&filter=%2Fjobs%2Ftest-automation-engineer-jobs-in-united-kingdom",""
"QA Engineer - Manual testing web applications","","","Reed","Test Automation Engineer","🏢 Office | 📍 Brak lokalizacji","https://www.reed.co.uk/jobs/qa-engineer-manual-testing-web-applications/56933699?source=searchResults&filter=%2Fjobs%2Ftest-automation-engineer-jobs-in-united-kingdom",""
"Automation Test Engineer","","","Reed","Test Automation Engineer","🏢 Office | 📍 Brak lokalizacji","https://www.reed.co.uk/jobs/automation-test-engineer/56974255?source=searchResults&filter=%2Fjobs%2Ftest-automation-engineer-jobs-in-united-kingdom",""
"Test Engineer","","","Reed","Test Automation Engineer","🏢 Office | 📍 Brak lokalizacji","https://www.reed.co.uk/jobs/test-engineer/56955292?source=searchResults&filter=%2Fjobs%2Ftest-automation-engineer-jobs-in-united-kingdom",""
"PNT Test Engineer","","","Reed","Test Automation Engineer","🏢 Office | 📍 Brak lokalizacji","https://www.reed.co.uk/jobs/pnt-test-engineer/56985702?source=searchResults&filter=%2Fjobs%2Ftest-automation-engineer-jobs-in-united-kingdom",""
"Warehouse Automation Maintenance Engineer","","","Reed","Test Automation Engineer","🏢 Office | 📍 Brak lokalizacji","https://www.reed.co.uk/jobs/warehouse-automation-maintenance-engineer/56838652?source=searchResults&filter=%2Fjobs%2Ftest-automation-engineer-jobs-in-united-kingdom",""
"Automation Analyst","","","Reed","Test Automation Engineer","🏢 Office | 📍 Brak lokalizacji","https://www.reed.co.uk/jobs/automation-analyst/56880337?source=searchResults&filter=%2Fjobs%2Ftest-automation-engineer-jobs-in-united-kingdom",""
"Automation Engineer - Pharmaceutical","","","Reed","Test Automation Engineer","🏢 Office | 📍 Brak lokalizacji","https://www.reed.co.uk/jobs/automation-engineer-pharmaceutical/56888900?source=searchResults&filter=%2Fjobs%2Ftest-automation-engineer-jobs-in-united-kingdom",""
"Test Engineer - Active eDV Clearance","","","Reed","Test Automation Engineer","🏢 Office | 📍 Brak lokalizacji","https://www.reed.co.uk/jobs/test-engineer-active-edv-clearance/56950332?source=searchResults&filter=%2Fjobs%2Ftest-automation-engineer-jobs-in-united-kingdom",""
"Lead Automation Tester Engineer, C#, tyescript, Playwright","","","Reed","Test Automation Engineer","🏢 Office | 📍 Brak lokalizacji","https://www.reed.co.uk/jobs/lead-automation-tester-engineer-c-tyescript-playwright/56838448?source=searchResults&filter=%2Fjobs%2Ftest-automation-engineer-jobs-in-united-kingdom",""
"SOC Automation Engineer","","","Reed","Test Automation Engineer","🏢 Office | 📍 Brak lokalizacji","https://www.reed.co.uk/jobs/soc-automation-engineer/56917144?source=searchResults&filter=%2Fjobs%2Ftest-automation-engineer-jobs-in-united-kingdom",""
"Control and Automation Field Engineer","","","Reed","Test Automation Engineer","🏢 Office | 📍 Brak lokalizacji","https://www.reed.co.uk/jobs/control-and-automation-field-engineer/56913660?source=searchResults&filter=%2Fjobs%2Ftest-automation-engineer-jobs-in-united-kingdom",""
"DIG - Test & Acceptance Engineer","","","Reed","Test Automation Engineer","🏢 Office | 📍 Brak lokalizacji","https://www.reed.co.uk/jobs/dig-test-acceptance-engineer/56894195?source=searchResults&filter=%2Fjobs%2Ftest-automation-engineer-jobs-in-united-kingdom",""
"Software Test Engineer","","","Reed","Test Automation Engineer","🏢 Office | 📍 Brak lokalizacji","https://www.reed.co.uk/jobs/software-test-engineer/56840898?source=searchResults&filter=%2Fjobs%2Ftest-automation-engineer-jobs-in-united-kingdom",""
"Software Test Engineer","","","Reed","Test Automation Engineer","🏢 Office | 📍 Brak lokalizacji","https://www.reed.co.uk/jobs/software-test-engineer/56968171?source=searchResults&filter=%2Fjobs%2Ftest-automation-engineer-jobs-in-united-kingdom",""
"QA Automation Engineer","","","Reed","Test Automation Engineer","🏢 Office | 📍 Brak lokalizacji","https://www.reed.co.uk/jobs/qa-automation-engineer/56978781?source=searchResults&filter=%2Fjobs%2Ftest-automation-engineer-jobs-in-united-kingdom",""
"Junior Java developer - FTC - 3 Days a week onsite in Newcastle","","","Reed","Test Automation Engineer","🏢 Office | 📍 Brak lokalizacji","https://www.reed.co.uk/jobs/junior-java-developer-ftc-3-days-a-week-onsite-in-newcastle/56953271?source=searchResults&filter=%2Fjobs%2Ftest-automation-engineer-jobs-in-united-kingdom",""
"Software Development Engineer in Test","","","Reed","Test Automation Engineer","🏢 Office | 📍 Brak lokalizacji","https://www.reed.co.uk/jobs/software-development-engineer-in-test/56831121?source=searchResults&filter=%2Fjobs%2Ftest-automation-engineer-jobs-in-united-kingdom",""
"Electrical Test and Inspection Engineer","","","Reed","Test Automation Engineer","🏢 Office | 📍 Brak lokalizacji","https://www.reed.co.uk/jobs/electrical-test-and-inspection-engineer/56925201?source=searchResults&filter=%2Fjobs%2Ftest-automation-engineer-jobs-in-united-kingdom",""
"Test Engineer","","","Reed","Test Automation Engineer","🏢 Office | 📍 Brak lokalizacji","https://www.reed.co.uk/jobs/test-engineer/56933380?source=searchResults&filter=%2Fjobs%2Ftest-automation-engineer-jobs-in-united-kingdom",""
"Software Engineer In Test (SDET)","","","Reed","Test Automation Engineer","🏢 Office | 📍 Brak lokalizacji","https://www.reed.co.uk/jobs/software-engineer-in-test-sdet/56964010?source=searchResults&filter=%2Fjobs%2Ftest-automation-engineer-jobs-in-united-kingdom",""
"Lead Test Engineer – 12 month – SC Cleared – Manchester","","","Reed","Test Automation Engineer","🏢 Office | 📍 Brak lokalizacji","https://www.reed.co.uk/jobs/lead-test-engineer--12-month--sc-cleared--manchester/56876926?source=searchResults&filter=%2Fjobs%2Ftest-automation-engineer-jobs-in-united-kingdom",""
"Automation Project Engineer","","","Reed","Test Automation Engineer","🏢 Office | 📍 Brak lokalizacji","https://www.reed.co.uk/jobs/automation-project-engineer/56968085?source=searchResults&filter=%2Fjobs%2Ftest-automation-engineer-jobs-in-united-kingdom",""
"Principal SDET/SEIT","","","Reed","SDET","🏢 Office | 📍 Brak lokalizacji","https://www.reed.co.uk/jobs/principal-sdet-seit/56964006?source=searchResults&filter=%2Fjobs%2Fsdet-jobs-in-united-kingdom",""
"Software Engineer In Test (SDET)","","","Reed","SDET","🏢 Office | 📍 Brak lokalizacji","https://www.reed.co.uk/jobs/software-engineer-in-test-sdet/56964010?source=searchResults&filter=%2Fjobs%2Fsdet-jobs-in-united-kingdom",""
"Senior QA Tester","","","Reed","SDET","🏢 Office | 📍 Brak lokalizacji","https://www.reed.co.uk/jobs/senior-qa-tester/56917575?source=searchResults&filter=%2Fjobs%2Fsdet-jobs-in-united-kingdom",""
"QA Systems Application Specialist","","","Reed","SDET","🏢 Office | 📍 Brak lokalizacji","https://www.reed.co.uk/jobs/qa-systems-application-specialist/56931686?source=searchResults&filter=%2Fjobs%2Fsdet-jobs-in-united-kingdom",""
"SDR FPGA Engineer","","","Reed","SDET","🏢 Office | 📍 Brak lokalizacji","https://www.reed.co.uk/jobs/sdr-fpga-engineer/56893318?source=searchResults&filter=%2Fjobs%2Fsdet-jobs-in-united-kingdom",""
"Technical Delivery Lead - SDLC & Infrastructure","","","Reed","SDET","🏢 Office | 📍 Brak lokalizacji","https://www.reed.co.uk/jobs/technical-delivery-lead-sdlc-infrastructure/56830380?source=searchResults&filter=%2Fjobs%2Fsdet-jobs-in-united-kingdom",""
"SDR Manager","","","Reed","SDET","🏢 Office | 📍 Brak lokalizacji","https://www.reed.co.uk/jobs/sdr-manager/56919360?source=searchResults&filter=%2Fjobs%2Fsdet-jobs-in-united-kingdom",""
"SDR Manager","","","Reed","SDET","🏢 Office | 📍 Brak lokalizacji","https://www.reed.co.uk/jobs/sdr-manager/56861939?source=searchResults&filter=%2Fjobs%2Fsdet-jobs-in-united-kingdom",""
"QA Test Lead (CCH Tagetik)","","","Reed","SDET","🏢 Office | 📍 Brak lokalizacji","https://www.reed.co.uk/jobs/qa-test-lead-cch-tagetik/56957487?source=searchResults&filter=%2Fjobs%2Fsdet-jobs-in-united-kingdom",""
"SRE Technical Lead","","","Reed","SDET","🏢 Office | 📍 Brak lokalizacji","https://www.reed.co.uk/jobs/sre-technical-lead/56991911?source=searchResults&filter=%2Fjobs%2Fsdet-jobs-in-united-kingdom",""
"SDR Manager - Team of 8 - SAAS Fintech -Slough","","","Reed","SDET","🏢 Office | 📍 Brak lokalizacji","https://www.reed.co.uk/jobs/sdr-manager-team-of-8-saas-fintech-slough/56905611?source=searchResults&filter=%2Fjobs%2Fsdet-jobs-in-united-kingdom",""
"Senior QA Engineer","","","Reed","SDET","🏢 Office | 📍 Brak lokalizacji","https://www.reed.co.uk/jobs/senior-qa-engineer/56942815?source=searchResults&filter=%2Fjobs%2Fsdet-jobs-in-united-kingdom",""
"Senior QA Engineer","","","Reed","SDET","🏢 Office | 📍 Brak lokalizacji","https://www.reed.co.uk/jobs/senior-qa-engineer/56942822?source=searchResults&filter=%2Fjobs%2Fsdet-jobs-in-united-kingdom",""
"SDR Manager - Team of 8 - SAAS Fintech - London","","","Reed","SDET","🏢 Office | 📍 Brak lokalizacji","https://www.reed.co.uk/jobs/sdr-manager-team-of-8-saas-fintech-london/56898510?source=searchResults&filter=%2Fjobs%2Fsdet-jobs-in-united-kingdom",""
"SDR Manager - Team of 8 - SAAS Fintech","","","Reed","SDET","🏢 Office | 📍 Brak lokalizacji","https://www.reed.co.uk/jobs/sdr-manager-team-of-8-saas-fintech/56974917?source=searchResults&filter=%2Fjobs%2Fsdet-jobs-in-united-kingdom",""
"CREST Penetration Tester","","","Reed","SDET","🏢 Office | 📍 Brak lokalizacji","https://www.reed.co.uk/jobs/crest-penetration-tester/56872382?source=searchResults&filter=%2Fjobs%2Fsdet-jobs-in-united-kingdom",""
"QA Automation Engineer","","","Reed","SDET","🏢 Office | 📍 Brak lokalizacji","https://www.reed.co.uk/jobs/qa-automation-engineer/56978781?source=searchResults&filter=%2Fjobs%2Fsdet-jobs-in-united-kingdom",""
"Test Development Engineer","","","Reed","SDET","🏢 Office | 📍 Brak lokalizacji","https://www.reed.co.uk/jobs/test-development-engineer/56722326?source=searchResults&filter=%2Fjobs%2Fsdet-jobs-in-united-kingdom",""
"Test Engineer (SFIA 4)","","","Reed","SDET","🏢 Office | 📍 Brak lokalizacji","https://www.reed.co.uk/jobs/test-engineer-sfia-4/56929400?source=searchResults&filter=%2Fjobs%2Fsdet-jobs-in-united-kingdom",""
"Senior Penetration Tester","","","Reed","SDET","🏢 Office | 📍 Brak lokalizacji","https://www.reed.co.uk/jobs/senior-penetration-tester/56858032?source=searchResults&filter=%2Fjobs%2Fsdet-jobs-in-united-kingdom",""
"DevSecOps","","","Reed","SDET","🏢 Office | 📍 Brak lokalizacji","https://www.reed.co.uk/jobs/devsecops/56843240?source=searchResults&filter=%2Fjobs%2Fsdet-jobs-in-united-kingdom",""
"GCP QA Consultant (Contract)","","","Reed","SDET","🏢 Office | 📍 Brak lokalizacji","https://www.reed.co.uk/jobs/gcp-qa-consultant-contract/56950870?source=searchResults&filter=%2Fjobs%2Fsdet-jobs-in-united-kingdom",""
"SC Cleared Tester","","","Reed","SDET","🏢 Office | 📍 Brak lokalizacji","https://www.reed.co.uk/jobs/sc-cleared-tester/56852462?source=searchResults&filter=%2Fjobs%2Fsdet-jobs-in-united-kingdom",""
"SRE | Bristol | Cyber-tech Scale Up | £90-105k","","","Reed","SDET","🏢 Office | 📍 Brak lokalizacji","https://www.reed.co.uk/jobs/sre--bristol--cyber-tech-scale-up--90-105k/56886024?source=searchResults&filter=%2Fjobs%2Fsdet-jobs-in-united-kingdom",""
"Software QA Engineer","","","Reed","SDET","🏢 Office | 📍 Brak lokalizacji","https://www.reed.co.uk/jobs/software-qa-engineer/56947844?source=searchResults&filter=%2Fjobs%2Fsdet-jobs-in-united-kingdom",""
"Software Engineer In Test (SDET)","","","Reed","Software Engineer in Test","🏢 Office | 📍 Brak lokalizacji","https://www.reed.co.uk/jobs/software-engineer-in-test-sdet/56964010?source=searchResults&filter=%2Fjobs%2Fsoftware-engineer-in-test-jobs-in-united-kingdom",""
"Senior Test Software Engineer","","","Reed","Software Engineer in Test","🏢 Office | 📍 Brak lokalizacji","https://www.reed.co.uk/jobs/senior-test-software-engineer/56829834?source=searchResults&filter=%2Fjobs%2Fsoftware-engineer-in-test-jobs-in-united-kingdom",""
"Software Engineer / Senior QA & Test - DO-178C","","","Reed","Software Engineer in Test","🏢 Office | 📍 Brak lokalizacji","https://www.reed.co.uk/jobs/software-engineer-senior-qa-test-do-178c/56945855?source=searchResults&filter=%2Fjobs%2Fsoftware-engineer-in-test-jobs-in-united-kingdom",""
"Software Development Engineer in Test","","","Reed","Software Engineer in Test","🏢 Office | 📍 Brak lokalizacji","https://www.reed.co.uk/jobs/software-development-engineer-in-test/56831121?source=searchResults&filter=%2Fjobs%2Fsoftware-engineer-in-test-jobs-in-united-kingdom",""
"QA Engineer - Manual testing web applications","","","Reed","Software Engineer in Test","🏢 Office | 📍 Brak lokalizacji","https://www.reed.co.uk/jobs/qa-engineer-manual-testing-web-applications/56933699?source=searchResults&filter=%2Fjobs%2Fsoftware-engineer-in-test-jobs-in-united-kingdom",""
"Application Software Engineer","","","Reed","Software Engineer in Test","🏢 Office | 📍 Brak lokalizacji","https://www.reed.co.uk/jobs/application-software-engineer/56978825?source=searchResults&filter=%2Fjobs%2Fsoftware-engineer-in-test-jobs-in-united-kingdom",""
"ADA Software Engineer","","","Reed","Software Engineer in Test","🏢 Office | 📍 Brak lokalizacji","https://www.reed.co.uk/jobs/ada-software-engineer/56861138?source=searchResults&filter=%2Fjobs%2Fsoftware-engineer-in-test-jobs-in-united-kingdom",""
"Software Applications Engineer","","","Reed","Software Engineer in Test","🏢 Office | 📍 Brak lokalizacji","https://www.reed.co.uk/jobs/software-applications-engineer/56852363?source=searchResults&filter=%2Fjobs%2Fsoftware-engineer-in-test-jobs-in-united-kingdom",""
"Full Stack Software Engineer","","","Reed","Software Engineer in Test","🏢 Office | 📍 Brak lokalizacji","https://www.reed.co.uk/jobs/full-stack-software-engineer/56952995?source=searchResults&filter=%2Fjobs%2Fsoftware-engineer-in-test-jobs-in-united-kingdom",""
"Senior Software Engineer","","","Reed","Software Engineer in Test","🏢 Office | 📍 Brak lokalizacji","https://www.reed.co.uk/jobs/senior-software-engineer/56867019?source=searchResults&filter=%2Fjobs%2Fsoftware-engineer-in-test-jobs-in-united-kingdom",""
"Senior Software Developer","","","Reed","Software Engineer in Test","🏢 Office | 📍 Brak lokalizacji","https://www.reed.co.uk/jobs/senior-software-developer/56904263?source=searchResults&filter=%2Fjobs%2Fsoftware-engineer-in-test-jobs-in-united-kingdom",""
"Senior Software Engineer","","","Reed","Software Engineer in Test","🏢 Office | 📍 Brak lokalizacji","https://www.reed.co.uk/jobs/senior-software-engineer/56864801?source=searchResults&filter=%2Fjobs%2Fsoftware-engineer-in-test-jobs-in-united-kingdom",""
"Principal Software Engineer","","","Reed","Software Engineer in Test","🏢 Office | 📍 Brak lokalizacji","https://www.reed.co.uk/jobs/principal-software-engineer/56913241?source=searchResults&filter=%2Fjobs%2Fsoftware-engineer-in-test-jobs-in-united-kingdom",""
"Graduate Software Engineer","","","Reed","Software Engineer in Test","🏢 Office | 📍 Brak lokalizacji","https://www.reed.co.uk/jobs/graduate-software-engineer/56933725?source=searchResults&filter=%2Fjobs%2Fsoftware-engineer-in-test-jobs-in-united-kingdom",""
"Electronics Project Engineer","","","Reed","Software Engineer in Test","🏢 Office | 📍 Brak lokalizacji","https://www.reed.co.uk/jobs/electronics-project-engineer/56832555?source=searchResults&filter=%2Fjobs%2Fsoftware-engineer-in-test-jobs-in-united-kingdom",""
"Embedded Software Engineer","","","Reed","Software Engineer in Test","🏢 Office | 📍 Brak lokalizacji","https://www.reed.co.uk/jobs/embedded-software-engineer/56951387?source=searchResults&filter=%2Fjobs%2Fsoftware-engineer-in-test-jobs-in-united-kingdom",""
"Chief Software Architect","","","Reed","Software Engineer in Test","🏢 Office | 📍 Brak lokalizacji","https://www.reed.co.uk/jobs/chief-software-architect/56976824?source=searchResults&filter=%2Fjobs%2Fsoftware-engineer-in-test-jobs-in-united-kingdom",""
"Lead Software Engineer","","","Reed","Software Engineer in Test","🏢 Office | 📍 Brak lokalizacji","https://www.reed.co.uk/jobs/lead-software-engineer/56969653?source=searchResults&filter=%2Fjobs%2Fsoftware-engineer-in-test-jobs-in-united-kingdom",""
"Software Developer Apprentice","","","Reed","Software Engineer in Test","🏢 Office | 📍 Brak lokalizacji","https://www.reed.co.uk/jobs/software-developer-apprentice/56964161?source=searchResults&filter=%2Fjobs%2Fsoftware-engineer-in-test-jobs-in-united-kingdom",""
"Software Engineer","","","Reed","Software Engineer in Test","🏢 Office | 📍 Brak lokalizacji","https://www.reed.co.uk/jobs/software-engineer/56979025?source=searchResults&filter=%2Fjobs%2Fsoftware-engineer-in-test-jobs-in-united-kingdom",""
"Software Engineer","","","Reed","Software Engineer in Test","🏢 Office | 📍 Brak lokalizacji","https://www.reed.co.uk/jobs/software-engineer/56867830?source=searchResults&filter=%2Fjobs%2Fsoftware-engineer-in-test-jobs-in-united-kingdom",""
"Software Engineer","","","Reed","Software Engineer in Test","🏢 Office | 📍 Brak lokalizacji","https://www.reed.co.uk/jobs/software-engineer/56829515?source=searchResults&filter=%2Fjobs%2Fsoftware-engineer-in-test-jobs-in-united-kingdom",""
"Software Engineer","","","Reed","Software Engineer in Test","🏢 Office | 📍 Brak lokalizacji","https://www.reed.co.uk/jobs/software-engineer/56976732?source=searchResults&filter=%2Fjobs%2Fsoftware-engineer-in-test-jobs-in-united-kingdom",""
"Mechanical Engineer","","","Reed","Software Engineer in Test","🏢 Office | 📍 Brak lokalizacji","https://www.reed.co.uk/jobs/mechanical-engineer/56817766?source=searchResults&filter=%2Fjobs%2Fsoftware-engineer-in-test-jobs-in-united-kingdom",""
"Software Engineer","","","Reed","Software Engineer in Test","🏢 Office | 📍 Brak lokalizacji","https://www.reed.co.uk/jobs/software-engineer/56917736?source=searchResults&filter=%2Fjobs%2Fsoftware-engineer-in-test-jobs-in-united-kingdom",""
"Test Engineer","","","Reed","Test Engineer","🏢 Office | 📍 Brak lokalizacji","https://www.reed.co.uk/jobs/test-engineer/56955292?source=searchResults&filter=%2Fjobs%2Ftest-engineer-jobs-in-united-kingdom",""
"PNT Test Engineer","","","Reed","Test Engineer","🏢 Office | 📍 Brak lokalizacji","https://www.reed.co.uk/jobs/pnt-test-engineer/56985702?source=searchResults&filter=%2Fjobs%2Ftest-engineer-jobs-in-united-kingdom",""
"Test Engineer","","","Reed","Test Engineer","🏢 Office | 📍 Brak lokalizacji","https://www.reed.co.uk/jobs/test-engineer/56978876?source=searchResults&filter=%2Fjobs%2Ftest-engineer-jobs-in-united-kingdom",""
"Test Engineer","","","Reed","Test Engineer","🏢 Office | 📍 Brak lokalizacji","https://www.reed.co.uk/jobs/test-engineer/56852380?source=searchResults&filter=%2Fjobs%2Ftest-engineer-jobs-in-united-kingdom",""
"Test Engineer","","","Reed","Test Engineer","🏢 Office | 📍 Brak lokalizacji","https://www.reed.co.uk/jobs/test-engineer/56990525?source=searchResults&filter=%2Fjobs%2Ftest-engineer-jobs-in-united-kingdom",""
"Test Engineer","","","Reed","Test Engineer","🏢 Office | 📍 Brak lokalizacji","https://www.reed.co.uk/jobs/test-engineer/56837052?source=searchResults&filter=%2Fjobs%2Ftest-engineer-jobs-in-united-kingdom",""
"Test Engineer","","","Reed","Test Engineer","🏢 Office | 📍 Brak lokalizacji","https://www.reed.co.uk/jobs/test-engineer/56955554?source=searchResults&filter=%2Fjobs%2Ftest-engineer-jobs-in-united-kingdom",""
"Test Engineer","","","Reed","Test Engineer","🏢 Office | 📍 Brak lokalizacji","https://www.reed.co.uk/jobs/test-engineer/56933380?source=searchResults&filter=%2Fjobs%2Ftest-engineer-jobs-in-united-kingdom",""
"Test Engineer","","","Reed","Test Engineer","🏢 Office | 📍 Brak lokalizacji","https://www.reed.co.uk/jobs/test-engineer/56960933?source=searchResults&filter=%2Fjobs%2Ftest-engineer-jobs-in-united-kingdom",""
"Test Engineer","","","Reed","Test Engineer","🏢 Office | 📍 Brak lokalizacji","https://www.reed.co.uk/jobs/test-engineer/56868490?source=searchResults&filter=%2Fjobs%2Ftest-engineer-jobs-in-united-kingdom",""
"Electrical Test and Inspection Engineer","","","Reed","Test Engineer","🏢 Office | 📍 Brak lokalizacji","https://www.reed.co.uk/jobs/electrical-test-and-inspection-engineer/56925201?source=searchResults&filter=%2Fjobs%2Ftest-engineer-jobs-in-united-kingdom",""
"Production Test Engineer","","","Reed","Test Engineer","🏢 Office | 📍 Brak lokalizacji","https://www.reed.co.uk/jobs/production-test-engineer/56952930?source=searchResults&filter=%2Fjobs%2Ftest-engineer-jobs-in-united-kingdom",""
"Software Test Engineer","","","Reed","Test Engineer","🏢 Office | 📍 Brak lokalizacji","https://www.reed.co.uk/jobs/software-test-engineer/56840898?source=searchResults&filter=%2Fjobs%2Ftest-engineer-jobs-in-united-kingdom",""
"Software Test Engineer","","","Reed","Test Engineer","🏢 Office | 📍 Brak lokalizacji","https://www.reed.co.uk/jobs/software-test-engineer/56968171?source=searchResults&filter=%2Fjobs%2Ftest-engineer-jobs-in-united-kingdom",""
"EDS Test Engineer","","","Reed","Test Engineer","🏢 Office | 📍 Brak lokalizacji","https://www.reed.co.uk/jobs/eds-test-engineer/56904583?source=searchResults&filter=%2Fjobs%2Ftest-engineer-jobs-in-united-kingdom",""
"Software Test Engineer","","","Reed","Test Engineer","🏢 Office | 📍 Brak lokalizacji","https://www.reed.co.uk/jobs/software-test-engineer/56892387?source=searchResults&filter=%2Fjobs%2Ftest-engineer-jobs-in-united-kingdom",""
"Electronic Test Engineer","","","Reed","Test Engineer","🏢 Office | 📍 Brak lokalizacji","https://www.reed.co.uk/jobs/electronic-test-engineer/56914050?source=searchResults&filter=%2Fjobs%2Ftest-engineer-jobs-in-united-kingdom",""
"Manufacturing Test Engineer","","","Reed","Test Engineer","🏢 Office | 📍 Brak lokalizacji","https://www.reed.co.uk/jobs/manufacturing-test-engineer/56722191?source=searchResults&filter=%2Fjobs%2Ftest-engineer-jobs-in-united-kingdom",""
"Automation Test Engineer","","","Reed","Test Engineer","🏢 Office | 📍 Brak lokalizacji","https://www.reed.co.uk/jobs/automation-test-engineer/56991276?source=searchResults&filter=%2Fjobs%2Ftest-engineer-jobs-in-united-kingdom",""
"Electronic Test Engineer","","","Reed","Test Engineer","🏢 Office | 📍 Brak lokalizacji","https://www.reed.co.uk/jobs/electronic-test-engineer/56831561?source=searchResults&filter=%2Fjobs%2Ftest-engineer-jobs-in-united-kingdom",""
"Electronics Test Engineer","","","Reed","Test Engineer","🏢 Office | 📍 Brak lokalizacji","https://www.reed.co.uk/jobs/electronics-test-engineer/56897817?source=searchResults&filter=%2Fjobs%2Ftest-engineer-jobs-in-united-kingdom",""
"Transducer Test Engineer","","","Reed","Test Engineer","🏢 Office | 📍 Brak lokalizacji","https://www.reed.co.uk/jobs/transducer-test-engineer/56950306?source=searchResults&filter=%2Fjobs%2Ftest-engineer-jobs-in-united-kingdom",""
"Electronics Test Engineer","","","Reed","Test Engineer","🏢 Office | 📍 Brak lokalizacji","https://www.reed.co.uk/jobs/electronics-test-engineer/56864741?source=searchResults&filter=%2Fjobs%2Ftest-engineer-jobs-in-united-kingdom",""
"Salesforce Test Engineer","","","Reed","Test Engineer","🏢 Office | 📍 Brak lokalizacji","https://www.reed.co.uk/jobs/salesforce-test-engineer/56871152?source=searchResults&filter=%2Fjobs%2Ftest-engineer-jobs-in-united-kingdom",""
"Production Test Engineer","","","Reed","Test Engineer","🏢 Office | 📍 Brak lokalizacji","https://www.reed.co.uk/jobs/production-test-engineer/56843403?source=searchResults&filter=%2Fjobs%2Ftest-engineer-jobs-in-united-kingdom",""
"QA Lead","","","Reed","QA Lead","🏢 Office | 📍 Brak lokalizacji","https://www.reed.co.uk/jobs/qa-lead/56952165?source=searchResults&filter=%2Fjobs%2Fqa-lead-jobs-in-united-kingdom",""
"QA/QA Lead-Food Sector","","","Reed","QA Lead","🏢 Office | 📍 Brak lokalizacji","https://www.reed.co.uk/jobs/qa-qa-lead-food-sector/56952387?source=searchResults&filter=%2Fjobs%2Fqa-lead-jobs-in-united-kingdom",""
"QA Team Lead","","","Reed","QA Lead","🏢 Office | 📍 Brak lokalizacji","https://www.reed.co.uk/jobs/qa-team-lead/56981332?source=searchResults&filter=%2Fjobs%2Fqa-lead-jobs-in-united-kingdom",""
"Software QA Lead","","","Reed","QA Lead","🏢 Office | 📍 Brak lokalizacji","https://www.reed.co.uk/jobs/software-qa-lead/56848224?source=searchResults&filter=%2Fjobs%2Fqa-lead-jobs-in-united-kingdom",""
"Data QA Lead","","","Reed","QA Lead","🏢 Office | 📍 Brak lokalizacji","https://www.reed.co.uk/jobs/data-qa-lead/56694668?source=searchResults&filter=%2Fjobs%2Fqa-lead-jobs-in-united-kingdom",""
"QA Test Lead (CCH Tagetik)","","","Reed","QA Lead","🏢 Office | 📍 Brak lokalizacji","https://www.reed.co.uk/jobs/qa-test-lead-cch-tagetik/56957487?source=searchResults&filter=%2Fjobs%2Fqa-lead-jobs-in-united-kingdom",""
"Quality Assurance Process Lead","","","Reed","QA Lead","🏢 Office | 📍 Brak lokalizacji","https://www.reed.co.uk/jobs/quality-assurance-process-lead/56994123?source=searchResults&filter=%2Fjobs%2Fqa-lead-jobs-in-united-kingdom",""
"Quality Assurance Process Lead","","","Reed","QA Lead","🏢 Office | 📍 Brak lokalizacji","https://www.reed.co.uk/jobs/quality-assurance-process-lead/56994132?source=searchResults&filter=%2Fjobs%2Fqa-lead-jobs-in-united-kingdom",""
"Quality Assurance Process Lead","","","Reed","QA Lead","🏢 Office | 📍 Brak lokalizacji","https://www.reed.co.uk/jobs/quality-assurance-process-lead/56994128?source=searchResults&filter=%2Fjobs%2Fqa-lead-jobs-in-united-kingdom",""
"Quality Assurance Process Lead","","","Reed","QA Lead","🏢 Office | 📍 Brak lokalizacji","https://www.reed.co.uk/jobs/quality-assurance-process-lead/56994085?source=searchResults&filter=%2Fjobs%2Fqa-lead-jobs-in-united-kingdom",""
"Lead QA Engineer","","","Reed","QA Lead","🏢 Office | 📍 Brak lokalizacji","https://www.reed.co.uk/jobs/lead-qa-engineer/56967072?source=searchResults&filter=%2Fjobs%2Fqa-lead-jobs-in-united-kingdom",""
"Quality Lead","","","Reed","QA Lead","🏢 Office | 📍 Brak lokalizacji","https://www.reed.co.uk/jobs/quality-lead/56988525?source=searchResults&filter=%2Fjobs%2Fqa-lead-jobs-in-united-kingdom",""
"QA Systems Application Specialist","","","Reed","QA Lead","🏢 Office | 📍 Brak lokalizacji","https://www.reed.co.uk/jobs/qa-systems-application-specialist/56931686?source=searchResults&filter=%2Fjobs%2Fqa-lead-jobs-in-united-kingdom",""
"Senior QA Officer - Operations (18-month Fixed Term)","","","Reed","QA Lead","🏢 Office | 📍 Brak lokalizacji","https://www.reed.co.uk/jobs/senior-qa-officer-operations-18-month-fixed-term/56947470?source=searchResults&filter=%2Fjobs%2Fqa-lead-jobs-in-united-kingdom",""
"Quality Audit Manager","","","Reed","QA Lead","🏢 Office | 📍 Brak lokalizacji","https://www.reed.co.uk/jobs/quality-audit-manager/56985760?source=searchResults&filter=%2Fjobs%2Fqa-lead-jobs-in-united-kingdom",""
"Quality Manager","","","Reed","QA Lead","🏢 Office | 📍 Brak lokalizacji","https://www.reed.co.uk/jobs/quality-manager/56936013?source=searchResults&filter=%2Fjobs%2Fqa-lead-jobs-in-united-kingdom",""
"Technical and Quality Manager","","","Reed","QA Lead","🏢 Office | 📍 Brak lokalizacji","https://www.reed.co.uk/jobs/technical-and-quality-manager/56987136?source=searchResults&filter=%2Fjobs%2Fqa-lead-jobs-in-united-kingdom",""
"Lead Internal Quality Assurer","","","Reed","QA Lead","🏢 Office | 📍 Brak lokalizacji","https://www.reed.co.uk/jobs/lead-internal-quality-assurer/56852440?source=searchResults&filter=%2Fjobs%2Fqa-lead-jobs-in-united-kingdom",""
"Lead AI Red Teaming & QA Engineer","","","Reed","QA Lead","🏢 Office | 📍 Brak lokalizacji","https://www.reed.co.uk/jobs/lead-ai-red-teaming-qa-engineer/56912145?source=searchResults&filter=%2Fjobs%2Fqa-lead-jobs-in-united-kingdom",""
"QA Engineer - Manual testing web applications","","","Reed","QA Lead","🏢 Office | 📍 Brak lokalizacji","https://www.reed.co.uk/jobs/qa-engineer-manual-testing-web-applications/56933699?source=searchResults&filter=%2Fjobs%2Fqa-lead-jobs-in-united-kingdom",""
"Quality Assurance Supervisor","","","Reed","QA Lead","🏢 Office | 📍 Brak lokalizacji","https://www.reed.co.uk/jobs/quality-assurance-supervisor/56951839?source=searchResults&filter=%2Fjobs%2Fqa-lead-jobs-in-united-kingdom",""
"Quality Assurance Analyst","","","Reed","QA Lead","🏢 Office | 📍 Brak lokalizacji","https://www.reed.co.uk/jobs/quality-assurance-analyst/56711570?source=searchResults&filter=%2Fjobs%2Fqa-lead-jobs-in-united-kingdom",""
"Financial Crime QA Manager (Hybrid 3 days per week in Central London)","","","Reed","QA Lead","🔀 Hybrid | 📍 Brak lokalizacji","https://www.reed.co.uk/jobs/financial-crime-qa-manager-hybrid-3-days-per-week-in-central-london/56929738?source=searchResults&filter=%2Fjobs%2Fqa-lead-jobs-in-united-kingdom",""
"Quality Assurance Manager","","","Reed","QA Lead","🏢 Office | 📍 Brak lokalizacji","https://www.reed.co.uk/jobs/quality-assurance-manager/56943507?source=searchResults&filter=%2Fjobs%2Fqa-lead-jobs-in-united-kingdom",""
"Quality Assurance Specialist","","","Reed","QA Lead","🏢 Office | 📍 Brak lokalizacji","https://www.reed.co.uk/jobs/quality-assurance-specialist/56843359?source=searchResults&filter=%2Fjobs%2Fqa-lead-jobs-in-united-kingdom",""
"Principal Developer","Rebel Recruitment Limited","Birmingham, West Midlands","Adzuna (TotalJobs+)","Software QA Engineer","🏢 Office | 🚗 1h 44min | 🚌 ~2h 25min","https://www.adzuna.co.uk/jobs/details/5752982086?utm_medium=api&utm_source=fec81443","2026-06-05"
"Senior Machine Learning Test Engineer United Kingdom","Autodesk","Sheffield, South Yorkshire","Adzuna (TotalJobs+)","Software QA Engineer","🏢 Office | 🚗 2h 9min ❌ | 🚌 ~3h 1min 💾","https://www.adzuna.co.uk/jobs/details/5751291321?utm_medium=api&utm_source=fec81443","2026-06-04"
"Senior Machine Learning Test Engineer United Kingdom","Autodesk","Birmingham, West Midlands","Adzuna (TotalJobs+)","Software QA Engineer","🏢 Office | 🚗 1h 37min | 🚌 ~2h 16min 💾","https://www.adzuna.co.uk/jobs/details/5751291313?utm_medium=api&utm_source=fec81443","2026-06-04"
"Senior Machine Learning Test Engineer United Kingdom","Autodesk","UK","Adzuna (TotalJobs+)","Software QA Engineer","🏢 Office | 📍 Brak lokalizacji","https://www.adzuna.co.uk/jobs/details/5751291300?utm_medium=api&utm_source=fec81443","2026-06-04"
"Software QA Engineer","Halliburton","UK","Adzuna (TotalJobs+)","Software QA Engineer","🏢 Office | 📍 Brak lokalizacji","https://www.adzuna.co.uk/jobs/details/5750412387?utm_medium=api&utm_source=fec81443","2026-06-03"
"Senior Gameplay Programmer","Cloud Imperium Games Limited","Manchester, Greater Manchester","Adzuna (TotalJobs+)","Software QA Engineer","🏢 Office | 🚗 1h 20min | 🚌 ~2h 24min 💾","https://www.adzuna.co.uk/jobs/details/5750340926?utm_medium=api&utm_source=fec81443","2026-06-03"
"Software Delivery Manager","SThree UK","East Midlands, UK","Adzuna (TotalJobs+)","Software QA Engineer","🏢 Office | 🚗 1h 35min | 🚌 ~2h 13min 💾","https://www.adzuna.co.uk/jobs/details/5744679934?utm_medium=api&utm_source=fec81443","2026-05-29"
"Software Delivery Manager","Computer Futures","East Midlands, UK","Adzuna (TotalJobs+)","Software QA Engineer","🏢 Office | 🚗 1h 35min | 🚌 ~2h 13min","https://www.adzuna.co.uk/jobs/land/ad/5744640102?se=ePzsYCNj8RGTyc16BXlIog&utm_medium=api&utm_source=fec81443&v=0CF016F44183EFB169089D137DCBAE352ABD33A1","2026-05-29"
"Application Analyst - 12month FTC","Rightmove Careers","Milton Keynes, Buckinghamshire","Adzuna (TotalJobs+)","Software QA Engineer","🏢 Office | 🚗 2h 36min ❌ | 🚌 ~3h 39min 💾","https://www.adzuna.co.uk/jobs/details/5744466518?utm_medium=api&utm_source=fec81443","2026-05-29"
"Dynamics 365 CE Developer (Power Platform & CRM)",". CGI IT UK Limited","UK","Adzuna (TotalJobs+)","Software QA Engineer","🏢 Office | 📍 Brak lokalizacji","https://www.adzuna.co.uk/jobs/details/5743990535?utm_medium=api&utm_source=fec81443","2026-05-28"
"QA Automation / SDET Engineer","Pro Contract Jobs Ltd","Birmingham, West Midlands","Adzuna (TotalJobs+)","Software QA Engineer","🏢 Office | 🚗 1h 42min | 🚌 ~2h 23min 💾","https://www.adzuna.co.uk/jobs/details/5743673714?utm_medium=api&utm_source=fec81443","2026-05-28"
"Simulation Engineer","Frontier Resourcing Ltd","UK","Adzuna (TotalJobs+)","Software QA Engineer","🏢 Office | 📍 Brak lokalizacji","https://www.adzuna.co.uk/jobs/land/ad/5742314490?se=ePzsYCNj8RGTyc16BXlIog&utm_medium=api&utm_source=fec81443&v=958454C73AFEB669B0C238415E66A5CABC337714","2026-05-27"
"Software Engineer / Senior QA & Test - DO-178C","DCS Recruitment","Oxfordshire, South East England","Adzuna (TotalJobs+)","Software QA Engineer","🏢 Office | 🚗 2h 48min ❌ | 🚌 ~3h 55min","https://www.adzuna.co.uk/jobs/land/ad/5742298253?se=ePzsYCNj8RGTyc16BXlIog&utm_medium=api&utm_source=fec81443&v=B84FEDAC1923E0FBCAAE14B04905D32D007EEE92","2026-05-27"
"QA Automation / SDET Engineer","Syntax Consultancy Ltd","Balsall Heath, Birmingham","Adzuna (TotalJobs+)","Software QA Engineer","🏢 Office | 🚗 1h 51min | 🚌 ~2h 35min","https://www.adzuna.co.uk/jobs/land/ad/5740349601?se=ePzsYCNj8RGTyc16BXlIog&utm_medium=api&utm_source=fec81443&v=A0514047D200C1EA08A8FDE8CEAB39C3FCEE213A","2026-05-25"
"Senior Software Engineer (ML QA)","Graphcore","Bristol, South West England","Adzuna (TotalJobs+)","Software QA Engineer","🏢 Office | 🚗 1h 52min | 🚌 ~2h 37min 💾","https://www.adzuna.co.uk/jobs/details/5739766551?utm_medium=api&utm_source=fec81443","2026-05-24"
"QA / Test Engineer - eSC / DV cleared",". Investigo","UK","Adzuna (TotalJobs+)","Software QA Engineer","🏢 Office | 📍 Brak lokalizacji","https://www.adzuna.co.uk/jobs/details/5735631290?utm_medium=api&utm_source=fec81443","2026-05-20"
"QA Automation / SDET Engineer","Syntax Consultancy Ltd","Balsall Heath, Birmingham","Adzuna (TotalJobs+)","Software QA Automation Engineer","🏢 Office | 🚗 1h 51min | 🚌 ~2h 35min","https://www.adzuna.co.uk/jobs/land/ad/5740349601?se=Vgh7YSNj8RGH16mVVSjV_A&utm_medium=api&utm_source=fec81443&v=A0514047D200C1EA08A8FDE8CEAB39C3FCEE213A","2026-05-25"
"Senior Delivery Manager","Informed Solutions","Holbeck, Leeds","Adzuna (TotalJobs+)","Software QA Automation Engineer","🏢 Office | 🚗 1h 52min | 🚌 ~2h 37min 💾","https://www.adzuna.co.uk/jobs/details/5733143777?utm_medium=api&utm_source=fec81443","2026-05-18"
"Senior Delivery Manager","Informed Solutions","Altrincham, Greater Manchester","Adzuna (TotalJobs+)","Software QA Automation Engineer","🏢 Office | 🚗 1h 3min | 🚌 ~1h 54min 💾","https://www.adzuna.co.uk/jobs/details/5457262885?utm_medium=api&utm_source=fec81443","2025-10-21"
"Senior NDT Inspector - UT 3.7 (Days or Nights)","Employment Solutions Limited","Thirsk, North Yorkshire","Adzuna (TotalJobs+)","Testing Lead","🏢 Office | 🚗 2h 32min ❌ | 🚌 ~3h 33min","https://www.adzuna.co.uk/jobs/land/ad/5756070534?se=gtiwYSNj8RGHk5mrcEw0_Q&utm_medium=api&utm_source=fec81443&v=86AC0815883C50DD981BA5B7A66553B14D953FA6","2026-06-08"
"Customer Journey Manager","Capital One UK","Sneinton, Nottingham","Adzuna (TotalJobs+)","Testing Lead","🏢 Office | 🚗 2h 15min ❌ | 🚌 ~3h 9min","https://www.adzuna.co.uk/jobs/details/5756054658?utm_medium=api&utm_source=fec81443","2026-06-08"
"Customer Journey Manager","Capital One UK","Harlow Wood, Mansfield","Adzuna (TotalJobs+)","Testing Lead","🏢 Office | 🚗 2h 19min ❌ | 🚌 ~3h 14min","https://www.adzuna.co.uk/jobs/details/5756054637?utm_medium=api&utm_source=fec81443","2026-06-08"
"Customer Journey Manager","Capital One UK","Belgrave, Leicester","Adzuna (TotalJobs+)","Testing Lead","🏢 Office | 🚗 2h 19min ❌ | 🚌 ~3h 14min","https://www.adzuna.co.uk/jobs/details/5756054544?utm_medium=api&utm_source=fec81443","2026-06-08"
"Customer Journey Manager","Capital One UK","Spondon, Derby","Adzuna (TotalJobs+)","Testing Lead","🏢 Office | 🚗 1h 54min | 🚌 ~2h 39min","https://www.adzuna.co.uk/jobs/details/5756054516?utm_medium=api&utm_source=fec81443","2026-06-08"
"Customer Outcome Manager","Capital One UK","Woodthorpe, Loughborough","Adzuna (TotalJobs+)","Testing Lead","🏢 Office | 🚗 2h 10min ❌ | 🚌 ~3h 2min","https://www.adzuna.co.uk/jobs/details/5756054496?utm_medium=api&utm_source=fec81443","2026-06-08"
"Customer Outcome Manager","Capital One UK","Belgrave, Leicester","Adzuna (TotalJobs+)","Testing Lead","🏢 Office | 🚗 2h 19min ❌ | 🚌 ~3h 14min","https://www.adzuna.co.uk/jobs/details/5756054120?utm_medium=api&utm_source=fec81443","2026-06-08"
"Customer Outcome Manager","Capital One UK","Spondon, Derby","Adzuna (TotalJobs+)","Testing Lead","🏢 Office | 🚗 1h 54min | 🚌 ~2h 39min","https://www.adzuna.co.uk/jobs/details/5756054125?utm_medium=api&utm_source=fec81443","2026-06-08"
"Customer Operations Manager","Capital One UK","Harlow Wood, Mansfield","Adzuna (TotalJobs+)","Testing Lead","🏢 Office | 🚗 2h 19min ❌ | 🚌 ~3h 14min","https://www.adzuna.co.uk/jobs/details/5756054011?utm_medium=api&utm_source=fec81443","2026-06-08"
"Customer Operations Manager","Capital One UK","Sneinton, Nottingham","Adzuna (TotalJobs+)","Testing Lead","🏢 Office | 🚗 2h 15min ❌ | 🚌 ~3h 9min","https://www.adzuna.co.uk/jobs/details/5756054043?utm_medium=api&utm_source=fec81443","2026-06-08"
"Customer Journey Manager","Capital One UK","Woodthorpe, Loughborough","Adzuna (TotalJobs+)","Testing Lead","🏢 Office | 🚗 2h 10min ❌ | 🚌 ~3h 2min","https://www.adzuna.co.uk/jobs/details/5756053978?utm_medium=api&utm_source=fec81443","2026-06-08"
"Lead Systems Engineer","White Raven Resourcing Ltd","Garden City, Deeside","Adzuna (TotalJobs+)","Testing Lead","🏢 Office | 🚗 32min | 🚌 ~58min","https://www.adzuna.co.uk/jobs/details/5755965603?utm_medium=api&utm_source=fec81443","2026-06-08"
"Customer Journey Manager","Capital One UK","Belgrave, Leicester","Adzuna (TotalJobs+)","Testing Lead","🏢 Office | 🚗 2h 19min ❌ | 🚌 ~3h 14min","https://www.adzuna.co.uk/jobs/land/ad/5755912897?se=gtiwYSNj8RGHk5mrcEw0_Q&utm_medium=api&utm_source=fec81443&v=8A2F05F1950EA6EDEB2AF55B0EC66CFFE76B1FB4","2026-06-08"
"Customer Outcome Manager","Capital One UK","Belgrave, Leicester","Adzuna (TotalJobs+)","Testing Lead","🏢 Office | 🚗 2h 19min ❌ | 🚌 ~3h 14min","https://www.adzuna.co.uk/jobs/land/ad/5755912927?se=gtiwYSNj8RGHk5mrcEw0_Q&utm_medium=api&utm_source=fec81443&v=9780BC2D7C14538F98684EB9995CB5B741E6B4EC","2026-06-08"
"Customer Journey Manager","Capital One UK","Woodthorpe, Loughborough","Adzuna (TotalJobs+)","Testing Lead","🏢 Office | 🚗 2h 10min ❌ | 🚌 ~3h 2min","https://www.adzuna.co.uk/jobs/land/ad/5755912912?se=gtiwYSNj8RGHk5mrcEw0_Q&utm_medium=api&utm_source=fec81443&v=8E623F32C78FF09D90764A0181ABB1E30B604D8E","2026-06-08"
"Customer Journey Manager","Capital One UK","Harlow Wood, Mansfield","Adzuna (TotalJobs+)","Testing Lead","🏢 Office | 🚗 2h 19min ❌ | 🚌 ~3h 14min","https://www.adzuna.co.uk/jobs/land/ad/5755912895?se=gtiwYSNj8RGHk5mrcEw0_Q&utm_medium=api&utm_source=fec81443&v=EAD15F8EE44B97DC2C0EF517770E8F9C982D6954","2026-06-08"
"Customer Operations Manager","Capital One UK","Woodthorpe, Loughborough","Adzuna (TotalJobs+)","Testing Lead","🏢 Office | 🚗 2h 10min ❌ | 🚌 ~3h 2min","https://www.adzuna.co.uk/jobs/land/ad/5755912935?se=gtiwYSNj8RGHk5mrcEw0_Q&utm_medium=api&utm_source=fec81443&v=625EBC8E45A6280BF435BC69E58F72B19DAB9E26","2026-06-08"
"Customer Journey Manager","Capital One UK","Spondon, Derby","Adzuna (TotalJobs+)","Testing Lead","🏢 Office | 🚗 1h 54min | 🚌 ~2h 39min","https://www.adzuna.co.uk/jobs/land/ad/5755912900?se=gtiwYSNj8RGHk5mrcEw0_Q&utm_medium=api&utm_source=fec81443&v=F0AC1CC178FEEA288FC90CE0080183A437422F52","2026-06-08"
"Customer Operations Manager","Capital One UK","Sneinton, Nottingham","Adzuna (TotalJobs+)","Testing Lead","🏢 Office | 🚗 2h 15min ❌ | 🚌 ~3h 9min","https://www.adzuna.co.uk/jobs/land/ad/5755912938?se=gtiwYSNj8RGHk5mrcEw0_Q&utm_medium=api&utm_source=fec81443&v=A03F0ACD3B9188032F7912909A0C76EC459EC293","2026-06-08"
"Customer Journey Manager","Capital One UK","Sneinton, Nottingham","Adzuna (TotalJobs+)","Testing Lead","🏢 Office | 🚗 2h 15min ❌ | 🚌 ~3h 9min","https://www.adzuna.co.uk/jobs/land/ad/5755912901?se=gtiwYSNj8RGHk5mrcEw0_Q&utm_medium=api&utm_source=fec81443&v=BC66F4EDADAC755DBD384C1542FC174B7CBA4C9A","2026-06-08"
"Customer Operations Manager","Capital One UK","Spondon, Derby","Adzuna (TotalJobs+)","Testing Lead","🏢 Office | 🚗 1h 54min | 🚌 ~2h 39min","https://www.adzuna.co.uk/jobs/land/ad/5755912939?se=gtiwYSNj8RGHk5mrcEw0_Q&utm_medium=api&utm_source=fec81443&v=EB5F3149B51799E332C90ED536B4D967F4825033","2026-06-08"
"Customer Outcome Manager","Capital One UK","Harlow Wood, Mansfield","Adzuna (TotalJobs+)","Testing Lead","🏢 Office | 🚗 2h 19min ❌ | 🚌 ~3h 14min","https://www.adzuna.co.uk/jobs/land/ad/5755912902?se=gtiwYSNj8RGHk5mrcEw0_Q&utm_medium=api&utm_source=fec81443&v=2143208094F0664C11AC02EE2C853E13B7A43A25","2026-06-08"
"UK Territory Director","Transunion","Alderley Edge, Cheshire","Adzuna (TotalJobs+)","Testing Lead","🏢 Office | 🚗 1h 13min | 🚌 ~2h 11min","https://www.adzuna.co.uk/jobs/land/ad/5755607516?se=gtiwYSNj8RGHk5mrcEw0_Q&utm_medium=api&utm_source=fec81443&v=4440D65FCA71D256DD0CFB11B0F92987F18427C6","2026-06-07"
"System Integration & Qualification Lead","Leonardo","UK","Adzuna (TotalJobs+)","Testing Lead","🏢 Office | 📍 Brak lokalizacji","https://www.adzuna.co.uk/jobs/details/5755552780?utm_medium=api&utm_source=fec81443","2026-06-07"
"Senior Broking Business Analyst","DXC Technology","UK","Adzuna (TotalJobs+)","Testing Lead","🏢 Office | 📍 Brak lokalizacji","https://www.adzuna.co.uk/jobs/details/5755552684?utm_medium=api&utm_source=fec81443","2026-06-07"
"Incident & Resilience Lead","Halfords Careers","Worcestershire, West Midlands","Adzuna (TotalJobs+)","Testing Lead","🏢 Office | 🚗 1h 44min | 🚌 ~2h 25min","https://www.adzuna.co.uk/jobs/details/5755552596?utm_medium=api&utm_source=fec81443","2026-06-07"
"Senior Systems Integration & Test Engineer","Leidos","UK","Adzuna (TotalJobs+)","Testing Lead","🏢 Office | 📍 Brak lokalizacji","https://www.adzuna.co.uk/jobs/details/5755552557?utm_medium=api&utm_source=fec81443","2026-06-07"
"HPC Infrastructure Site Reliability Engineer","Radiant","Gloucestershire, South West England","Adzuna (TotalJobs+)","Testing Lead","🏢 Office | 🚗 2h 39min ❌ | 🚌 ~3h 42min","https://www.adzuna.co.uk/jobs/details/5755552534?utm_medium=api&utm_source=fec81443","2026-06-07"
"Global B2B Performance Marketing Manager","Embat","UK","Adzuna (TotalJobs+)","Testing Lead","🏢 Office | 📍 Brak lokalizacji","https://www.adzuna.co.uk/jobs/details/5755552174?utm_medium=api&utm_source=fec81443","2026-06-07"
"SAP Finance Transformation Delivery Architect","IAG Transform UK","UK","Adzuna (TotalJobs+)","Testing Lead","🏢 Office | 📍 Brak lokalizacji","https://www.adzuna.co.uk/jobs/details/5755551865?utm_medium=api&utm_source=fec81443","2026-06-07"
"Programme Lead – Early Lifecycle","Rolls-Royce","Filton, Bristol","Adzuna (TotalJobs+)","Testing Lead","🏢 Office | 🚗 2h 50min ❌ | 🚌 ~3h 57min","https://www.adzuna.co.uk/jobs/land/ad/5755551335?se=gtiwYSNj8RGHk5mrcEw0_Q&utm_medium=api&utm_source=fec81443&v=EAC42070FDC30A45AC5229CB1A51A14630EE8CE0","2026-06-07"
"Star Pubs Management Agreement - Pig On The Wall Droylsden - Manchester","Star Pubs Management Agreement","Manchester, Greater Manchester","Adzuna (TotalJobs+)","Testing Lead","🏢 Office | 🚗 1h 26min | 🚌 ~2h 35min","https://www.adzuna.co.uk/jobs/details/5755359223?utm_medium=api&utm_source=fec81443","2026-06-07"
"Powertrain Development Technician","Changan UK R&D Centre Limited","Birmingham, West Midlands","Adzuna (TotalJobs+)","Testing Lead","🏢 Office | 🚗 1h 44min | 🚌 ~2h 25min","https://www.adzuna.co.uk/jobs/details/5755018136?utm_medium=api&utm_source=fec81443","2026-06-07"
"Senior NDT Inspector - UT 3.7 (Days or Nights)","Employment Solutions Limited","Thirsk, North Yorkshire","Adzuna (TotalJobs+)","Test Lead","🏢 Office | 🚗 2h 32min ❌ | 🚌 ~3h 32min","https://www.adzuna.co.uk/jobs/land/ad/5756070534?se=iCAcYiNj8RGHk5mrcEw0_Q&utm_medium=api&utm_source=fec81443&v=86AC0815883C50DD981BA5B7A66553B14D953FA6","2026-06-08"
"Customer Journey Manager","Capital One UK","Belgrave, Leicester","Adzuna (TotalJobs+)","Test Lead","🏢 Office | 🚗 2h 19min ❌ | 🚌 ~3h 14min","https://www.adzuna.co.uk/jobs/land/ad/5755912897?se=iCAcYiNj8RGHk5mrcEw0_Q&utm_medium=api&utm_source=fec81443&v=8A2F05F1950EA6EDEB2AF55B0EC66CFFE76B1FB4","2026-06-08"
"Customer Outcome Manager","Capital One UK","Belgrave, Leicester","Adzuna (TotalJobs+)","Test Lead","🏢 Office | 🚗 2h 19min ❌ | 🚌 ~3h 14min","https://www.adzuna.co.uk/jobs/land/ad/5755912927?se=iCAcYiNj8RGHk5mrcEw0_Q&utm_medium=api&utm_source=fec81443&v=9780BC2D7C14538F98684EB9995CB5B741E6B4EC","2026-06-08"
"Customer Journey Manager","Capital One UK","Woodthorpe, Loughborough","Adzuna (TotalJobs+)","Test Lead","🏢 Office | 🚗 2h 10min ❌ | 🚌 ~3h 2min","https://www.adzuna.co.uk/jobs/land/ad/5755912912?se=iCAcYiNj8RGHk5mrcEw0_Q&utm_medium=api&utm_source=fec81443&v=8E623F32C78FF09D90764A0181ABB1E30B604D8E","2026-06-08"
"Customer Journey Manager","Capital One UK","Harlow Wood, Mansfield","Adzuna (TotalJobs+)","Test Lead","🏢 Office | 🚗 2h 19min ❌ | 🚌 ~3h 14min","https://www.adzuna.co.uk/jobs/land/ad/5755912895?se=iCAcYiNj8RGHk5mrcEw0_Q&utm_medium=api&utm_source=fec81443&v=EAD15F8EE44B97DC2C0EF517770E8F9C982D6954","2026-06-08"
"Customer Operations Manager","Capital One UK","Woodthorpe, Loughborough","Adzuna (TotalJobs+)","Test Lead","🏢 Office | 🚗 2h 10min ❌ | 🚌 ~3h 2min","https://www.adzuna.co.uk/jobs/land/ad/5755912935?se=iCAcYiNj8RGHk5mrcEw0_Q&utm_medium=api&utm_source=fec81443&v=625EBC8E45A6280BF435BC69E58F72B19DAB9E26","2026-06-08"
"Customer Journey Manager","Capital One UK","Spondon, Derby","Adzuna (TotalJobs+)","Test Lead","🏢 Office | 🚗 1h 54min | 🚌 ~2h 39min","https://www.adzuna.co.uk/jobs/land/ad/5755912900?se=iCAcYiNj8RGHk5mrcEw0_Q&utm_medium=api&utm_source=fec81443&v=F0AC1CC178FEEA288FC90CE0080183A437422F52","2026-06-08"
"Customer Operations Manager","Capital One UK","Sneinton, Nottingham","Adzuna (TotalJobs+)","Test Lead","🏢 Office | 🚗 2h 15min ❌ | 🚌 ~3h 9min","https://www.adzuna.co.uk/jobs/land/ad/5755912938?se=iCAcYiNj8RGHk5mrcEw0_Q&utm_medium=api&utm_source=fec81443&v=A03F0ACD3B9188032F7912909A0C76EC459EC293","2026-06-08"
"Customer Journey Manager","Capital One UK","Sneinton, Nottingham","Adzuna (TotalJobs+)","Test Lead","🏢 Office | 🚗 2h 15min ❌ | 🚌 ~3h 9min","https://www.adzuna.co.uk/jobs/land/ad/5755912901?se=iCAcYiNj8RGHk5mrcEw0_Q&utm_medium=api&utm_source=fec81443&v=BC66F4EDADAC755DBD384C1542FC174B7CBA4C9A","2026-06-08"
"Customer Operations Manager","Capital One UK","Spondon, Derby","Adzuna (TotalJobs+)","Test Lead","🏢 Office | 🚗 1h 54min | 🚌 ~2h 39min","https://www.adzuna.co.uk/jobs/land/ad/5755912939?se=iCAcYiNj8RGHk5mrcEw0_Q&utm_medium=api&utm_source=fec81443&v=EB5F3149B51799E332C90ED536B4D967F4825033","2026-06-08"
"Customer Outcome Manager","Capital One UK","Harlow Wood, Mansfield","Adzuna (TotalJobs+)","Test Lead","🏢 Office | 🚗 2h 19min ❌ | 🚌 ~3h 14min","https://www.adzuna.co.uk/jobs/land/ad/5755912902?se=iCAcYiNj8RGHk5mrcEw0_Q&utm_medium=api&utm_source=fec81443&v=2143208094F0664C11AC02EE2C853E13B7A43A25","2026-06-08"
"UK Territory Director","Transunion","Alderley Edge, Cheshire","Adzuna (TotalJobs+)","Test Lead","🏢 Office | 🚗 1h 13min | 🚌 ~2h 11min","https://www.adzuna.co.uk/jobs/land/ad/5755607516?se=iCAcYiNj8RGHk5mrcEw0_Q&utm_medium=api&utm_source=fec81443&v=4440D65FCA71D256DD0CFB11B0F92987F18427C6","2026-06-07"
"Programme Lead – Early Lifecycle","Rolls-Royce","Filton, Bristol","Adzuna (TotalJobs+)","Test Lead","🏢 Office | 🚗 2h 50min ❌ | 🚌 ~3h 57min","https://www.adzuna.co.uk/jobs/land/ad/5755551335?se=iCAcYiNj8RGHk5mrcEw0_Q&utm_medium=api&utm_source=fec81443&v=EAC42070FDC30A45AC5229CB1A51A14630EE8CE0","2026-06-07"
"Mechanical Field Engineer - Steam Generation Facility","Amentum","Barrow-In-Furness, Cumbria","Adzuna (TotalJobs+)","QA Engineer","🏢 Office | 🚗 2h 34min ❌ | 🚌 ~3h 36min","https://www.adzuna.co.uk/jobs/land/ad/5755760582?se=qgJoYiNj8RGTyc16BXlIog&utm_medium=api&utm_source=fec81443&v=42C8FE7146E4ECB667CC305C5B45E34B572D4104","2026-06-07"
"Full Stack SDET (Software Development Engineer in Test)","HEI","UK","Adzuna (TotalJobs+)","QA Engineer","🏢 Office | 📍 Brak lokalizacji","https://www.adzuna.co.uk/jobs/details/5755551644?utm_medium=api&utm_source=fec81443","2026-06-07"
"Associate Engineer, GxP IT Support","ModernaTX","UK","Adzuna (TotalJobs+)","QA Engineer","🏢 Office | 📍 Brak lokalizacji","https://www.adzuna.co.uk/jobs/details/5755550273?utm_medium=api&utm_source=fec81443","2026-06-07"
"Software Engineer","Litera","UK","Adzuna (TotalJobs+)","QA Engineer","🏢 Office | 📍 Brak lokalizacji","https://www.adzuna.co.uk/jobs/details/5755548952?utm_medium=api&utm_source=fec81443","2026-06-07"
"Senior Software Engineer","Oscar Associates Limited","Leicester, Leicestershire","Adzuna (TotalJobs+)","QA Engineer","🏢 Office | 🚗 2h 22min ❌ | 🚌 ~3h 19min","https://www.adzuna.co.uk/jobs/details/5755329789?utm_medium=api&utm_source=fec81443","2026-06-07"
"Test Analyst","Noir","UK","Adzuna (TotalJobs+)","QA Engineer","🏢 Office | 📍 Brak lokalizacji","https://www.adzuna.co.uk/jobs/details/5755013015?utm_medium=api&utm_source=fec81443","2026-06-07"
"Commissioning Manager – Data Centre Construction","Breagh Recruitment","UK","Adzuna (TotalJobs+)","QA Engineer","🏢 Office | 📍 Brak lokalizacji","https://www.adzuna.co.uk/jobs/details/5754934144?utm_medium=api&utm_source=fec81443","2026-06-07"
"Senior Software Engineer II, Infra Engineering (Remote UK)","Optro","UK","Adzuna (TotalJobs+)","QA Engineer","🏢 Office | 📍 Brak lokalizacji","https://www.adzuna.co.uk/jobs/details/5754571756?utm_medium=api&utm_source=fec81443","2026-06-06"
"QA Engineer","My Finance Club LTD","Norton, Sheffield","Adzuna (TotalJobs+)","QA Engineer","🏢 Office | 🚗 2h 18min ❌ | 🚌 ~3h 13min","https://www.adzuna.co.uk/jobs/details/5754248346?utm_medium=api&utm_source=fec81443","2026-06-06"
"Maintenance Manager","Jelly Technical","Melton Mowbray, Leicestershire","Adzuna (TotalJobs+)","QA Engineer","🏢 Office | 🚗 2h 31min ❌ | 🚌 ~3h 31min","https://www.adzuna.co.uk/jobs/details/5753898931?utm_medium=api&utm_source=fec81443","2026-06-06"
"Principal Mechanical Engineer","Kier Group","Old Trafford, Manchester","Adzuna (TotalJobs+)","QA Engineer","🏢 Office | 🚗 1h 17min | 🚌 ~2h 18min","https://www.adzuna.co.uk/jobs/land/ad/5753777276?se=qgJoYiNj8RGTyc16BXlIog&utm_medium=api&utm_source=fec81443&v=337C9CEFF22C0087629B6966F894916EA5F2B9F0","2026-06-06"
"Lead Quality Engineer","Cox Automotive","UK","Adzuna (TotalJobs+)","QA Engineer","🏢 Office | 📍 Brak lokalizacji","https://www.adzuna.co.uk/jobs/details/5753422340?utm_medium=api&utm_source=fec81443","2026-06-05"
"Electrical Design Engineer","Automation Experts Ltd","Cheshire, North West England","Adzuna (TotalJobs+)","QA Engineer","🏢 Office | 🚗 1h 15min | 🚌 ~2h 14min","https://www.adzuna.co.uk/jobs/land/ad/5753409396?se=qgJoYiNj8RGTyc16BXlIog&utm_medium=api&utm_source=fec81443&v=6D5CB07B87178CD7662D00816AD70F63DDC3749A","2026-06-05"
"Maintenance Manager","Jelly Technical","Eye Kettleby, Melton Mowbray","Adzuna (TotalJobs+)","QA Engineer","🏢 Office | 🚗 2h 28min ❌ | 🚌 ~3h 27min","https://www.adzuna.co.uk/jobs/land/ad/5753409327?se=qgJoYiNj8RGTyc16BXlIog&utm_medium=api&utm_source=fec81443&v=F13F4AB12412677B0D8EE7AD15205D2CA7BDF035","2026-06-05"
"Senior QA Test Engineer £70,000 - Bristol","SR2","Bristol, South West England","Adzuna (TotalJobs+)","QA Automation Engineer","🏢 Office | 🚗 1h 52min | 🚌 ~2h 37min","https://www.adzuna.co.uk/jobs/land/ad/5749243286?se=3APfYiNj8RGI27gKLue9KA&utm_medium=api&utm_source=fec81443&v=A789C0CB7CB47CFD0881ADDE62549370EE42A34A","2026-06-02"
"Senior Automation Engineer","Penta Consulting","Liverpool, Merseyside","Adzuna (TotalJobs+)","QA Automation Engineer","🏢 Office | 🚗 54min | 🚌 ~1h 37min 💾","https://www.adzuna.co.uk/jobs/details/5747314147?utm_medium=api&utm_source=fec81443","2026-06-01"
"Automation QA Test Engineer £70,000 - Bristol","SR2","Bristol, South West England","Adzuna (TotalJobs+)","QA Automation Engineer","🏢 Office | 🚗 1h 52min | 🚌 ~2h 37min","https://www.adzuna.co.uk/jobs/land/ad/5741324252?se=3APfYiNj8RGI27gKLue9KA&utm_medium=api&utm_source=fec81443&v=05DB5CC844CE9AEDDCEBA4E1974D3D465C089C0E","2026-05-26"
"QA Automation / SDET Engineer","Syntax Consultancy Ltd","Balsall Heath, Birmingham","Adzuna (TotalJobs+)","QA Automation Engineer","🏢 Office | 🚗 1h 51min | 🚌 ~2h 35min","https://www.adzuna.co.uk/jobs/land/ad/5740349601?se=3APfYiNj8RGI27gKLue9KA&utm_medium=api&utm_source=fec81443&v=A0514047D200C1EA08A8FDE8CEAB39C3FCEE213A","2026-05-25"
"Senior Software Test Engineer","Langham Recruitment","Manchester, Greater Manchester","Adzuna (TotalJobs+)","QA Automation Engineer","🏢 Office | 🚗 1h 26min | 🚌 ~2h 35min 💾","https://www.adzuna.co.uk/jobs/details/5738852350?utm_medium=api&utm_source=fec81443","2026-05-23"
"Lead QA Engineer","TPXImpact Holdings Plc","UK","Adzuna (TotalJobs+)","QA Automation Engineer","🏢 Office | 📍 Brak lokalizacji","https://www.adzuna.co.uk/jobs/details/5737492348?utm_medium=api&utm_source=fec81443","2026-05-22"
"Senior QA Engineer","Langham Recruitment","Manchester, Greater Manchester","Adzuna (TotalJobs+)","QA Automation Engineer","🏢 Office | 🚗 1h 26min | 🚌 ~2h 35min","https://www.adzuna.co.uk/jobs/land/ad/5736370559?se=3APfYiNj8RGI27gKLue9KA&utm_medium=api&utm_source=fec81443&v=2A794D54E4E11548798AD58842ECD977CBF35B40","2026-05-21"
"Automation QA Test Engineer £70,000 - Bristol","SR2","Bristol, South West England","Adzuna (TotalJobs+)","QA Automation Engineer","🏢 Office | 🚗 1h 52min | 🚌 ~2h 37min","https://www.adzuna.co.uk/jobs/land/ad/5735348941?se=3APfYiNj8RGI27gKLue9KA&utm_medium=api&utm_source=fec81443&v=A787D4C4706D2B044A2849420DB499CBBEA3A62D","2026-05-20"
"Senior QA Engineer","Langham Recruitment","UK","Adzuna (TotalJobs+)","QA Automation Engineer","🏢 Office | 📍 Brak lokalizacji","https://www.adzuna.co.uk/jobs/land/ad/5735348937?se=3APfYiNj8RGI27gKLue9KA&utm_medium=api&utm_source=fec81443&v=BBBF2A4747E645A8DED28D2F9A12AB044E72F950","2026-05-20"
"Senior Java Software Developer - Data Engineering","Square One Resources","UK","Adzuna (TotalJobs+)","QA Automation Engineer","🏢 Office | 📍 Brak lokalizacji","https://www.adzuna.co.uk/jobs/details/5733680558?utm_medium=api&utm_source=fec81443","2026-05-19"
"Automated Quality Assurance Engineer (Home-Based UK)","Health Partners","UK","Adzuna (TotalJobs+)","QA Automation Engineer","🔀 Hybrid | 📍 Brak lokalizacji","https://www.adzuna.co.uk/jobs/details/5733214950?utm_medium=api&utm_source=fec81443","2026-05-18"
"Lead QA Engineer (Bangor / All UK)","Trust Payments","Bangor, Gwynedd","Adzuna (TotalJobs+)","QA Automation Engineer","🏢 Office | 🚗 1h 19min | 🚌 ~2h 23min 💾","https://www.adzuna.co.uk/jobs/details/5727311899?utm_medium=api&utm_source=fec81443","2026-05-12"
"QA Automation Engineer - Homebased","Outsourced","UK","Adzuna (TotalJobs+)","QA Automation Engineer","🏢 Office | 📍 Brak lokalizacji","https://www.adzuna.co.uk/jobs/details/5726366388?utm_medium=api&utm_source=fec81443","2026-05-12"
"Engineering Manager","Myn","Manchester, Greater Manchester","Adzuna (TotalJobs+)","QA Automation Engineer","🏢 Office | 🚗 1h 13min | 🚌 ~2h 12min 💾","https://www.adzuna.co.uk/jobs/details/5715945311?utm_medium=api&utm_source=fec81443","2026-05-01"
"Sr. Quality Assurance Engineer w/Detox Testing Experience","Concentrix","UK","Adzuna (TotalJobs+)","QA Automation Engineer","🏢 Office | 📍 Brak lokalizacji","https://www.adzuna.co.uk/jobs/land/ad/5711116799?se=3APfYiNj8RGI27gKLue9KA&utm_medium=api&utm_source=fec81443&v=F71EA2295CEF4A0B99E730E3FFBB639AD9F83C61","2026-04-26"
"DevOps Engineer","DXC Technology","UK","Adzuna (TotalJobs+)","QA Automation Engineer","🏢 Office | 📍 Brak lokalizacji","https://www.adzuna.co.uk/jobs/details/5707198284?utm_medium=api&utm_source=fec81443","2026-04-22"
"MOD DV Cleared Test Automation Engineer","Data Careers","Netherstowe, Lichfield","Adzuna (TotalJobs+)","Test Automation Engineer","🏢 Office | 🚗 1h 36min | 🚌 ~2h 14min","https://www.adzuna.co.uk/jobs/details/5755329864?utm_medium=api&utm_source=fec81443","2026-06-07"
"Senior Data Engineer","Webologix Ltd/ INC","Warwick, Warwickshire","Adzuna (TotalJobs+)","Test Automation Engineer","🏢 Office | 🚗 2h 8min ❌ | 🚌 ~3h","https://www.adzuna.co.uk/jobs/details/5755017690?utm_medium=api&utm_source=fec81443","2026-06-07"
"Junior Test Automation Engineer","Hastings Insurance Services","UK","Adzuna (TotalJobs+)","Test Automation Engineer","🏢 Office | 📍 Brak lokalizacji","https://www.adzuna.co.uk/jobs/details/5754571841?utm_medium=api&utm_source=fec81443","2026-06-06"
"Automation Test Analyst","Candour","Manchester, Greater Manchester","Adzuna (TotalJobs+)","Test Automation Engineer","🏢 Office | 🚗 1h 26min | 🚌 ~2h 35min","https://www.adzuna.co.uk/jobs/details/5754218473?utm_medium=api&utm_source=fec81443","2026-06-06"
"Sr Analyst Automation Test Engineer","DXC Technology","UK","Adzuna (TotalJobs+)","Test Automation Engineer","🏢 Office | 📍 Brak lokalizacji","https://www.adzuna.co.uk/jobs/details/5752141852?utm_medium=api&utm_source=fec81443","2026-06-04"
"Senior Data Engineer","Queen Square Recruitment Ltd","Guys Cliffe, Warwick","Adzuna (TotalJobs+)","Test Automation Engineer","🏢 Office | 🚗 2h 8min ❌ | 🚌 ~2h 59min","https://www.adzuna.co.uk/jobs/land/ad/5750802328?se=xKdDYyNj8RGHk5mrcEw0_Q&utm_medium=api&utm_source=fec81443&v=F9B99B6E57AD5D41E256FDFF19610904A1EB2192","2026-06-03"
"QA Lead","Maxcontact","Manchester, Greater Manchester","Adzuna (TotalJobs+)","Test Automation Engineer","🏢 Office | 🚗 1h 20min | 🚌 ~2h 24min 💾","https://www.adzuna.co.uk/jobs/details/5750353178?utm_medium=api&utm_source=fec81443","2026-06-03"
"Test Engineer","Lancesoft Europe","UK","Adzuna (TotalJobs+)","Test Automation Engineer","🏢 Office | 📍 Brak lokalizacji","https://www.adzuna.co.uk/jobs/details/5749336307?utm_medium=api&utm_source=fec81443","2026-06-02"
"Site Manager","Hays Specialist Recruitment Limited","Milton Keynes, Buckinghamshire","Adzuna (TotalJobs+)","Test Automation Engineer","🏢 Office | 🚗 2h 37min ❌ | 🚌 ~3h 40min","https://www.adzuna.co.uk/jobs/land/ad/5749334539?se=xKdDYyNj8RGHk5mrcEw0_Q&utm_medium=api&utm_source=fec81443&v=6263D25ECB4AAB9F3766C8E7D05EEFEF8821E31C","2026-06-02"
"Senior QA Test Engineer £70,000 - Bristol","SR2","Bristol, South West England","Adzuna (TotalJobs+)","Test Automation Engineer","🏢 Office | 🚗 1h 52min | 🚌 ~2h 37min","https://www.adzuna.co.uk/jobs/land/ad/5749243286?se=xKdDYyNj8RGHk5mrcEw0_Q&utm_medium=api&utm_source=fec81443&v=A789C0CB7CB47CFD0881ADDE62549370EE42A34A","2026-06-02"
"Software Engineer in Test (SDET)","The Portfolio Group","Manchester Science Park, Manchester","Adzuna (TotalJobs+)","SDET","🏢 Office | 🚗 1h 18min | 🚌 ~2h 20min","https://www.adzuna.co.uk/jobs/details/5752983152?utm_medium=api&utm_source=fec81443","2026-06-05"
"Software Development Engineer in Test","Cardano Foundation","UK","Adzuna (TotalJobs+)","SDET","🏢 Office | 📍 Brak lokalizacji","https://www.adzuna.co.uk/jobs/details/5752142590?utm_medium=api&utm_source=fec81443","2026-06-04"
"Software Engineer In Test (SDET)","The Portfolio Group","Manchester, Greater Manchester","Adzuna (TotalJobs+)","SDET","🏢 Office | 🚗 1h 26min | 🚌 ~2h 35min","https://www.adzuna.co.uk/jobs/land/ad/5747693649?se=3J6YYyNj8RGHk5mrcEw0_Q&utm_medium=api&utm_source=fec81443&v=9C8551748DEC67F74D521483F2BE4251F24CB50F","2026-06-01"
"Principal SDET/SEIT","The Portfolio Group","Manchester, Greater Manchester","Adzuna (TotalJobs+)","SDET","🏢 Office | 🚗 1h 26min | 🚌 ~2h 35min","https://www.adzuna.co.uk/jobs/land/ad/5747693108?se=3J6YYyNj8RGHk5mrcEw0_Q&utm_medium=api&utm_source=fec81443&v=C1F603551FCB821D5B94EEAFD1C9DE59D31BCD9D","2026-06-01"
"Principal SDET/SEIT","The Portfolio Group","Rusholme, Manchester","Adzuna (TotalJobs+)","SDET","🏢 Office | 🚗 1h 16min | 🚌 ~2h 17min","https://www.adzuna.co.uk/jobs/land/ad/5747531693?se=3J6YYyNj8RGHk5mrcEw0_Q&utm_medium=api&utm_source=fec81443&v=AFE69646C97A53E77BAB22EFC9B458E0803E34AD","2026-06-01"
"Software Engineer In Test (SDET)","The Portfolio Group","Rusholme, Manchester","Adzuna (TotalJobs+)","SDET","🏢 Office | 🚗 1h 16min | 🚌 ~2h 17min","https://www.adzuna.co.uk/jobs/land/ad/5747531695?se=3J6YYyNj8RGHk5mrcEw0_Q&utm_medium=api&utm_source=fec81443&v=7A0AF62822C6E3BA4E796211C532AE5C986C5C96","2026-06-01"
"Software Engineer / Senior QA & Test - DO-178C","DCS Recruitment","Oxfordshire, South East England","Adzuna (TotalJobs+)","SDET","🏢 Office | 🚗 2h 48min ❌ | 🚌 ~3h 55min","https://www.adzuna.co.uk/jobs/land/ad/5742298253?se=3J6YYyNj8RGHk5mrcEw0_Q&utm_medium=api&utm_source=fec81443&v=B84FEDAC1923E0FBCAAE14B04905D32D007EEE92","2026-05-27"
"QA Automation / SDET Engineer","Syntax Consultancy Ltd","Balsall Heath, Birmingham","Adzuna (TotalJobs+)","SDET","🏢 Office | 🚗 1h 51min | 🚌 ~2h 35min","https://www.adzuna.co.uk/jobs/land/ad/5740349601?se=3J6YYyNj8RGHk5mrcEw0_Q&utm_medium=api&utm_source=fec81443&v=A0514047D200C1EA08A8FDE8CEAB39C3FCEE213A","2026-05-25"
"QA Analyst / Senior QA Analyst – Insurance & Digital Platforms 3562739","Axiom Path","UK","Adzuna (TotalJobs+)","SDET","🏢 Office | 📍 Brak lokalizacji","https://www.adzuna.co.uk/jobs/details/5727332216?utm_medium=api&utm_source=fec81443","2026-05-12"
"Senior Automation Test Engineer",". CACI Limited","Bristol, South West England","Adzuna (TotalJobs+)","SDET","🏢 Office | 🚗 1h 51min | 🚌 ~2h 35min 💾","https://www.adzuna.co.uk/jobs/details/5726028731?utm_medium=api&utm_source=fec81443","2026-05-11"
"Senior Automation Test Engineer","CACI","Manchester, Greater Manchester","Adzuna (TotalJobs+)","SDET","🏢 Office | 🚗 1h 22min | 🚌 ~2h 27min 💾","https://www.adzuna.co.uk/jobs/details/5722148531?utm_medium=api&utm_source=fec81443","2026-05-07"
"Software Development Engineer In Test","Protect Line LTD","UK","Adzuna (TotalJobs+)","SDET","🏢 Office | 📍 Brak lokalizacji","https://www.adzuna.co.uk/jobs/details/5721848948?utm_medium=api&utm_source=fec81443","2026-05-07"
"Android Developer","Frontier Resourcing Ltd","Cheltenham, Gloucestershire","Adzuna (TotalJobs+)","Software Engineer in Test","🏢 Office | 🚗 2h 27min ❌ | 🚌 ~3h 26min","https://www.adzuna.co.uk/jobs/land/ad/5756062418?se=pqYMZCNj8RG-_4NQ8mfdTw&utm_medium=api&utm_source=fec81443&v=581093F6ADB7C82BB72F95511FF5D4B23FF12049","2026-06-08"
"Software Engineer","Equifax","Nottingham, Nottinghamshire","Adzuna (TotalJobs+)","Software Engineer in Test","🏢 Office | 🚗 2h 16min ❌ | 🚌 ~3h 10min","https://www.adzuna.co.uk/jobs/details/5755549926?utm_medium=api&utm_source=fec81443","2026-06-07"
"Software Test Engineer","Motorola Solutions","UK","Adzuna (TotalJobs+)","Software Engineer in Test","🏢 Office | 📍 Brak lokalizacji","https://www.adzuna.co.uk/jobs/land/ad/5755549035?se=pqYMZCNj8RG-_4NQ8mfdTw&utm_medium=api&utm_source=fec81443&v=02CFCF4DCAD66E15B7A023431E34F34535897096","2026-06-07"
"Software Engineer","Surevine","UK","Adzuna (TotalJobs+)","Software Engineer in Test","🏢 Office | 📍 Brak lokalizacji","https://www.adzuna.co.uk/jobs/details/5755018117?utm_medium=api&utm_source=fec81443","2026-06-07"
"Applied AI Engineer","Aviva","Stoke Gifford, Bristol","Adzuna (TotalJobs+)","Software Engineer in Test","🏢 Office | 🚗 2h 50min ❌ | 🚌 ~3h 58min","https://www.adzuna.co.uk/jobs/details/5754854039?utm_medium=api&utm_source=fec81443","2026-06-06"
"Principal Software Engineer, Platform Modernization (Remote, United Kingdom)","Ticketmaster UK Limited","UK","Adzuna (TotalJobs+)","Software Engineer in Test","🏢 Office | 📍 Brak lokalizacji","https://www.adzuna.co.uk/jobs/land/ad/5754571622?se=pqYMZCNj8RG-_4NQ8mfdTw&utm_medium=api&utm_source=fec81443&v=D0701674D322818305956ED6C6E546004F938E38","2026-06-06"
"Software Engineer","NSD","Altofts, Normanton","Adzuna (TotalJobs+)","Software Engineer in Test","🏢 Office | 🚗 2h 1min ❌ | 🚌 ~2h 49min","https://www.adzuna.co.uk/jobs/details/5754248548?utm_medium=api&utm_source=fec81443","2026-06-06"
"Remote Home Based C++ Software Engineer","4M Recruitment","UK","Adzuna (TotalJobs+)","Software Engineer in Test","🔀 Hybrid | 📍 Brak lokalizacji","https://www.adzuna.co.uk/jobs/land/ad/5753409097?se=pqYMZCNj8RG-_4NQ8mfdTw&utm_medium=api&utm_source=fec81443&v=182A814DE208552EA93C25ECA924D1123491466C","2026-06-05"
"Software Engineer","MBDA","Egerton, Bolton","Adzuna (TotalJobs+)","Software Engineer in Test","🏢 Office | 🚗 1h 25min | 🚌 ~2h 32min","https://www.adzuna.co.uk/jobs/land/ad/5753273221?se=pqYMZCNj8RG-_4NQ8mfdTw&utm_medium=api&utm_source=fec81443&v=3466B75077843D274166C20FBEC50A92A0572D89","2026-06-05"
"Software Test Engineer","Tatton Recruitment","Brooklands, Sale","Adzuna (TotalJobs+)","Software Engineer in Test","🏢 Office | 🚗 1h 8min | 🚌 ~2h 3min","https://www.adzuna.co.uk/jobs/details/5752985100?utm_medium=api&utm_source=fec81443","2026-06-05"
"DIG Integration Engineer","Morson Edge","Eccles, Manchester","Adzuna (TotalJobs+)","Software Engineer in Test","🏢 Office | 🚗 1h 14min | 🚌 ~2h 13min","https://www.adzuna.co.uk/jobs/details/5752983500?utm_medium=api&utm_source=fec81443","2026-06-05"
"Engineering Manager / Technical Lead – Offensive Security Infrastructure","Unity Systems","UK","Adzuna (TotalJobs+)","Software Engineer in Test","🏢 Office | 📍 Brak lokalizacji","https://www.adzuna.co.uk/jobs/details/5752877446?utm_medium=api&utm_source=fec81443","2026-06-05"
"Software and Systems Test Coordination Engineer","Contechs Consulting Ltd","Warwick, Warwickshire","Adzuna (TotalJobs+)","Software Engineer in Test","🏢 Office | 🚗 2h 8min ❌ | 🚌 ~2h 59min 💾","https://www.adzuna.co.uk/jobs/details/5752134622?utm_medium=api&utm_source=fec81443","2026-06-04"
"Android Developer","Frontier Resourcing Ltd","Cheltenham, Gloucestershire","Adzuna (TotalJobs+)","Test Engineer","🏢 Office | 🚗 2h 27min ❌ | 🚌 ~3h 26min","https://www.adzuna.co.uk/jobs/land/ad/5756062418?se=hCClZCNj8RGI27gKLue9KA&utm_medium=api&utm_source=fec81443&v=581093F6ADB7C82BB72F95511FF5D4B23FF12049","2026-06-08"
"PAT Tester","PHS Group","The Park, Nottingham","Adzuna (TotalJobs+)","Test Engineer","🏢 Office | 🚗 2h 11min ❌ | 🚌 ~3h 4min","https://www.adzuna.co.uk/jobs/land/ad/5755905251?se=hCClZCNj8RGI27gKLue9KA&utm_medium=api&utm_source=fec81443&v=5A33212291CEE24BDF52EFEC04237A89D7D0D21C","2026-06-08"
"Senior Platform Engineer (GCP)","Kainos","UK","Adzuna (TotalJobs+)","Test Engineer","🏢 Office | 📍 Brak lokalizacji","https://www.adzuna.co.uk/jobs/details/5755552458?utm_medium=api&utm_source=fec81443","2026-06-07"
"Test Systems Engineer","Ultra","UK","Adzuna (TotalJobs+)","Test Engineer","🏢 Office | 📍 Brak lokalizacji","https://www.adzuna.co.uk/jobs/details/5755552072?utm_medium=api&utm_source=fec81443","2026-06-07"
"Software Test Engineer","Motorola Solutions","UK","Adzuna (TotalJobs+)","Test Engineer","🏢 Office | 📍 Brak lokalizacji","https://www.adzuna.co.uk/jobs/land/ad/5755549035?se=hCClZCNj8RGI27gKLue9KA&utm_medium=api&utm_source=fec81443&v=02CFCF4DCAD66E15B7A023431E34F34535897096","2026-06-07"
"Principal Engineer - Product Security","BAE Systems","UK","Adzuna (TotalJobs+)","Test Engineer","🏢 Office | 📍 Brak lokalizacji","https://www.adzuna.co.uk/jobs/details/5755549027?utm_medium=api&utm_source=fec81443","2026-06-07"
"Maintenance Engineer","Staffline","Swindon Village, Cheltenham","Adzuna (TotalJobs+)","Test Engineer","🏢 Office | 🚗 2h 20min ❌ | 🚌 ~3h 16min","https://www.adzuna.co.uk/jobs/details/5755493900?utm_medium=api&utm_source=fec81443","2026-06-07"
"Electrical Test Engineer","Morson Edge","Oxford Airport, Kidlington","Adzuna (TotalJobs+)","Test Engineer","🏢 Office | 🚗 2h 47min ❌ | 🚌 ~3h 54min","https://www.adzuna.co.uk/jobs/land/ad/5755362073?se=hCClZCNj8RGI27gKLue9KA&utm_medium=api&utm_source=fec81443&v=4F928A2025AD162C0A90E44B725D1D73089ACFF9","2026-06-07"
"Skilled Inspector - NIGHTS","Winsearch","Simonstone, Burnley","Adzuna (TotalJobs+)","Test Engineer","🏢 Office | 🚗 1h 35min | 🚌 ~2h 13min","https://www.adzuna.co.uk/jobs/land/ad/5755250149?se=hCClZCNj8RGI27gKLue9KA&utm_medium=api&utm_source=fec81443&v=DB592F83267C970CFA534D1359A09CE0491AB870","2026-06-07"
"Gas Engineer","Millers Vanguard","Birmingham, West Midlands","Adzuna (TotalJobs+)","Test Engineer","🏢 Office | 🚗 1h 44min | 🚌 ~2h 25min","https://www.adzuna.co.uk/jobs/land/ad/5755249490?se=hCClZCNj8RGI27gKLue9KA&utm_medium=api&utm_source=fec81443&v=05A1355E03A66B89CF253F4427EC3F4C704E382D","2026-06-07"
"LEV Service Engineer (Dust/Fume)","Future Select","East Midlands, UK","Adzuna (TotalJobs+)","Test Engineer","🏢 Office | 🚗 1h 35min | 🚌 ~2h 13min","https://www.adzuna.co.uk/jobs/land/ad/5755244627?se=hCClZCNj8RGI27gKLue9KA&utm_medium=api&utm_source=fec81443&v=D5463904F58742247DAA550D3ED80B1DD65808E8","2026-06-07"
"Quality Assurance Process Lead","Capital One UK","Spondon, Derby","Adzuna (TotalJobs+)","QA Lead","🏢 Office | 🚗 1h 54min | 🚌 ~2h 39min","https://www.adzuna.co.uk/jobs/details/5756054714?utm_medium=api&utm_source=fec81443","2026-06-08"
"Quality Assurance Process Lead","Capital One UK","Belgrave, Leicester","Adzuna (TotalJobs+)","QA Lead","🏢 Office | 🚗 2h 19min ❌ | 🚌 ~3h 14min","https://www.adzuna.co.uk/jobs/details/5756054522?utm_medium=api&utm_source=fec81443","2026-06-08"
"Quality Assurance Process Lead","Capital One UK","Woodthorpe, Loughborough","Adzuna (TotalJobs+)","QA Lead","🏢 Office | 🚗 2h 10min ❌ | 🚌 ~3h 2min","https://www.adzuna.co.uk/jobs/details/5756054503?utm_medium=api&utm_source=fec81443","2026-06-08"
"Quality Assurance Process Lead","Capital One UK","Sneinton, Nottingham","Adzuna (TotalJobs+)","QA Lead","🏢 Office | 🚗 2h 15min ❌ | 🚌 ~3h 9min","https://www.adzuna.co.uk/jobs/details/5756054062?utm_medium=api&utm_source=fec81443","2026-06-08"
"Quality Assurance Process Lead","Capital One UK","Harlow Wood, Mansfield","Adzuna (TotalJobs+)","QA Lead","🏢 Office | 🚗 2h 19min ❌ | 🚌 ~3h 14min","https://www.adzuna.co.uk/jobs/details/5756054041?utm_medium=api&utm_source=fec81443","2026-06-08"
"Quality Assurance Process Lead","Capital One UK","Belgrave, Leicester","Adzuna (TotalJobs+)","QA Lead","🏢 Office | 🚗 2h 19min ❌ | 🚌 ~3h 14min","https://www.adzuna.co.uk/jobs/land/ad/5756010172?se=bnkbZSNj8RGHk5mrcEw0_Q&utm_medium=api&utm_source=fec81443&v=F2BEA3D745422F1C5B3D105ED647981033C2FA12","2026-06-08"
"Quality Assurance Process Lead","Capital One UK","Spondon, Derby","Adzuna (TotalJobs+)","QA Lead","🏢 Office | 🚗 1h 54min | 🚌 ~2h 39min","https://www.adzuna.co.uk/jobs/land/ad/5756010197?se=bnkbZSNj8RGHk5mrcEw0_Q&utm_medium=api&utm_source=fec81443&v=C8EC20B35AAA42662A9C634C298E10DF77531813","2026-06-08"
"Quality Assurance Process Lead","Capital One UK","Harlow Wood, Mansfield","Adzuna (TotalJobs+)","QA Lead","🏢 Office | 🚗 2h 19min ❌ | 🚌 ~3h 14min","https://www.adzuna.co.uk/jobs/land/ad/5756010064?se=bnkbZSNj8RGHk5mrcEw0_Q&utm_medium=api&utm_source=fec81443&v=11293312DFD7243BD1AD0FAB848942D33585BCA7","2026-06-08"
"Quality Assurance Process Lead","Capital One UK","Sneinton, Nottingham","Adzuna (TotalJobs+)","QA Lead","🏢 Office | 🚗 2h 15min ❌ | 🚌 ~3h 9min","https://www.adzuna.co.uk/jobs/land/ad/5756010095?se=bnkbZSNj8RGHk5mrcEw0_Q&utm_medium=api&utm_source=fec81443&v=CE6490C441E26D20D79DE4CAB00972D282513F90","2026-06-08"
"Quality Assurance Process Lead","Capital One UK","Woodthorpe, Loughborough","Adzuna (TotalJobs+)","QA Lead","🏢 Office | 🚗 2h 10min ❌ | 🚌 ~3h 2min","https://www.adzuna.co.uk/jobs/land/ad/5756010158?se=bnkbZSNj8RGHk5mrcEw0_Q&utm_medium=api&utm_source=fec81443&v=BDF9F88394EA798B63BB104627584F01C745A319","2026-06-08"
"Quality Manager","Riverside Recruitment","Penrith, Cumbria","Adzuna (TotalJobs+)","QA Lead","🏢 Office | 🚗 2h 23min ❌ | 🚌 ~3h 20min","https://www.adzuna.co.uk/jobs/details/5755917939?utm_medium=api&utm_source=fec81443","2026-06-08"
"Data Specialist / Annotator (Image Labeller) 6-month Fixed Term Contract","Singer Instrument Co","UK","Adzuna (TotalJobs+)","QA Lead","🏢 Office | 📍 Brak lokalizacji","https://www.adzuna.co.uk/jobs/details/5755549374?utm_medium=api&utm_source=fec81443","2026-06-07"
"Director of Quality Assurance","Hyper Recruitment Solutions","Leicestershire, East Midlands","Adzuna (TotalJobs+)","QA Lead","🏢 Office | 🚗 2h 30min ❌ | 🚌 ~3h 30min","https://www.adzuna.co.uk/jobs/details/5755043162?utm_medium=api&utm_source=fec81443","2026-06-07"
"Quality Engineer","Nicholas Associates","Sheffield, South Yorkshire","Adzuna (TotalJobs+)","QA Lead","🏢 Office | 🚗 2h 19min ❌ | 🚌 ~3h 15min","https://www.adzuna.co.uk/jobs/details/5755013027?utm_medium=api&utm_source=fec81443","2026-06-07"
"Quality Assurance & Compliance Manager - Training Services - Location Negotiable","ELMO Cloud HR & Payroll","UK","Adzuna (TotalJobs+)","QA Lead","🏢 Office | 📍 Brak lokalizacji","https://www.adzuna.co.uk/jobs/details/5754568554?utm_medium=api&utm_source=fec81443","2026-06-06"
"Quality Manager","Riverside","Penrith, Cumbria","Adzuna (TotalJobs+)","QA Lead","🏢 Office | 🚗 2h 23min ❌ | 🚌 ~3h 20min","https://www.adzuna.co.uk/jobs/details/5753641845?utm_medium=api&utm_source=fec81443","2026-06-05"
"Quality Manager","Riverside Recruitment","Cliburn, Penrith","Adzuna (TotalJobs+)","QA Lead","🏢 Office | 🚗 2h 26min ❌ | 🚌 ~3h 24min","https://www.adzuna.co.uk/jobs/details/5753412687?utm_medium=api&utm_source=fec81443","2026-06-05"
"MEP Manager","Skilled Careers","UK","Adzuna (TotalJobs+)","QA Lead","🏢 Office | 📍 Brak lokalizacji","https://www.adzuna.co.uk/jobs/land/ad/5753355304?se=bnkbZSNj8RGHk5mrcEw0_Q&utm_medium=api&utm_source=fec81443&v=276BA05B94009EF8B3C58DBA5A886A122598D412","2026-06-05"
"QA Director","SRG","Stanley, Liverpool","Adzuna (TotalJobs+)","QA Lead","🏢 Office | 🚗 1h 3min | 🚌 ~1h 53min","https://www.adzuna.co.uk/jobs/land/ad/5753275855?se=bnkbZSNj8RGHk5mrcEw0_Q&utm_medium=api&utm_source=fec81443&v=A1FBBB740FCEEAA86D3C34372749C86358EFB047","2026-06-05"
"Production Stream Quality Lead (Nights)","Pilgrims Europe","UK","Adzuna (TotalJobs+)","QA Lead","🏢 Office | 📍 Brak lokalizacji","https://www.adzuna.co.uk/jobs/land/ad/5753187971?se=bnkbZSNj8RGHk5mrcEw0_Q&utm_medium=api&utm_source=fec81443&v=BA0EE73B69AD42AAAFF5CC47CF61446662D13AE6","2026-06-05"
"AI Engineering Manager","Halian Technology Limited","Sydenham, Leamington Spa","Adzuna (TotalJobs+)","QA Lead","🏢 Office | 🚗 2h 13min ❌ | 🚌 ~3h 7min","https://www.adzuna.co.uk/jobs/details/5752984517?utm_medium=api&utm_source=fec81443","2026-06-05"
"Back End Developer","The Portfolio Group","Manchester Science Park, Manchester","Adzuna (TotalJobs+)","QA Lead","🏢 Office | 🚗 1h 18min | 🚌 ~2h 20min","https://www.adzuna.co.uk/jobs/details/5752984037?utm_medium=api&utm_source=fec81443","2026-06-05"
"Senior Python Developer","Tech4 Ltd","Newbridge, Wolverhampton","Adzuna (TotalJobs+)","QA Lead","🏢 Office | 🚗 1h 19min | 🚌 ~2h 22min","https://www.adzuna.co.uk/jobs/details/5752982683?utm_medium=api&utm_source=fec81443","2026-06-05"
"QA Manager - IT Systems & Application Separation","KDR Talent Solutions","UK","Adzuna (TotalJobs+)","QA Lead","🏢 Office | 📍 Brak lokalizacji","https://www.adzuna.co.uk/jobs/details/5752877097?utm_medium=api&utm_source=fec81443","2026-06-05"
"QA Team Leader","Allstaff Recruitment","Milton Keynes, Buckinghamshire","Adzuna (TotalJobs+)","QA Lead","🏢 Office | 🚗 2h 36min ❌ | 🚌 ~3h 39min 💾","https://www.adzuna.co.uk/jobs/details/5752573254?utm_medium=api&utm_source=fec81443","2026-06-05"
"QA Team Leader","Allstaff","Crownhill, Milton Keynes","Adzuna (TotalJobs+)","QA Lead","🏢 Office | 🚗 2h 40min ❌ | 🚌 ~3h 44min 💾","https://www.adzuna.co.uk/jobs/details/5752199077?utm_medium=api&utm_source=fec81443","2026-06-04"
"Player Support Specialist","Kinetic Games","UK","Adzuna (TotalJobs+)","QA Lead","🏢 Office | 📍 Brak lokalizacji","https://www.adzuna.co.uk/jobs/details/5752142122?utm_medium=api&utm_source=fec81443","2026-06-04"
"IT Audit Manager","Hargreaves Lansdown Asset Management","Bristol, South West England","Adzuna (TotalJobs+)","QA Lead","🏢 Office | 🚗 1h 52min | 🚌 ~2h 37min","https://www.adzuna.co.uk/jobs/details/5752139950?utm_medium=api&utm_source=fec81443","2026-06-04"
"Quality Engineer","Nicholas Associates","Heeley, Sheffield","Adzuna (TotalJobs+)","QA Lead","🏢 Office | 🚗 2h 20min ❌ | 🚌 ~3h 16min","https://www.adzuna.co.uk/jobs/land/ad/5751841564?se=bnkbZSNj8RGHk5mrcEw0_Q&utm_medium=api&utm_source=fec81443&v=80B517ACAA47951E1C3A3DC7F42A56673FB732FC","2026-06-04"
"Senior QA Engineer","","Manchester, England","Glassdoor","Software QA Automation Engineer","🏢 Office | 🚗 1h 20min | 🚌 ~2h 24min 💾","https://www.glassdoor.co.uk/job-listing/senior-qa-engineer-sefe-marketing-trading-JV_IC2691218_KO0,18_KE19,41.htm?jl=1010148415803",""
"QA Engineer","","Manchester, England","Glassdoor","Software QA Automation Engineer","🏢 Office | 🚗 1h 27min | 🚌 ~2h 36min 💾","https://www.glassdoor.co.uk/job-listing/qa-engineer-clio-JV_IC2691218_KO0,11_KE12,16.htm?jl=1010076335947",""
"Lead Quality Assurance Engineer","","United Kingdom","Glassdoor","Software QA Automation Engineer","🏢 Office | 📍 Brak lokalizacji","https://www.glassdoor.co.uk/job-listing/lead-quality-assurance-engineer-hudl-JV_KO0,31_KE32,36.htm?jl=1009998086830",""
"QA Engineer","","Manchester, England","Glassdoor","Software QA Automation Engineer","🏢 Office | 🚗 1h 24min | 🚌 ~2h 32min 💾","https://www.glassdoor.co.uk/job-listing/qa-engineer-zellis-JV_IC2691218_KO0,11_KE12,18.htm?jl=1010088385556",""