Title,Company,Location,Board,Search Term,Commute,URL,Posted
"Senior Automation Test Engineer Fully Remote","","","Reed","QA Automation Engineer","🌐 Remote","https://www.reed.co.uk/jobs/senior-automation-test-engineer-fully-remote/56934961?source=searchResults&filter=%2Fjobs%2Fqa-automation-engineer-jobs-in-united-kingdom",""
"Senior Automation Test Engineer Fully Remote","","","Reed","Test Automation Engineer","🌐 Remote","https://www.reed.co.uk/jobs/senior-automation-test-engineer-fully-remote/56934961?source=searchResults&filter=%2Fjobs%2Ftest-automation-engineer-jobs-in-united-kingdom",""
"Senior Automation Test Engineer Fully Remote","Interact Consulting Limited","East London, London","Adzuna (TotalJobs+)","Test Automation Engineer","🌐 Remote","https://www.adzuna.co.uk/jobs/details/5737802135?utm_medium=api&utm_source=fec81443","2026-05-22"
"Senior Automation Test Engineer Fully Remote","interAct Consulting Limited","London, UK","Adzuna (TotalJobs+)","Test Automation Engineer","🌐 Remote","https://www.adzuna.co.uk/jobs/land/ad/5737692135?se=Uu5uC3pa8RG15Otl31cBag&utm_medium=api&utm_source=fec81443&v=5D15B6B1CD2D41F9500E5516E955B1F59B8F14DF","2026-05-22"
"QA Engineer (Remote)","","Remote","Glassdoor","Software QA Automation Engineer","🌐 Remote","https://www.glassdoor.co.uk/job-listing/qa-engineer-remote-remotestar-JV_KO0,18_KE19,29.htm?jl=1009426005158",""
"QA Engineer - Core Database (remote)","","Remote","Glassdoor","Software QA Automation Engineer","🌐 Remote","https://www.glassdoor.co.uk/job-listing/qa-engineer-core-database-remote-clickhouse-JV_KO0,32_KE33,43.htm?jl=1009950493128",""
"QA Engineer for Mobile (Remote)","","Remote","Glassdoor","Software QA Automation Engineer","🌐 Remote","https://www.glassdoor.co.uk/job-listing/qa-engineer-for-mobile-remote-veeva-systems-JV_KO0,29_KE30,43.htm?jl=1010083040565",""
"Software Development Engineer In Test","","Remote","Glassdoor","Software QA Automation Engineer","🌐 Remote","https://www.glassdoor.co.uk/job-listing/software-development-engineer-in-test-protect-line-JV_KO0,37_KE38,50.htm?jl=1010074982870",""
"Staff Software Engineer – Core Developer Experience (DevEx)","","Remote","Glassdoor","Software QA Automation Engineer","🌐 Remote","https://www.glassdoor.co.uk/job-listing/staff-software-engineer-core-developer-experience-devex-alphasense-JV_KO0,55_KE56,66.htm?jl=1010108333115",""
"Software QA Engineer","","","Reed","Software QA Engineer","🏢 Office | 📍 Brak lokalizacji","https://www.reed.co.uk/jobs/software-qa-engineer/56922636?source=searchResults&filter=%2Fjobs%2Fsoftware-qa-engineer-jobs-in-united-kingdom",""
"Software QA Engineer","","","Reed","Software QA Engineer","🏢 Office | 📍 Brak lokalizacji","https://www.reed.co.uk/jobs/software-qa-engineer/56947844?source=searchResults&filter=%2Fjobs%2Fsoftware-qa-engineer-jobs-in-united-kingdom",""
"QA Engineer - Manual testing web applications","","","Reed","Software QA Engineer","🏢 Office | 📍 Brak lokalizacji","https://www.reed.co.uk/jobs/qa-engineer-manual-testing-web-applications/56933699?source=searchResults&filter=%2Fjobs%2Fsoftware-qa-engineer-jobs-in-united-kingdom",""
"Software Tester","","","Reed","Software QA Engineer","🏢 Office | 📍 Brak lokalizacji","https://www.reed.co.uk/jobs/software-tester/56947977?source=searchResults&filter=%2Fjobs%2Fsoftware-qa-engineer-jobs-in-united-kingdom",""
"Software Engineer / Senior QA & Test - DO-178C","","","Reed","Software QA Engineer","🏢 Office | 📍 Brak lokalizacji","https://www.reed.co.uk/jobs/software-engineer-senior-qa-test-do-178c/56945855?source=searchResults&filter=%2Fjobs%2Fsoftware-qa-engineer-jobs-in-united-kingdom",""
"Test Engineer","","","Reed","Software QA Engineer","🏢 Office | 📍 Brak lokalizacji","https://www.reed.co.uk/jobs/test-engineer/56911082?source=searchResults&filter=%2Fjobs%2Fsoftware-qa-engineer-jobs-in-united-kingdom",""
"Software Quality Engineer","","","Reed","Software QA Engineer","🏢 Office | 📍 Brak lokalizacji","https://www.reed.co.uk/jobs/software-quality-engineer/56698833?source=searchResults&filter=%2Fjobs%2Fsoftware-qa-engineer-jobs-in-united-kingdom",""
"QA/Test Engineer","","","Reed","Software QA Engineer","🏢 Office | 📍 Brak lokalizacji","https://www.reed.co.uk/jobs/qa-test-engineer/56789929?source=searchResults&filter=%2Fjobs%2Fsoftware-qa-engineer-jobs-in-united-kingdom",""
"QA Engineer - ServiceNow","","","Reed","Software QA Engineer","🏢 Office | 📍 Brak lokalizacji","https://www.reed.co.uk/jobs/qa-engineer-servicenow/56368015?source=searchResults&filter=%2Fjobs%2Fsoftware-qa-engineer-jobs-in-united-kingdom",""
"Lead Quality Engineer","","","Reed","Software QA Engineer","🏢 Office | 📍 Brak lokalizacji","https://www.reed.co.uk/jobs/lead-quality-engineer/56812312?source=searchResults&filter=%2Fjobs%2Fsoftware-qa-engineer-jobs-in-united-kingdom",""
"Test Quality Assurance Engineer","","","Reed","Software QA Engineer","🏢 Office | 📍 Brak lokalizacji","https://www.reed.co.uk/jobs/test-quality-assurance-engineer/56868487?source=searchResults&filter=%2Fjobs%2Fsoftware-qa-engineer-jobs-in-united-kingdom",""
"Senior QA Engineer","","","Reed","Software QA Engineer","🏢 Office | 📍 Brak lokalizacji","https://www.reed.co.uk/jobs/senior-qa-engineer/56932224?source=searchResults&filter=%2Fjobs%2Fsoftware-qa-engineer-jobs-in-united-kingdom",""
"Test Engineer","","","Reed","Software QA Engineer","🏢 Office | 📍 Brak lokalizacji","https://www.reed.co.uk/jobs/test-engineer/56868490?source=searchResults&filter=%2Fjobs%2Fsoftware-qa-engineer-jobs-in-united-kingdom",""
"Test Engineer","","","Reed","Software QA Engineer","🏢 Office | 📍 Brak lokalizacji","https://www.reed.co.uk/jobs/test-engineer/56887525?source=searchResults&filter=%2Fjobs%2Fsoftware-qa-engineer-jobs-in-united-kingdom",""
"Lead Quality Engineer","","","Reed","Software QA Engineer","🏢 Office | 📍 Brak lokalizacji","https://www.reed.co.uk/jobs/lead-quality-engineer/56804612?source=searchResults&filter=%2Fjobs%2Fsoftware-qa-engineer-jobs-in-united-kingdom",""
"IT Support Engineer Apprentice","","","Reed","Software QA Engineer","🏢 Office | 📍 Brak lokalizacji","https://www.reed.co.uk/jobs/it-support-engineer-apprentice/56907290?source=searchResults&filter=%2Fjobs%2Fsoftware-qa-engineer-jobs-in-united-kingdom",""
"Senior Software Developer","","","Reed","Software QA Engineer","🏢 Office | 📍 Brak lokalizacji","https://www.reed.co.uk/jobs/senior-software-developer/56904263?source=searchResults&filter=%2Fjobs%2Fsoftware-qa-engineer-jobs-in-united-kingdom",""
"QA Systems Application Specialist","","","Reed","Software QA Engineer","🏢 Office | 📍 Brak lokalizacji","https://www.reed.co.uk/jobs/qa-systems-application-specialist/56931686?source=searchResults&filter=%2Fjobs%2Fsoftware-qa-engineer-jobs-in-united-kingdom",""
"Principal Software Engineer","","","Reed","Software QA Engineer","🏢 Office | 📍 Brak lokalizacji","https://www.reed.co.uk/jobs/principal-software-engineer/56913241?source=searchResults&filter=%2Fjobs%2Fsoftware-qa-engineer-jobs-in-united-kingdom",""
"Quality Engineer","","","Reed","Software QA Engineer","🏢 Office | 📍 Brak lokalizacji","https://www.reed.co.uk/jobs/quality-engineer/56913330?source=searchResults&filter=%2Fjobs%2Fsoftware-qa-engineer-jobs-in-united-kingdom",""
"Production Engineer","","","Reed","Software QA Engineer","🏢 Office | 📍 Brak lokalizacji","https://www.reed.co.uk/jobs/production-engineer/56885575?source=searchResults&filter=%2Fjobs%2Fsoftware-qa-engineer-jobs-in-united-kingdom",""
"AI & Digital Support Apprentice","","","Reed","Software QA Engineer","🏢 Office | 📍 Brak lokalizacji","https://www.reed.co.uk/jobs/ai-digital-support-apprentice/56930066?source=searchResults&filter=%2Fjobs%2Fsoftware-qa-engineer-jobs-in-united-kingdom",""
"IT Support Apprentice","","","Reed","Software QA Engineer","🏢 Office | 📍 Brak lokalizacji","https://www.reed.co.uk/jobs/it-support-apprentice/56887791?source=searchResults&filter=%2Fjobs%2Fsoftware-qa-engineer-jobs-in-united-kingdom",""
"QA Test Lead","","","Reed","Software QA Engineer","🏢 Office | 📍 Brak lokalizacji","https://www.reed.co.uk/jobs/qa-test-lead/56821661?source=searchResults&filter=%2Fjobs%2Fsoftware-qa-engineer-jobs-in-united-kingdom",""
"IT Support Apprentice","","","Reed","Software QA Engineer","🏢 Office | 📍 Brak lokalizacji","https://www.reed.co.uk/jobs/it-support-apprentice/56887743?source=searchResults&filter=%2Fjobs%2Fsoftware-qa-engineer-jobs-in-united-kingdom",""
"QA Test Analyst","","","Reed","Software QA Automation Engineer","🏢 Office | 📍 Brak lokalizacji","https://www.reed.co.uk/jobs/qa-test-analyst/56934432?source=searchResults&filter=%2Fjobs%2Fsoftware-qa-automation-engineer-jobs-in-united-kingdom",""
"QA Engineer - Manual testing web applications","","","Reed","Software QA Automation Engineer","🏢 Office | 📍 Brak lokalizacji","https://www.reed.co.uk/jobs/qa-engineer-manual-testing-web-applications/56933699?source=searchResults&filter=%2Fjobs%2Fsoftware-qa-automation-engineer-jobs-in-united-kingdom",""
"Software QA Engineer","","","Reed","Software QA Automation Engineer","🏢 Office | 📍 Brak lokalizacji","https://www.reed.co.uk/jobs/software-qa-engineer/56947844?source=searchResults&filter=%2Fjobs%2Fsoftware-qa-automation-engineer-jobs-in-united-kingdom",""
"Software QA Engineer","","","Reed","Software QA Automation Engineer","🏢 Office | 📍 Brak lokalizacji","https://www.reed.co.uk/jobs/software-qa-engineer/56922636?source=searchResults&filter=%2Fjobs%2Fsoftware-qa-automation-engineer-jobs-in-united-kingdom",""
"Test Engineer","","","Reed","Software QA Automation Engineer","🏢 Office | 📍 Brak lokalizacji","https://www.reed.co.uk/jobs/test-engineer/56911082?source=searchResults&filter=%2Fjobs%2Fsoftware-qa-automation-engineer-jobs-in-united-kingdom",""
"Software Tester","","","Reed","Software QA Automation Engineer","🏢 Office | 📍 Brak lokalizacji","https://www.reed.co.uk/jobs/software-tester/56947977?source=searchResults&filter=%2Fjobs%2Fsoftware-qa-automation-engineer-jobs-in-united-kingdom",""
"Senior QA Engineer","","","Reed","Software QA Automation Engineer","🏢 Office | 📍 Brak lokalizacji","https://www.reed.co.uk/jobs/senior-qa-engineer/56932224?source=searchResults&filter=%2Fjobs%2Fsoftware-qa-automation-engineer-jobs-in-united-kingdom",""
"QA/Test Engineer","","","Reed","Software QA Automation Engineer","🏢 Office | 📍 Brak lokalizacji","https://www.reed.co.uk/jobs/qa-test-engineer/56789929?source=searchResults&filter=%2Fjobs%2Fsoftware-qa-automation-engineer-jobs-in-united-kingdom",""
"Lead Quality Engineer","","","Reed","Software QA Automation Engineer","🏢 Office | 📍 Brak lokalizacji","https://www.reed.co.uk/jobs/lead-quality-engineer/56812312?source=searchResults&filter=%2Fjobs%2Fsoftware-qa-automation-engineer-jobs-in-united-kingdom",""
"Technical Customer Success Specialist - Graduate","","","Reed","Software QA Automation Engineer","🏢 Office | 📍 Brak lokalizacji","https://www.reed.co.uk/jobs/technical-customer-success-specialist-graduate/56865868?source=searchResults&filter=%2Fjobs%2Fsoftware-qa-automation-engineer-jobs-in-united-kingdom",""
"AI & Digital Support Apprentice","","","Reed","Software QA Automation Engineer","🏢 Office | 📍 Brak lokalizacji","https://www.reed.co.uk/jobs/ai-digital-support-apprentice/56930066?source=searchResults&filter=%2Fjobs%2Fsoftware-qa-automation-engineer-jobs-in-united-kingdom",""
"Test Engineer","","","Reed","Software QA Automation Engineer","🏢 Office | 📍 Brak lokalizacji","https://www.reed.co.uk/jobs/test-engineer/56887525?source=searchResults&filter=%2Fjobs%2Fsoftware-qa-automation-engineer-jobs-in-united-kingdom",""
"Lead AI Red Teaming & QA Engineer","","","Reed","Software QA Automation Engineer","🏢 Office | 📍 Brak lokalizacji","https://www.reed.co.uk/jobs/lead-ai-red-teaming-qa-engineer/56912145?source=searchResults&filter=%2Fjobs%2Fsoftware-qa-automation-engineer-jobs-in-united-kingdom",""
"Engineering Manager","","","Reed","Software QA Automation Engineer","🏢 Office | 📍 Brak lokalizacji","https://www.reed.co.uk/jobs/engineering-manager/56927986?source=searchResults&filter=%2Fjobs%2Fsoftware-qa-automation-engineer-jobs-in-united-kingdom",""
"Senior C++ Developer (Hybrid, UK-Based)","","","Reed","Software QA Automation Engineer","🔀 Hybrid | 📍 Brak lokalizacji","https://www.reed.co.uk/jobs/senior-c-developer-hybrid-uk-based/56901919?source=searchResults&filter=%2Fjobs%2Fsoftware-qa-automation-engineer-jobs-in-united-kingdom",""
"QA Systems Application Specialist","","","Reed","Software QA Automation Engineer","🏢 Office | 📍 Brak lokalizacji","https://www.reed.co.uk/jobs/qa-systems-application-specialist/56931686?source=searchResults&filter=%2Fjobs%2Fsoftware-qa-automation-engineer-jobs-in-united-kingdom",""
"Quality Engineer","","","Reed","Software QA Automation Engineer","🏢 Office | 📍 Brak lokalizacji","https://www.reed.co.uk/jobs/quality-engineer/56913330?source=searchResults&filter=%2Fjobs%2Fsoftware-qa-automation-engineer-jobs-in-united-kingdom",""
"QA Test Lead","","","Reed","Software QA Automation Engineer","🏢 Office | 📍 Brak lokalizacji","https://www.reed.co.uk/jobs/qa-test-lead/56821661?source=searchResults&filter=%2Fjobs%2Fsoftware-qa-automation-engineer-jobs-in-united-kingdom",""
"PAT Tester","","","Reed","Software QA Automation Engineer","🏢 Office | 📍 Brak lokalizacji","https://www.reed.co.uk/jobs/pat-tester/56924898?source=searchResults&filter=%2Fjobs%2Fsoftware-qa-automation-engineer-jobs-in-united-kingdom",""
"Electrical Test and Inspection Engineer","","","Reed","Software QA Automation Engineer","🏢 Office | 📍 Brak lokalizacji","https://www.reed.co.uk/jobs/electrical-test-and-inspection-engineer/56924966?source=searchResults&filter=%2Fjobs%2Fsoftware-qa-automation-engineer-jobs-in-united-kingdom",""
"Junior Automation QA Engineer","","","Reed","Software QA Automation Engineer","🏢 Office | 📍 Brak lokalizacji","https://www.reed.co.uk/jobs/junior-automation-qa-engineer/56812839?source=searchResults&filter=%2Fjobs%2Fsoftware-qa-automation-engineer-jobs-in-united-kingdom",""
"QA Engineer","","","Reed","Software QA Automation Engineer","🏢 Office | 📍 Brak lokalizacji","https://www.reed.co.uk/jobs/qa-engineer/56793724?source=searchResults&filter=%2Fjobs%2Fsoftware-qa-automation-engineer-jobs-in-united-kingdom",""
"Test Analyst - Hybrid - Warwick - UK","","","Reed","Software QA Automation Engineer","🔀 Hybrid | 📍 Brak lokalizacji","https://www.reed.co.uk/jobs/test-analyst-hybrid-warwick-uk/56939059?source=searchResults&filter=%2Fjobs%2Fsoftware-qa-automation-engineer-jobs-in-united-kingdom",""
"Q&A Test Engineer","","","Reed","Software QA Automation Engineer","🏢 Office | 📍 Brak lokalizacji","https://www.reed.co.uk/jobs/q-a-test-engineer/56912604?source=searchResults&filter=%2Fjobs%2Fsoftware-qa-automation-engineer-jobs-in-united-kingdom",""
"Senior Test Analyst","","","Reed","Software QA Automation Engineer","🏢 Office | 📍 Brak lokalizacji","https://www.reed.co.uk/jobs/senior-test-analyst/56833369?source=searchResults&filter=%2Fjobs%2Fsoftware-qa-automation-engineer-jobs-in-united-kingdom",""
"QA Test Lead","","","Reed","Testing Lead","🏢 Office | 📍 Brak lokalizacji","https://www.reed.co.uk/jobs/qa-test-lead/56821661?source=searchResults&filter=%2Fjobs%2Ftesting-lead-jobs-in-united-kingdom",""
"Test Lead","","","Reed","Testing Lead","🏢 Office | 📍 Brak lokalizacji","https://www.reed.co.uk/jobs/test-lead/56914845?source=searchResults&filter=%2Fjobs%2Ftesting-lead-jobs-in-united-kingdom",""
"Test Lead","","","Reed","Testing Lead","🏢 Office | 📍 Brak lokalizacji","https://www.reed.co.uk/jobs/test-lead/56878121?source=searchResults&filter=%2Fjobs%2Ftesting-lead-jobs-in-united-kingdom",""
"Test Lead","","","Reed","Testing Lead","🏢 Office | 📍 Brak lokalizacji","https://www.reed.co.uk/jobs/test-lead/56689532?source=searchResults&filter=%2Fjobs%2Ftesting-lead-jobs-in-united-kingdom",""
"Analytical Testing Lead (Chemistry)","","","Reed","Testing Lead","🏢 Office | 📍 Brak lokalizacji","https://www.reed.co.uk/jobs/analytical-testing-lead-chemistry/56907064?source=searchResults&filter=%2Fjobs%2Ftesting-lead-jobs-in-united-kingdom",""
"Test Lead (Contract)","","","Reed","Testing Lead","🏢 Office | 📍 Brak lokalizacji","https://www.reed.co.uk/jobs/test-lead-contract/56936046?source=searchResults&filter=%2Fjobs%2Ftesting-lead-jobs-in-united-kingdom",""
"Transformer Test Manager","","","Reed","Testing Lead","🏢 Office | 📍 Brak lokalizacji","https://www.reed.co.uk/jobs/transformer-test-manager/56893161?source=searchResults&filter=%2Fjobs%2Ftesting-lead-jobs-in-united-kingdom",""
"Test Lead with Active SC Clearance - London/Corsham, UK","","","Reed","Testing Lead","🏢 Office | 📍 Brak lokalizacji","https://www.reed.co.uk/jobs/test-lead-with-active-sc-clearance-london-corsham-uk/56818623?source=searchResults&filter=%2Fjobs%2Ftesting-lead-jobs-in-united-kingdom",""
"Test Manager / Lead £600/d Financial Services Remote","","","Reed","Testing Lead","🏢 Office | 📍 Brak lokalizacji","https://www.reed.co.uk/jobs/test-manager-lead-600-d-financial-services-remote/56894233?source=searchResults&filter=%2Fjobs%2Ftesting-lead-jobs-in-united-kingdom",""
"Lead Test Manager","","","Reed","Testing Lead","🏢 Office | 📍 Brak lokalizacji","https://www.reed.co.uk/jobs/lead-test-manager/56947305?source=searchResults&filter=%2Fjobs%2Ftesting-lead-jobs-in-united-kingdom",""
"QA Test Analyst","","","Reed","Testing Lead","🏢 Office | 📍 Brak lokalizacji","https://www.reed.co.uk/jobs/qa-test-analyst/56934432?source=searchResults&filter=%2Fjobs%2Ftesting-lead-jobs-in-united-kingdom",""
"Lead Engineer","","","Reed","Testing Lead","🏢 Office | 📍 Brak lokalizacji","https://www.reed.co.uk/jobs/lead-engineer/56424517?source=searchResults&filter=%2Fjobs%2Ftesting-lead-jobs-in-united-kingdom",""
"Cockpit Test and Development Lead Engineer","","","Reed","Testing Lead","🏢 Office | 📍 Brak lokalizacji","https://www.reed.co.uk/jobs/cockpit-test-and-development-lead-engineer/56929519?source=searchResults&filter=%2Fjobs%2Ftesting-lead-jobs-in-united-kingdom",""
"Lead Test Engineer – 12 month – SC Cleared – Manchester","","","Reed","Testing Lead","🏢 Office | 📍 Brak lokalizacji","https://www.reed.co.uk/jobs/lead-test-engineer--12-month--sc-cleared--manchester/56876926?source=searchResults&filter=%2Fjobs%2Ftesting-lead-jobs-in-united-kingdom",""
"Programme Test Manager - Inside IR35 - REMOTE","","","Reed","Testing Lead","🏢 Office | 📍 Brak lokalizacji","https://www.reed.co.uk/jobs/programme-test-manager-inside-ir35-remote/56864530?source=searchResults&filter=%2Fjobs%2Ftesting-lead-jobs-in-united-kingdom",""
"Internal Controls Tester","","","Reed","Testing Lead","🏢 Office | 📍 Brak lokalizacji","https://www.reed.co.uk/jobs/internal-controls-tester/56844404?source=searchResults&filter=%2Fjobs%2Ftesting-lead-jobs-in-united-kingdom",""
"Lead Internal Quality Assurer","","","Reed","Testing Lead","🏢 Office | 📍 Brak lokalizacji","https://www.reed.co.uk/jobs/lead-internal-quality-assurer/56852440?source=searchResults&filter=%2Fjobs%2Ftesting-lead-jobs-in-united-kingdom",""
"QA Engineer - Manual testing web applications","","","Reed","Testing Lead","🏢 Office | 📍 Brak lokalizacji","https://www.reed.co.uk/jobs/qa-engineer-manual-testing-web-applications/56933699?source=searchResults&filter=%2Fjobs%2Ftesting-lead-jobs-in-united-kingdom",""
"DIG - Test & Acceptance Engineer","","","Reed","Testing Lead","🏢 Office | 📍 Brak lokalizacji","https://www.reed.co.uk/jobs/dig-test-acceptance-engineer/56894195?source=searchResults&filter=%2Fjobs%2Ftesting-lead-jobs-in-united-kingdom",""
"QA Auditor","","","Reed","Testing Lead","🏢 Office | 📍 Brak lokalizacji","https://www.reed.co.uk/jobs/qa-auditor/56839922?source=searchResults&filter=%2Fjobs%2Ftesting-lead-jobs-in-united-kingdom",""
"Service Delivery Lead","","","Reed","Testing Lead","🏢 Office | 📍 Brak lokalizacji","https://www.reed.co.uk/jobs/service-delivery-lead/56859643?source=searchResults&filter=%2Fjobs%2Ftesting-lead-jobs-in-united-kingdom",""
"Quality Assurance Specialist","","","Reed","Testing Lead","🏢 Office | 📍 Brak lokalizacji","https://www.reed.co.uk/jobs/quality-assurance-specialist/56843359?source=searchResults&filter=%2Fjobs%2Ftesting-lead-jobs-in-united-kingdom",""
"Salesforce Test Engineer","","","Reed","Testing Lead","🏢 Office | 📍 Brak lokalizacji","https://www.reed.co.uk/jobs/salesforce-test-engineer/56871152?source=searchResults&filter=%2Fjobs%2Ftesting-lead-jobs-in-united-kingdom",""
"Junior QA Analyst - Agile, Perm, Hybrid","","","Reed","Testing Lead","🔀 Hybrid | 📍 Brak lokalizacji","https://www.reed.co.uk/jobs/junior-qa-analyst-agile-perm-hybrid/56818268?source=searchResults&filter=%2Fjobs%2Ftesting-lead-jobs-in-united-kingdom",""
"PAT Tester","","","Reed","Testing Lead","🏢 Office | 📍 Brak lokalizacji","https://www.reed.co.uk/jobs/pat-tester/56924898?source=searchResults&filter=%2Fjobs%2Ftesting-lead-jobs-in-united-kingdom",""
"QA Test Lead","","","Reed","Test Lead","🏢 Office | 📍 Brak lokalizacji","https://www.reed.co.uk/jobs/qa-test-lead/56821661?source=searchResults&filter=%2Fjobs%2Ftest-lead-jobs-in-united-kingdom",""
"Test Lead","","","Reed","Test Lead","🏢 Office | 📍 Brak lokalizacji","https://www.reed.co.uk/jobs/test-lead/56914845?source=searchResults&filter=%2Fjobs%2Ftest-lead-jobs-in-united-kingdom",""
"Test Lead","","","Reed","Test Lead","🏢 Office | 📍 Brak lokalizacji","https://www.reed.co.uk/jobs/test-lead/56878121?source=searchResults&filter=%2Fjobs%2Ftest-lead-jobs-in-united-kingdom",""
"Test Lead","","","Reed","Test Lead","🏢 Office | 📍 Brak lokalizacji","https://www.reed.co.uk/jobs/test-lead/56689532?source=searchResults&filter=%2Fjobs%2Ftest-lead-jobs-in-united-kingdom",""
"Test Lead (Contract)","","","Reed","Test Lead","🏢 Office | 📍 Brak lokalizacji","https://www.reed.co.uk/jobs/test-lead-contract/56936046?source=searchResults&filter=%2Fjobs%2Ftest-lead-jobs-in-united-kingdom",""
"Analytical Testing Lead (Chemistry)","","","Reed","Test Lead","🏢 Office | 📍 Brak lokalizacji","https://www.reed.co.uk/jobs/analytical-testing-lead-chemistry/56907064?source=searchResults&filter=%2Fjobs%2Ftest-lead-jobs-in-united-kingdom",""
"Transformer Test Manager","","","Reed","Test Lead","🏢 Office | 📍 Brak lokalizacji","https://www.reed.co.uk/jobs/transformer-test-manager/56893161?source=searchResults&filter=%2Fjobs%2Ftest-lead-jobs-in-united-kingdom",""
"Test Lead with Active SC Clearance - London/Corsham, UK","","","Reed","Test Lead","🏢 Office | 📍 Brak lokalizacji","https://www.reed.co.uk/jobs/test-lead-with-active-sc-clearance-london-corsham-uk/56818623?source=searchResults&filter=%2Fjobs%2Ftest-lead-jobs-in-united-kingdom",""
"Test Manager / Lead £600/d Financial Services Remote","","","Reed","Test Lead","🏢 Office | 📍 Brak lokalizacji","https://www.reed.co.uk/jobs/test-manager-lead-600-d-financial-services-remote/56894233?source=searchResults&filter=%2Fjobs%2Ftest-lead-jobs-in-united-kingdom",""
"Lead Test Manager","","","Reed","Test Lead","🏢 Office | 📍 Brak lokalizacji","https://www.reed.co.uk/jobs/lead-test-manager/56947305?source=searchResults&filter=%2Fjobs%2Ftest-lead-jobs-in-united-kingdom",""
"Lead Test Architect","","","Reed","Test Lead","🏢 Office | 📍 Brak lokalizacji","https://www.reed.co.uk/jobs/lead-test-architect/56878784?source=searchResults&filter=%2Fjobs%2Ftest-lead-jobs-in-united-kingdom",""
"Lead Software Test Engineer","","","Reed","Test Lead","🏢 Office | 📍 Brak lokalizacji","https://www.reed.co.uk/jobs/lead-software-test-engineer/56878350?source=searchResults&filter=%2Fjobs%2Ftest-lead-jobs-in-united-kingdom",""
"QA Test Analyst","","","Reed","Test Lead","🏢 Office | 📍 Brak lokalizacji","https://www.reed.co.uk/jobs/qa-test-analyst/56934432?source=searchResults&filter=%2Fjobs%2Ftest-lead-jobs-in-united-kingdom",""
"Cockpit Test and Development Lead Engineer","","","Reed","Test Lead","🏢 Office | 📍 Brak lokalizacji","https://www.reed.co.uk/jobs/cockpit-test-and-development-lead-engineer/56929519?source=searchResults&filter=%2Fjobs%2Ftest-lead-jobs-in-united-kingdom",""
"Lead Test Engineer – 12 month – SC Cleared – Manchester","","","Reed","Test Lead","🏢 Office | 📍 Brak lokalizacji","https://www.reed.co.uk/jobs/lead-test-engineer--12-month--sc-cleared--manchester/56876926?source=searchResults&filter=%2Fjobs%2Ftest-lead-jobs-in-united-kingdom",""
"Senior QA Engineer","","","Reed","Test Lead","🏢 Office | 📍 Brak lokalizacji","https://www.reed.co.uk/jobs/senior-qa-engineer/56932224?source=searchResults&filter=%2Fjobs%2Ftest-lead-jobs-in-united-kingdom",""
"Programme Test Manager - Inside IR35 - REMOTE","","","Reed","Test Lead","🏢 Office | 📍 Brak lokalizacji","https://www.reed.co.uk/jobs/programme-test-manager-inside-ir35-remote/56864530?source=searchResults&filter=%2Fjobs%2Ftest-lead-jobs-in-united-kingdom",""
"NPI Test Engineer","","","Reed","Test Lead","🏢 Office | 📍 Brak lokalizacji","https://www.reed.co.uk/jobs/npi-test-engineer/56877145?source=searchResults&filter=%2Fjobs%2Ftest-lead-jobs-in-united-kingdom",""
"Internal Controls Tester","","","Reed","Test Lead","🏢 Office | 📍 Brak lokalizacji","https://www.reed.co.uk/jobs/internal-controls-tester/56844404?source=searchResults&filter=%2Fjobs%2Ftest-lead-jobs-in-united-kingdom",""
"DIG - Test & Acceptance Engineer","","","Reed","Test Lead","🏢 Office | 📍 Brak lokalizacji","https://www.reed.co.uk/jobs/dig-test-acceptance-engineer/56894195?source=searchResults&filter=%2Fjobs%2Ftest-lead-jobs-in-united-kingdom",""
"Salesforce Test Engineer","","","Reed","Test Lead","🏢 Office | 📍 Brak lokalizacji","https://www.reed.co.uk/jobs/salesforce-test-engineer/56871152?source=searchResults&filter=%2Fjobs%2Ftest-lead-jobs-in-united-kingdom",""
"Senior Design Engineer","","","Reed","Test Lead","🏢 Office | 📍 Brak lokalizacji","https://www.reed.co.uk/jobs/senior-design-engineer/56790406?source=searchResults&filter=%2Fjobs%2Ftest-lead-jobs-in-united-kingdom",""
"Software QA Lead","","","Reed","Test Lead","🏢 Office | 📍 Brak lokalizacji","https://www.reed.co.uk/jobs/software-qa-lead/56848224?source=searchResults&filter=%2Fjobs%2Ftest-lead-jobs-in-united-kingdom",""
"Test Manager","","","Reed","Test Lead","🏢 Office | 📍 Brak lokalizacji","https://www.reed.co.uk/jobs/test-manager/56831000?source=searchResults&filter=%2Fjobs%2Ftest-lead-jobs-in-united-kingdom",""
"Lead Automation Tester Engineer, C#, tyescript, Playwright","","","Reed","Test Lead","🏢 Office | 📍 Brak lokalizacji","https://www.reed.co.uk/jobs/lead-automation-tester-engineer-c-tyescript-playwright/56838448?source=searchResults&filter=%2Fjobs%2Ftest-lead-jobs-in-united-kingdom",""
"Senior QA Engineer","","","Reed","QA Engineer","🏢 Office | 📍 Brak lokalizacji","https://www.reed.co.uk/jobs/senior-qa-engineer/56932224?source=searchResults&filter=%2Fjobs%2Fqa-engineer-jobs-in-united-kingdom",""
"QA Engineer - Manual testing web applications","","","Reed","QA Engineer","🏢 Office | 📍 Brak lokalizacji","https://www.reed.co.uk/jobs/qa-engineer-manual-testing-web-applications/56933699?source=searchResults&filter=%2Fjobs%2Fqa-engineer-jobs-in-united-kingdom",""
"QA Engineer","","","Reed","QA Engineer","🏢 Office | 📍 Brak lokalizacji","https://www.reed.co.uk/jobs/qa-engineer/56793724?source=searchResults&filter=%2Fjobs%2Fqa-engineer-jobs-in-united-kingdom",""
"QA Engineer","","","Reed","QA Engineer","🏢 Office | 📍 Brak lokalizacji","https://www.reed.co.uk/jobs/qa-engineer/56836249?source=searchResults&filter=%2Fjobs%2Fqa-engineer-jobs-in-united-kingdom",""
"QA Automation Engineer","","","Reed","QA Engineer","🏢 Office | 📍 Brak lokalizacji","https://www.reed.co.uk/jobs/qa-automation-engineer/56848010?source=searchResults&filter=%2Fjobs%2Fqa-engineer-jobs-in-united-kingdom",""
"QA/Test Engineer","","","Reed","QA Engineer","🏢 Office | 📍 Brak lokalizacji","https://www.reed.co.uk/jobs/qa-test-engineer/56789929?source=searchResults&filter=%2Fjobs%2Fqa-engineer-jobs-in-united-kingdom",""
"Quality Assurance Engineer","","","Reed","QA Engineer","🏢 Office | 📍 Brak lokalizacji","https://www.reed.co.uk/jobs/quality-assurance-engineer/56861589?source=searchResults&filter=%2Fjobs%2Fqa-engineer-jobs-in-united-kingdom",""
"Quality Assurance Engineer","","","Reed","QA Engineer","🏢 Office | 📍 Brak lokalizacji","https://www.reed.co.uk/jobs/quality-assurance-engineer/56817300?source=searchResults&filter=%2Fjobs%2Fqa-engineer-jobs-in-united-kingdom",""
"Software QA Engineer","","","Reed","QA Engineer","🏢 Office | 📍 Brak lokalizacji","https://www.reed.co.uk/jobs/software-qa-engineer/56922636?source=searchResults&filter=%2Fjobs%2Fqa-engineer-jobs-in-united-kingdom",""
"Software QA Engineer","","","Reed","QA Engineer","🏢 Office | 📍 Brak lokalizacji","https://www.reed.co.uk/jobs/software-qa-engineer/56947844?source=searchResults&filter=%2Fjobs%2Fqa-engineer-jobs-in-united-kingdom",""
"Senior QA Engineer","","","Reed","QA Engineer","🏢 Office | 📍 Brak lokalizacji","https://www.reed.co.uk/jobs/senior-qa-engineer/56942815?source=searchResults&filter=%2Fjobs%2Fqa-engineer-jobs-in-united-kingdom",""
"QA Engineer - ServiceNow","","","Reed","QA Engineer","🏢 Office | 📍 Brak lokalizacji","https://www.reed.co.uk/jobs/qa-engineer-servicenow/56368015?source=searchResults&filter=%2Fjobs%2Fqa-engineer-jobs-in-united-kingdom",""
"Operations Quality Assurance Engineer","","","Reed","QA Engineer","🏢 Office | 📍 Brak lokalizacji","https://www.reed.co.uk/jobs/operations-quality-assurance-engineer/56795068?source=searchResults&filter=%2Fjobs%2Fqa-engineer-jobs-in-united-kingdom",""
"Senior Quality Assurance Engineer","","","Reed","QA Engineer","🏢 Office | 📍 Brak lokalizacji","https://www.reed.co.uk/jobs/senior-quality-assurance-engineer/56824839?source=searchResults&filter=%2Fjobs%2Fqa-engineer-jobs-in-united-kingdom",""
"Quality Assurance Engineer","","","Reed","QA Engineer","🏢 Office | 📍 Brak lokalizacji","https://www.reed.co.uk/jobs/quality-assurance-engineer/56926756?source=searchResults&filter=%2Fjobs%2Fqa-engineer-jobs-in-united-kingdom",""
"Test Quality Assurance Engineer","","","Reed","QA Engineer","🏢 Office | 📍 Brak lokalizacji","https://www.reed.co.uk/jobs/test-quality-assurance-engineer/56868487?source=searchResults&filter=%2Fjobs%2Fqa-engineer-jobs-in-united-kingdom",""
"Senior QA Engineer","","","Reed","QA Engineer","🏢 Office | 📍 Brak lokalizacji","https://www.reed.co.uk/jobs/senior-qa-engineer/56942822?source=searchResults&filter=%2Fjobs%2Fqa-engineer-jobs-in-united-kingdom",""
"QA Engineer - HS2","","","Reed","QA Engineer","🏢 Office | 📍 Brak lokalizacji","https://www.reed.co.uk/jobs/qa-engineer-hs2/56937575?source=searchResults&filter=%2Fjobs%2Fqa-engineer-jobs-in-united-kingdom",""
"Junior Automation QA Engineer","","","Reed","QA Engineer","🏢 Office | 📍 Brak lokalizacji","https://www.reed.co.uk/jobs/junior-automation-qa-engineer/56812839?source=searchResults&filter=%2Fjobs%2Fqa-engineer-jobs-in-united-kingdom",""
"QA Engineer (Automation) - Manchester","","","Reed","QA Engineer","🏢 Office | 📍 Brak lokalizacji","https://www.reed.co.uk/jobs/qa-engineer-automation-manchester/56791497?source=searchResults&filter=%2Fjobs%2Fqa-engineer-jobs-in-united-kingdom",""
"AI (QA) Automation Engineer","","","Reed","QA Engineer","🏢 Office | 📍 Brak lokalizacji","https://www.reed.co.uk/jobs/ai-qa-automation-engineer/56888873?source=searchResults&filter=%2Fjobs%2Fqa-engineer-jobs-in-united-kingdom",""
"Supplier Development and Quality Engineer","","","Reed","QA Engineer","🏢 Office | 📍 Brak lokalizacji","https://www.reed.co.uk/jobs/supplier-development-and-quality-engineer/56918038?source=searchResults&filter=%2Fjobs%2Fqa-engineer-jobs-in-united-kingdom",""
"Lead AI Red Teaming & QA Engineer","","","Reed","QA Engineer","🏢 Office | 📍 Brak lokalizacji","https://www.reed.co.uk/jobs/lead-ai-red-teaming-qa-engineer/56912145?source=searchResults&filter=%2Fjobs%2Fqa-engineer-jobs-in-united-kingdom",""
"QA Manual Test Engineer","","","Reed","QA Engineer","🏢 Office | 📍 Brak lokalizacji","https://www.reed.co.uk/jobs/qa-manual-test-engineer/56929615?source=searchResults&filter=%2Fjobs%2Fqa-engineer-jobs-in-united-kingdom",""
"Technical Customer Success Specialist - Graduate","","","Reed","QA Engineer","🏢 Office | 📍 Brak lokalizacji","https://www.reed.co.uk/jobs/technical-customer-success-specialist-graduate/56865868?source=searchResults&filter=%2Fjobs%2Fqa-engineer-jobs-in-united-kingdom",""
"QA Automation Engineer","","","Reed","QA Automation Engineer","🏢 Office | 📍 Brak lokalizacji","https://www.reed.co.uk/jobs/qa-automation-engineer/56848010?source=searchResults&filter=%2Fjobs%2Fqa-automation-engineer-jobs-in-united-kingdom",""
"AI (QA) Automation Engineer","","","Reed","QA Automation Engineer","🏢 Office | 📍 Brak lokalizacji","https://www.reed.co.uk/jobs/ai-qa-automation-engineer/56888873?source=searchResults&filter=%2Fjobs%2Fqa-automation-engineer-jobs-in-united-kingdom",""
"Junior Automation QA Engineer","","","Reed","QA Automation Engineer","🏢 Office | 📍 Brak lokalizacji","https://www.reed.co.uk/jobs/junior-automation-qa-engineer/56812839?source=searchResults&filter=%2Fjobs%2Fqa-automation-engineer-jobs-in-united-kingdom",""
"QA Engineer (Automation) - Manchester","","","Reed","QA Automation Engineer","🏢 Office | 📍 Brak lokalizacji","https://www.reed.co.uk/jobs/qa-engineer-automation-manchester/56791497?source=searchResults&filter=%2Fjobs%2Fqa-automation-engineer-jobs-in-united-kingdom",""
"QA Engineer - Manual testing web applications","","","Reed","QA Automation Engineer","🏢 Office | 📍 Brak lokalizacji","https://www.reed.co.uk/jobs/qa-engineer-manual-testing-web-applications/56933699?source=searchResults&filter=%2Fjobs%2Fqa-automation-engineer-jobs-in-united-kingdom",""
"QA Test Analyst","","","Reed","QA Automation Engineer","🏢 Office | 📍 Brak lokalizacji","https://www.reed.co.uk/jobs/qa-test-analyst/56934432?source=searchResults&filter=%2Fjobs%2Fqa-automation-engineer-jobs-in-united-kingdom",""
"Senior QA Engineer","","","Reed","QA Automation Engineer","🏢 Office | 📍 Brak lokalizacji","https://www.reed.co.uk/jobs/senior-qa-engineer/56942815?source=searchResults&filter=%2Fjobs%2Fqa-automation-engineer-jobs-in-united-kingdom",""
"Senior QA Engineer","","","Reed","QA Automation Engineer","🏢 Office | 📍 Brak lokalizacji","https://www.reed.co.uk/jobs/senior-qa-engineer/56932224?source=searchResults&filter=%2Fjobs%2Fqa-automation-engineer-jobs-in-united-kingdom",""
"QA Engineer","","","Reed","QA Automation Engineer","🏢 Office | 📍 Brak lokalizacji","https://www.reed.co.uk/jobs/qa-engineer/56793724?source=searchResults&filter=%2Fjobs%2Fqa-automation-engineer-jobs-in-united-kingdom",""
"Software QA Engineer","","","Reed","QA Automation Engineer","🏢 Office | 📍 Brak lokalizacji","https://www.reed.co.uk/jobs/software-qa-engineer/56922636?source=searchResults&filter=%2Fjobs%2Fqa-automation-engineer-jobs-in-united-kingdom",""
"Software QA Engineer","","","Reed","QA Automation Engineer","🏢 Office | 📍 Brak lokalizacji","https://www.reed.co.uk/jobs/software-qa-engineer/56947844?source=searchResults&filter=%2Fjobs%2Fqa-automation-engineer-jobs-in-united-kingdom",""
"QA/Test Engineer","","","Reed","QA Automation Engineer","🏢 Office | 📍 Brak lokalizacji","https://www.reed.co.uk/jobs/qa-test-engineer/56789929?source=searchResults&filter=%2Fjobs%2Fqa-automation-engineer-jobs-in-united-kingdom",""
"Test Engineer","","","Reed","QA Automation Engineer","🏢 Office | 📍 Brak lokalizacji","https://www.reed.co.uk/jobs/test-engineer/56911082?source=searchResults&filter=%2Fjobs%2Fqa-automation-engineer-jobs-in-united-kingdom",""
"Lead Automation Tester Engineer, C#, tyescript, Playwright","","","Reed","QA Automation Engineer","🏢 Office | 📍 Brak lokalizacji","https://www.reed.co.uk/jobs/lead-automation-tester-engineer-c-tyescript-playwright/56838448?source=searchResults&filter=%2Fjobs%2Fqa-automation-engineer-jobs-in-united-kingdom",""
"Senior QA Tester","","","Reed","QA Automation Engineer","🏢 Office | 📍 Brak lokalizacji","https://www.reed.co.uk/jobs/senior-qa-tester/56917575?source=searchResults&filter=%2Fjobs%2Fqa-automation-engineer-jobs-in-united-kingdom",""
"Q&A Test Engineer","","","Reed","QA Automation Engineer","🏢 Office | 📍 Brak lokalizacji","https://www.reed.co.uk/jobs/q-a-test-engineer/56912604?source=searchResults&filter=%2Fjobs%2Fqa-automation-engineer-jobs-in-united-kingdom",""
"Lead Quality Engineer","","","Reed","QA Automation Engineer","🏢 Office | 📍 Brak lokalizacji","https://www.reed.co.uk/jobs/lead-quality-engineer/56812312?source=searchResults&filter=%2Fjobs%2Fqa-automation-engineer-jobs-in-united-kingdom",""
"Test Analyst - Hybrid - Warwick - UK","","","Reed","QA Automation Engineer","🔀 Hybrid | 📍 Brak lokalizacji","https://www.reed.co.uk/jobs/test-analyst-hybrid-warwick-uk/56939059?source=searchResults&filter=%2Fjobs%2Fqa-automation-engineer-jobs-in-united-kingdom",""
"Test Engineer","","","Reed","QA Automation Engineer","🏢 Office | 📍 Brak lokalizacji","https://www.reed.co.uk/jobs/test-engineer/56933380?source=searchResults&filter=%2Fjobs%2Fqa-automation-engineer-jobs-in-united-kingdom",""
"Technical Customer Success Specialist - Graduate","","","Reed","QA Automation Engineer","🏢 Office | 📍 Brak lokalizacji","https://www.reed.co.uk/jobs/technical-customer-success-specialist-graduate/56865868?source=searchResults&filter=%2Fjobs%2Fqa-automation-engineer-jobs-in-united-kingdom",""
"Automation Engineer","","","Reed","QA Automation Engineer","🏢 Office | 📍 Brak lokalizacji","https://www.reed.co.uk/jobs/automation-engineer/56931697?source=searchResults&filter=%2Fjobs%2Fqa-automation-engineer-jobs-in-united-kingdom",""
"Test Engineer","","","Reed","QA Automation Engineer","🏢 Office | 📍 Brak lokalizacji","https://www.reed.co.uk/jobs/test-engineer/56887525?source=searchResults&filter=%2Fjobs%2Fqa-automation-engineer-jobs-in-united-kingdom",""
"Process Engineer","","","Reed","QA Automation Engineer","🏢 Office | 📍 Brak lokalizacji","https://www.reed.co.uk/jobs/process-engineer/56894260?source=searchResults&filter=%2Fjobs%2Fqa-automation-engineer-jobs-in-united-kingdom",""
"Engineering Manager","","","Reed","QA Automation Engineer","🏢 Office | 📍 Brak lokalizacji","https://www.reed.co.uk/jobs/engineering-manager/56927986?source=searchResults&filter=%2Fjobs%2Fqa-automation-engineer-jobs-in-united-kingdom",""
"Software Test & Automation Engineer","","","Reed","Test Automation Engineer","🏢 Office | 📍 Brak lokalizacji","https://www.reed.co.uk/jobs/software-test-automation-engineer/56933953?source=searchResults&filter=%2Fjobs%2Ftest-automation-engineer-jobs-in-united-kingdom",""
"Senior QA Engineer","","","Reed","Test Automation Engineer","🏢 Office | 📍 Brak lokalizacji","https://www.reed.co.uk/jobs/senior-qa-engineer/56932224?source=searchResults&filter=%2Fjobs%2Ftest-automation-engineer-jobs-in-united-kingdom",""
"Test Engineer- 3-6 month contract","","","Reed","Test Automation Engineer","🏢 Office | 📍 Brak lokalizacji","https://www.reed.co.uk/jobs/test-engineer-3-6-month-contract/56811942?source=searchResults&filter=%2Fjobs%2Ftest-automation-engineer-jobs-in-united-kingdom",""
"QA Test Analyst","","","Reed","Test Automation Engineer","🏢 Office | 📍 Brak lokalizacji","https://www.reed.co.uk/jobs/qa-test-analyst/56934432?source=searchResults&filter=%2Fjobs%2Ftest-automation-engineer-jobs-in-united-kingdom",""
"Automation Engineer","","","Reed","Test Automation Engineer","🏢 Office | 📍 Brak lokalizacji","https://www.reed.co.uk/jobs/automation-engineer/56945956?source=searchResults&filter=%2Fjobs%2Ftest-automation-engineer-jobs-in-united-kingdom",""
"Automation Engineer","","","Reed","Test Automation Engineer","🏢 Office | 📍 Brak lokalizacji","https://www.reed.co.uk/jobs/automation-engineer/56931697?source=searchResults&filter=%2Fjobs%2Ftest-automation-engineer-jobs-in-united-kingdom",""
"NPI Test Engineer","","","Reed","Test Automation Engineer","🏢 Office | 📍 Brak lokalizacji","https://www.reed.co.uk/jobs/npi-test-engineer/56877145?source=searchResults&filter=%2Fjobs%2Ftest-automation-engineer-jobs-in-united-kingdom",""
"Warehouse Automation Maintenance Engineer","","","Reed","Test Automation Engineer","🏢 Office | 📍 Brak lokalizacji","https://www.reed.co.uk/jobs/warehouse-automation-maintenance-engineer/56838652?source=searchResults&filter=%2Fjobs%2Ftest-automation-engineer-jobs-in-united-kingdom",""
"Automation Analyst","","","Reed","Test Automation Engineer","🏢 Office | 📍 Brak lokalizacji","https://www.reed.co.uk/jobs/automation-analyst/56880337?source=searchResults&filter=%2Fjobs%2Ftest-automation-engineer-jobs-in-united-kingdom",""
"QA Automation Engineer","","","Reed","Test Automation Engineer","🏢 Office | 📍 Brak lokalizacji","https://www.reed.co.uk/jobs/qa-automation-engineer/56848010?source=searchResults&filter=%2Fjobs%2Ftest-automation-engineer-jobs-in-united-kingdom",""
"Automation Engineer - Pharmaceutical","","","Reed","Test Automation Engineer","🏢 Office | 📍 Brak lokalizacji","https://www.reed.co.uk/jobs/automation-engineer-pharmaceutical/56888900?source=searchResults&filter=%2Fjobs%2Ftest-automation-engineer-jobs-in-united-kingdom",""
"QA Engineer (Automation) - Manchester","","","Reed","Test Automation Engineer","🏢 Office | 📍 Brak lokalizacji","https://www.reed.co.uk/jobs/qa-engineer-automation-manchester/56791497?source=searchResults&filter=%2Fjobs%2Ftest-automation-engineer-jobs-in-united-kingdom",""
"Junior Automation QA Engineer","","","Reed","Test Automation Engineer","🏢 Office | 📍 Brak lokalizacji","https://www.reed.co.uk/jobs/junior-automation-qa-engineer/56812839?source=searchResults&filter=%2Fjobs%2Ftest-automation-engineer-jobs-in-united-kingdom",""
"SOC Automation Engineer","","","Reed","Test Automation Engineer","🏢 Office | 📍 Brak lokalizacji","https://www.reed.co.uk/jobs/soc-automation-engineer/56917144?source=searchResults&filter=%2Fjobs%2Ftest-automation-engineer-jobs-in-united-kingdom",""
"Control and Automation Field Engineer","","","Reed","Test Automation Engineer","🏢 Office | 📍 Brak lokalizacji","https://www.reed.co.uk/jobs/control-and-automation-field-engineer/56913660?source=searchResults&filter=%2Fjobs%2Ftest-automation-engineer-jobs-in-united-kingdom",""
"Test Engineer - Active eDV Clearance","","","Reed","Test Automation Engineer","🏢 Office | 📍 Brak lokalizacji","https://www.reed.co.uk/jobs/test-engineer-active-edv-clearance/56950332?source=searchResults&filter=%2Fjobs%2Ftest-automation-engineer-jobs-in-united-kingdom",""
"Lead Automation Tester Engineer, C#, tyescript, Playwright","","","Reed","Test Automation Engineer","🏢 Office | 📍 Brak lokalizacji","https://www.reed.co.uk/jobs/lead-automation-tester-engineer-c-tyescript-playwright/56838448?source=searchResults&filter=%2Fjobs%2Ftest-automation-engineer-jobs-in-united-kingdom",""
"DIG - Test & Acceptance Engineer","","","Reed","Test Automation Engineer","🏢 Office | 📍 Brak lokalizacji","https://www.reed.co.uk/jobs/dig-test-acceptance-engineer/56894195?source=searchResults&filter=%2Fjobs%2Ftest-automation-engineer-jobs-in-united-kingdom",""
"Software Test Engineer","","","Reed","Test Automation Engineer","🏢 Office | 📍 Brak lokalizacji","https://www.reed.co.uk/jobs/software-test-engineer/56888287?source=searchResults&filter=%2Fjobs%2Ftest-automation-engineer-jobs-in-united-kingdom",""
"Software Test Engineer","","","Reed","Test Automation Engineer","🏢 Office | 📍 Brak lokalizacji","https://www.reed.co.uk/jobs/software-test-engineer/56840898?source=searchResults&filter=%2Fjobs%2Ftest-automation-engineer-jobs-in-united-kingdom",""
"Test Engineer","","","Reed","Test Automation Engineer","🏢 Office | 📍 Brak lokalizacji","https://www.reed.co.uk/jobs/test-engineer/56911082?source=searchResults&filter=%2Fjobs%2Ftest-automation-engineer-jobs-in-united-kingdom",""
"Test Development Engineer","","","Reed","Test Automation Engineer","🏢 Office | 📍 Brak lokalizacji","https://www.reed.co.uk/jobs/test-development-engineer/56817667?source=searchResults&filter=%2Fjobs%2Ftest-automation-engineer-jobs-in-united-kingdom",""
"Software Development Engineer in Test","","","Reed","Test Automation Engineer","🏢 Office | 📍 Brak lokalizacji","https://www.reed.co.uk/jobs/software-development-engineer-in-test/56831121?source=searchResults&filter=%2Fjobs%2Ftest-automation-engineer-jobs-in-united-kingdom",""
"QA/Test Engineer","","","Reed","Test Automation Engineer","🏢 Office | 📍 Brak lokalizacji","https://www.reed.co.uk/jobs/qa-test-engineer/56789929?source=searchResults&filter=%2Fjobs%2Ftest-automation-engineer-jobs-in-united-kingdom",""
"QA Test Lead","","","Reed","SDET","🏢 Office | 📍 Brak lokalizacji","https://www.reed.co.uk/jobs/qa-test-lead/56821661?source=searchResults&filter=%2Fjobs%2Fsdet-jobs-in-united-kingdom",""
"QA Systems Application Specialist","","","Reed","SDET","🏢 Office | 📍 Brak lokalizacji","https://www.reed.co.uk/jobs/qa-systems-application-specialist/56931686?source=searchResults&filter=%2Fjobs%2Fsdet-jobs-in-united-kingdom",""
"Senior QA Tester","","","Reed","SDET","🏢 Office | 📍 Brak lokalizacji","https://www.reed.co.uk/jobs/senior-qa-tester/56917575?source=searchResults&filter=%2Fjobs%2Fsdet-jobs-in-united-kingdom",""
"SIEM Engineer","","","Reed","SDET","🏢 Office | 📍 Brak lokalizacji","https://www.reed.co.uk/jobs/siem-engineer/56822589?source=searchResults&filter=%2Fjobs%2Fsdet-jobs-in-united-kingdom",""
"QA Automation Engineer","","","Reed","SDET","🏢 Office | 📍 Brak lokalizacji","https://www.reed.co.uk/jobs/qa-automation-engineer/56848010?source=searchResults&filter=%2Fjobs%2Fsdet-jobs-in-united-kingdom",""
"SDR FPGA Engineer","","","Reed","SDET","🏢 Office | 📍 Brak lokalizacji","https://www.reed.co.uk/jobs/sdr-fpga-engineer/56893318?source=searchResults&filter=%2Fjobs%2Fsdet-jobs-in-united-kingdom",""
"DevOps Tester (SC Cleared)","","","Reed","SDET","🏢 Office | 📍 Brak lokalizacji","https://www.reed.co.uk/jobs/devops-tester-sc-cleared/56815635?source=searchResults&filter=%2Fjobs%2Fsdet-jobs-in-united-kingdom",""
"Software Automation QA","","","Reed","SDET","🏢 Office | 📍 Brak lokalizacji","https://www.reed.co.uk/jobs/software-automation-qa/56923137?source=searchResults&filter=%2Fjobs%2Fsdet-jobs-in-united-kingdom",""
"Software Automation QA","","","Reed","SDET","🏢 Office | 📍 Brak lokalizacji","https://www.reed.co.uk/jobs/software-automation-qa/56890356?source=searchResults&filter=%2Fjobs%2Fsdet-jobs-in-united-kingdom",""
"Software Automation QA","","","Reed","SDET","🏢 Office | 📍 Brak lokalizacji","https://www.reed.co.uk/jobs/software-automation-qa/56863180?source=searchResults&filter=%2Fjobs%2Fsdet-jobs-in-united-kingdom",""
"Software Automation QA","","","Reed","SDET","🏢 Office | 📍 Brak lokalizacji","https://www.reed.co.uk/jobs/software-automation-qa/56836529?source=searchResults&filter=%2Fjobs%2Fsdet-jobs-in-united-kingdom",""
"Software Automation QA","","","Reed","SDET","🏢 Office | 📍 Brak lokalizacji","https://www.reed.co.uk/jobs/software-automation-qa/56813259?source=searchResults&filter=%2Fjobs%2Fsdet-jobs-in-united-kingdom",""
"Senior QA Engineer","","","Reed","SDET","🏢 Office | 📍 Brak lokalizacji","https://www.reed.co.uk/jobs/senior-qa-engineer/56942815?source=searchResults&filter=%2Fjobs%2Fsdet-jobs-in-united-kingdom",""
"Test Development Engineer","","","Reed","SDET","🏢 Office | 📍 Brak lokalizacji","https://www.reed.co.uk/jobs/test-development-engineer/56817667?source=searchResults&filter=%2Fjobs%2Fsdet-jobs-in-united-kingdom",""
"Test Lead with Active SC Clearance - London/Corsham, UK","","","Reed","SDET","🏢 Office | 📍 Brak lokalizacji","https://www.reed.co.uk/jobs/test-lead-with-active-sc-clearance-london-corsham-uk/56818623?source=searchResults&filter=%2Fjobs%2Fsdet-jobs-in-united-kingdom",""
"Test Engineer (SFIA 4)","","","Reed","SDET","🏢 Office | 📍 Brak lokalizacji","https://www.reed.co.uk/jobs/test-engineer-sfia-4/56929400?source=searchResults&filter=%2Fjobs%2Fsdet-jobs-in-united-kingdom",""
"Senior Penetration Tester","","","Reed","SDET","🏢 Office | 📍 Brak lokalizacji","https://www.reed.co.uk/jobs/senior-penetration-tester/56858032?source=searchResults&filter=%2Fjobs%2Fsdet-jobs-in-united-kingdom",""
"GCP QA Consultant (Contract)","","","Reed","SDET","🏢 Office | 📍 Brak lokalizacji","https://www.reed.co.uk/jobs/gcp-qa-consultant-contract/56950870?source=searchResults&filter=%2Fjobs%2Fsdet-jobs-in-united-kingdom",""
"SC Cleared Tester","","","Reed","SDET","🏢 Office | 📍 Brak lokalizacji","https://www.reed.co.uk/jobs/sc-cleared-tester/56852462?source=searchResults&filter=%2Fjobs%2Fsdet-jobs-in-united-kingdom",""
"SRE | Bristol | Cyber-tech Scale Up | £90-105k","","","Reed","SDET","🏢 Office | 📍 Brak lokalizacji","https://www.reed.co.uk/jobs/sre--bristol--cyber-tech-scale-up--90-105k/56886024?source=searchResults&filter=%2Fjobs%2Fsdet-jobs-in-united-kingdom",""
"Software QA Engineer","","","Reed","SDET","🏢 Office | 📍 Brak lokalizacji","https://www.reed.co.uk/jobs/software-qa-engineer/56922636?source=searchResults&filter=%2Fjobs%2Fsdet-jobs-in-united-kingdom",""
"Software QA Engineer","","","Reed","SDET","🏢 Office | 📍 Brak lokalizacji","https://www.reed.co.uk/jobs/software-qa-engineer/56947844?source=searchResults&filter=%2Fjobs%2Fsdet-jobs-in-united-kingdom",""
"QA Engineer","","","Reed","SDET","🏢 Office | 📍 Brak lokalizacji","https://www.reed.co.uk/jobs/qa-engineer/56836249?source=searchResults&filter=%2Fjobs%2Fsdet-jobs-in-united-kingdom",""
"QA Engineer","","","Reed","SDET","🏢 Office | 📍 Brak lokalizacji","https://www.reed.co.uk/jobs/qa-engineer/56793724?source=searchResults&filter=%2Fjobs%2Fsdet-jobs-in-united-kingdom",""
"Senior Quality Assurance Engineer","","","Reed","SDET","🏢 Office | 📍 Brak lokalizacji","https://www.reed.co.uk/jobs/senior-quality-assurance-engineer/56824839?source=searchResults&filter=%2Fjobs%2Fsdet-jobs-in-united-kingdom",""
"Senior Test Software Engineer","","","Reed","Software Engineer in Test","🏢 Office | 📍 Brak lokalizacji","https://www.reed.co.uk/jobs/senior-test-software-engineer/56829834?source=searchResults&filter=%2Fjobs%2Fsoftware-engineer-in-test-jobs-in-united-kingdom",""
"Software Engineer / Senior QA & Test - DO-178C","","","Reed","Software Engineer in Test","🏢 Office | 📍 Brak lokalizacji","https://www.reed.co.uk/jobs/software-engineer-senior-qa-test-do-178c/56945855?source=searchResults&filter=%2Fjobs%2Fsoftware-engineer-in-test-jobs-in-united-kingdom",""
"Software Development Engineer in Test","","","Reed","Software Engineer in Test","🏢 Office | 📍 Brak lokalizacji","https://www.reed.co.uk/jobs/software-development-engineer-in-test/56831121?source=searchResults&filter=%2Fjobs%2Fsoftware-engineer-in-test-jobs-in-united-kingdom",""
"Senior QA Engineer","","","Reed","Software Engineer in Test","🏢 Office | 📍 Brak lokalizacji","https://www.reed.co.uk/jobs/senior-qa-engineer/56932224?source=searchResults&filter=%2Fjobs%2Fsoftware-engineer-in-test-jobs-in-united-kingdom",""
"QA Engineer - Manual testing web applications","","","Reed","Software Engineer in Test","🏢 Office | 📍 Brak lokalizacji","https://www.reed.co.uk/jobs/qa-engineer-manual-testing-web-applications/56933699?source=searchResults&filter=%2Fjobs%2Fsoftware-engineer-in-test-jobs-in-united-kingdom",""
"ADA Software Engineer","","","Reed","Software Engineer in Test","🏢 Office | 📍 Brak lokalizacji","https://www.reed.co.uk/jobs/ada-software-engineer/56861138?source=searchResults&filter=%2Fjobs%2Fsoftware-engineer-in-test-jobs-in-united-kingdom",""
"Software Applications Engineer","","","Reed","Software Engineer in Test","🏢 Office | 📍 Brak lokalizacji","https://www.reed.co.uk/jobs/software-applications-engineer/56852363?source=searchResults&filter=%2Fjobs%2Fsoftware-engineer-in-test-jobs-in-united-kingdom",""
"PHP Engineer","","","Reed","Software Engineer in Test","🏢 Office | 📍 Brak lokalizacji","https://www.reed.co.uk/jobs/php-engineer/56863040?source=searchResults&filter=%2Fjobs%2Fsoftware-engineer-in-test-jobs-in-united-kingdom",""
"Senior Software Engineer","","","Reed","Software Engineer in Test","🏢 Office | 📍 Brak lokalizacji","https://www.reed.co.uk/jobs/senior-software-engineer/56867019?source=searchResults&filter=%2Fjobs%2Fsoftware-engineer-in-test-jobs-in-united-kingdom",""
"Senior Software Developer","","","Reed","Software Engineer in Test","🏢 Office | 📍 Brak lokalizacji","https://www.reed.co.uk/jobs/senior-software-developer/56904263?source=searchResults&filter=%2Fjobs%2Fsoftware-engineer-in-test-jobs-in-united-kingdom",""
"Senior Software Engineer","","","Reed","Software Engineer in Test","🏢 Office | 📍 Brak lokalizacji","https://www.reed.co.uk/jobs/senior-software-engineer/56864801?source=searchResults&filter=%2Fjobs%2Fsoftware-engineer-in-test-jobs-in-united-kingdom",""
"Principal Software Engineer","","","Reed","Software Engineer in Test","🏢 Office | 📍 Brak lokalizacji","https://www.reed.co.uk/jobs/principal-software-engineer/56913241?source=searchResults&filter=%2Fjobs%2Fsoftware-engineer-in-test-jobs-in-united-kingdom",""
"Graduate Software Engineer","","","Reed","Software Engineer in Test","🏢 Office | 📍 Brak lokalizacji","https://www.reed.co.uk/jobs/graduate-software-engineer/56933725?source=searchResults&filter=%2Fjobs%2Fsoftware-engineer-in-test-jobs-in-united-kingdom",""
"Electronics Project Engineer","","","Reed","Software Engineer in Test","🏢 Office | 📍 Brak lokalizacji","https://www.reed.co.uk/jobs/electronics-project-engineer/56832555?source=searchResults&filter=%2Fjobs%2Fsoftware-engineer-in-test-jobs-in-united-kingdom",""
"Software Engineer","","","Reed","Software Engineer in Test","🏢 Office | 📍 Brak lokalizacji","https://www.reed.co.uk/jobs/software-engineer/56865105?source=searchResults&filter=%2Fjobs%2Fsoftware-engineer-in-test-jobs-in-united-kingdom",""
"Senior Software Engineer","","","Reed","Software Engineer in Test","🏢 Office | 📍 Brak lokalizacji","https://www.reed.co.uk/jobs/senior-software-engineer/55768379?source=searchResults&filter=%2Fjobs%2Fsoftware-engineer-in-test-jobs-in-united-kingdom",""
"Lead Software Engineer","","","Reed","Software Engineer in Test","🏢 Office | 📍 Brak lokalizacji","https://www.reed.co.uk/jobs/lead-software-engineer/56893012?source=searchResults&filter=%2Fjobs%2Fsoftware-engineer-in-test-jobs-in-united-kingdom",""
"Senior Software Engineer","","","Reed","Software Engineer in Test","🏢 Office | 📍 Brak lokalizacji","https://www.reed.co.uk/jobs/senior-software-engineer/56817566?source=searchResults&filter=%2Fjobs%2Fsoftware-engineer-in-test-jobs-in-united-kingdom",""
"Senior Software Developer","","","Reed","Software Engineer in Test","🏢 Office | 📍 Brak lokalizacji","https://www.reed.co.uk/jobs/senior-software-developer/56782846?source=searchResults&filter=%2Fjobs%2Fsoftware-engineer-in-test-jobs-in-united-kingdom",""
"Delivery Manager (Software)","","","Reed","Software Engineer in Test","🏢 Office | 📍 Brak lokalizacji","https://www.reed.co.uk/jobs/delivery-manager-software/56878082?source=searchResults&filter=%2Fjobs%2Fsoftware-engineer-in-test-jobs-in-united-kingdom",""
"Software Engineer","","","Reed","Software Engineer in Test","🏢 Office | 📍 Brak lokalizacji","https://www.reed.co.uk/jobs/software-engineer/56867830?source=searchResults&filter=%2Fjobs%2Fsoftware-engineer-in-test-jobs-in-united-kingdom",""
"Software Engineer","","","Reed","Software Engineer in Test","🏢 Office | 📍 Brak lokalizacji","https://www.reed.co.uk/jobs/software-engineer/56829515?source=searchResults&filter=%2Fjobs%2Fsoftware-engineer-in-test-jobs-in-united-kingdom",""
"Software Engineer","","","Reed","Software Engineer in Test","🏢 Office | 📍 Brak lokalizacji","https://www.reed.co.uk/jobs/software-engineer/56900900?source=searchResults&filter=%2Fjobs%2Fsoftware-engineer-in-test-jobs-in-united-kingdom",""
"Software Engineer","","","Reed","Software Engineer in Test","🏢 Office | 📍 Brak lokalizacji","https://www.reed.co.uk/jobs/software-engineer/56791506?source=searchResults&filter=%2Fjobs%2Fsoftware-engineer-in-test-jobs-in-united-kingdom",""
"Software Engineer","","","Reed","Software Engineer in Test","🏢 Office | 📍 Brak lokalizacji","https://www.reed.co.uk/jobs/software-engineer/56791500?source=searchResults&filter=%2Fjobs%2Fsoftware-engineer-in-test-jobs-in-united-kingdom",""
"NPI Test Engineer","","","Reed","Test Engineer","🏢 Office | 📍 Brak lokalizacji","https://www.reed.co.uk/jobs/npi-test-engineer/56877145?source=searchResults&filter=%2Fjobs%2Ftest-engineer-jobs-in-united-kingdom",""
"Test Engineer","","","Reed","Test Engineer","🏢 Office | 📍 Brak lokalizacji","https://www.reed.co.uk/jobs/test-engineer/56911082?source=searchResults&filter=%2Fjobs%2Ftest-engineer-jobs-in-united-kingdom",""
"Test Engineer","","","Reed","Test Engineer","🏢 Office | 📍 Brak lokalizacji","https://www.reed.co.uk/jobs/test-engineer/56852380?source=searchResults&filter=%2Fjobs%2Ftest-engineer-jobs-in-united-kingdom",""
"Test Engineer","","","Reed","Test Engineer","🏢 Office | 📍 Brak lokalizacji","https://www.reed.co.uk/jobs/test-engineer/56887525?source=searchResults&filter=%2Fjobs%2Ftest-engineer-jobs-in-united-kingdom",""
"Test Engineer","","","Reed","Test Engineer","🏢 Office | 📍 Brak lokalizacji","https://www.reed.co.uk/jobs/test-engineer/56837052?source=searchResults&filter=%2Fjobs%2Ftest-engineer-jobs-in-united-kingdom",""
"Test Engineer","","","Reed","Test Engineer","🏢 Office | 📍 Brak lokalizacji","https://www.reed.co.uk/jobs/test-engineer/56933380?source=searchResults&filter=%2Fjobs%2Ftest-engineer-jobs-in-united-kingdom",""
"Test Engineer","","","Reed","Test Engineer","🏢 Office | 📍 Brak lokalizacji","https://www.reed.co.uk/jobs/test-engineer/56868490?source=searchResults&filter=%2Fjobs%2Ftest-engineer-jobs-in-united-kingdom",""
"Electrical Test and Inspection Engineer","","","Reed","Test Engineer","🏢 Office | 📍 Brak lokalizacji","https://www.reed.co.uk/jobs/electrical-test-and-inspection-engineer/56924966?source=searchResults&filter=%2Fjobs%2Ftest-engineer-jobs-in-united-kingdom",""
"Senior Test Engineer","","","Reed","Test Engineer","🏢 Office | 📍 Brak lokalizacji","https://www.reed.co.uk/jobs/senior-test-engineer/56834983?source=searchResults&filter=%2Fjobs%2Ftest-engineer-jobs-in-united-kingdom",""
"Electronic Test Engineer","","","Reed","Test Engineer","🏢 Office | 📍 Brak lokalizacji","https://www.reed.co.uk/jobs/electronic-test-engineer/56831561?source=searchResults&filter=%2Fjobs%2Ftest-engineer-jobs-in-united-kingdom",""
"Data Test Engineer","","","Reed","Test Engineer","🏢 Office | 📍 Brak lokalizacji","https://www.reed.co.uk/jobs/data-test-engineer/56946966?source=searchResults&filter=%2Fjobs%2Ftest-engineer-jobs-in-united-kingdom",""
"Electrical Test Engineer","","","Reed","Test Engineer","🏢 Office | 📍 Brak lokalizacji","https://www.reed.co.uk/jobs/electrical-test-engineer/56891989?source=searchResults&filter=%2Fjobs%2Ftest-engineer-jobs-in-united-kingdom",""
"Senior Test Engineer","","","Reed","Test Engineer","🏢 Office | 📍 Brak lokalizacji","https://www.reed.co.uk/jobs/senior-test-engineer/56930515?source=searchResults&filter=%2Fjobs%2Ftest-engineer-jobs-in-united-kingdom",""
"Manufacturing Test Engineer","","","Reed","Test Engineer","🏢 Office | 📍 Brak lokalizacji","https://www.reed.co.uk/jobs/manufacturing-test-engineer/56722191?source=searchResults&filter=%2Fjobs%2Ftest-engineer-jobs-in-united-kingdom",""
"Software Test Engineer","","","Reed","Test Engineer","🏢 Office | 📍 Brak lokalizacji","https://www.reed.co.uk/jobs/software-test-engineer/56888287?source=searchResults&filter=%2Fjobs%2Ftest-engineer-jobs-in-united-kingdom",""
"Electronics Test Engineer","","","Reed","Test Engineer","🏢 Office | 📍 Brak lokalizacji","https://www.reed.co.uk/jobs/electronics-test-engineer/56897817?source=searchResults&filter=%2Fjobs%2Ftest-engineer-jobs-in-united-kingdom",""
"Transducer Test Engineer","","","Reed","Test Engineer","🏢 Office | 📍 Brak lokalizacji","https://www.reed.co.uk/jobs/transducer-test-engineer/56950306?source=searchResults&filter=%2Fjobs%2Ftest-engineer-jobs-in-united-kingdom",""
"Electronics Test Engineer","","","Reed","Test Engineer","🏢 Office | 📍 Brak lokalizacji","https://www.reed.co.uk/jobs/electronics-test-engineer/56864741?source=searchResults&filter=%2Fjobs%2Ftest-engineer-jobs-in-united-kingdom",""
"Engine Test Engineer","","","Reed","Test Engineer","🏢 Office | 📍 Brak lokalizacji","https://www.reed.co.uk/jobs/engine-test-engineer/56906148?source=searchResults&filter=%2Fjobs%2Ftest-engineer-jobs-in-united-kingdom",""
"QA/Test Engineer","","","Reed","Test Engineer","🏢 Office | 📍 Brak lokalizacji","https://www.reed.co.uk/jobs/qa-test-engineer/56789929?source=searchResults&filter=%2Fjobs%2Ftest-engineer-jobs-in-united-kingdom",""
"Salesforce Test Engineer","","","Reed","Test Engineer","🏢 Office | 📍 Brak lokalizacji","https://www.reed.co.uk/jobs/salesforce-test-engineer/56871152?source=searchResults&filter=%2Fjobs%2Ftest-engineer-jobs-in-united-kingdom",""
"Electronic Test Engineer","","","Reed","Test Engineer","🏢 Office | 📍 Brak lokalizacji","https://www.reed.co.uk/jobs/electronic-test-engineer/56844925?source=searchResults&filter=%2Fjobs%2Ftest-engineer-jobs-in-united-kingdom",""
"Electronics Test Engineer","","","Reed","Test Engineer","🏢 Office | 📍 Brak lokalizacji","https://www.reed.co.uk/jobs/electronics-test-engineer/56929149?source=searchResults&filter=%2Fjobs%2Ftest-engineer-jobs-in-united-kingdom",""
"Field Service Test Engineer","","","Reed","Test Engineer","🏢 Office | 📍 Brak lokalizacji","https://www.reed.co.uk/jobs/field-service-test-engineer/56898338?source=searchResults&filter=%2Fjobs%2Ftest-engineer-jobs-in-united-kingdom",""
"Senior Manufacturing Test Engineer","","","Reed","Test Engineer","🏢 Office | 📍 Brak lokalizacji","https://www.reed.co.uk/jobs/senior-manufacturing-test-engineer/56804745?source=searchResults&filter=%2Fjobs%2Ftest-engineer-jobs-in-united-kingdom",""
"QA Test Lead","","","Reed","QA Lead","🏢 Office | 📍 Brak lokalizacji","https://www.reed.co.uk/jobs/qa-test-lead/56821661?source=searchResults&filter=%2Fjobs%2Fqa-lead-jobs-in-united-kingdom",""
"Software QA Lead","","","Reed","QA Lead","🏢 Office | 📍 Brak lokalizacji","https://www.reed.co.uk/jobs/software-qa-lead/56848224?source=searchResults&filter=%2Fjobs%2Fqa-lead-jobs-in-united-kingdom",""
"QA Supervisor/ QC Manager","","","Reed","QA Lead","🏢 Office | 📍 Brak lokalizacji","https://www.reed.co.uk/jobs/qa-supervisor-qc-manager/56791456?source=searchResults&filter=%2Fjobs%2Fqa-lead-jobs-in-united-kingdom",""
"QA Systems Application Specialist","","","Reed","QA Lead","🏢 Office | 📍 Brak lokalizacji","https://www.reed.co.uk/jobs/qa-systems-application-specialist/56931686?source=searchResults&filter=%2Fjobs%2Fqa-lead-jobs-in-united-kingdom",""
"Senior QA Officer - Operations (18-month Fixed Term)","","","Reed","QA Lead","🏢 Office | 📍 Brak lokalizacji","https://www.reed.co.uk/jobs/senior-qa-officer-operations-18-month-fixed-term/56947470?source=searchResults&filter=%2Fjobs%2Fqa-lead-jobs-in-united-kingdom",""
"Quality Assurance Manager","","","Reed","QA Lead","🏢 Office | 📍 Brak lokalizacji","https://www.reed.co.uk/jobs/quality-assurance-manager/56936013?source=searchResults&filter=%2Fjobs%2Fqa-lead-jobs-in-united-kingdom",""
"QA Test Analyst","","","Reed","QA Lead","🏢 Office | 📍 Brak lokalizacji","https://www.reed.co.uk/jobs/qa-test-analyst/56934432?source=searchResults&filter=%2Fjobs%2Fqa-lead-jobs-in-united-kingdom",""
"Lead Internal Quality Assurer","","","Reed","QA Lead","🏢 Office | 📍 Brak lokalizacji","https://www.reed.co.uk/jobs/lead-internal-quality-assurer/56852440?source=searchResults&filter=%2Fjobs%2Fqa-lead-jobs-in-united-kingdom",""
"Lead AI Red Teaming & QA Engineer","","","Reed","QA Lead","🏢 Office | 📍 Brak lokalizacji","https://www.reed.co.uk/jobs/lead-ai-red-teaming-qa-engineer/56912145?source=searchResults&filter=%2Fjobs%2Fqa-lead-jobs-in-united-kingdom",""
"Contract QA Consultant","","","Reed","QA Lead","🏢 Office | 📍 Brak lokalizacji","https://www.reed.co.uk/jobs/contract-qa-consultant/56796290?source=searchResults&filter=%2Fjobs%2Fqa-lead-jobs-in-united-kingdom",""
"Test Lead","","","Reed","QA Lead","🏢 Office | 📍 Brak lokalizacji","https://www.reed.co.uk/jobs/test-lead/56689532?source=searchResults&filter=%2Fjobs%2Fqa-lead-jobs-in-united-kingdom",""
"QA Officer","","","Reed","QA Lead","🏢 Office | 📍 Brak lokalizacji","https://www.reed.co.uk/jobs/qa-officer/56792905?source=searchResults&filter=%2Fjobs%2Fqa-lead-jobs-in-united-kingdom",""
"Senior QA Engineer","","","Reed","QA Lead","🏢 Office | 📍 Brak lokalizacji","https://www.reed.co.uk/jobs/senior-qa-engineer/56932224?source=searchResults&filter=%2Fjobs%2Fqa-lead-jobs-in-united-kingdom",""
"QA Officer","","","Reed","QA Lead","🏢 Office | 📍 Brak lokalizacji","https://www.reed.co.uk/jobs/qa-officer/56792518?source=searchResults&filter=%2Fjobs%2Fqa-lead-jobs-in-united-kingdom",""
"QA Officer","","","Reed","QA Lead","🏢 Office | 📍 Brak lokalizacji","https://www.reed.co.uk/jobs/qa-officer/56792637?source=searchResults&filter=%2Fjobs%2Fqa-lead-jobs-in-united-kingdom",""
"QA Engineer - Manual testing web applications","","","Reed","QA Lead","🏢 Office | 📍 Brak lokalizacji","https://www.reed.co.uk/jobs/qa-engineer-manual-testing-web-applications/56933699?source=searchResults&filter=%2Fjobs%2Fqa-lead-jobs-in-united-kingdom",""
"Quality Assurance Analyst","","","Reed","QA Lead","🏢 Office | 📍 Brak lokalizacji","https://www.reed.co.uk/jobs/quality-assurance-analyst/56711570?source=searchResults&filter=%2Fjobs%2Fqa-lead-jobs-in-united-kingdom",""
"Financial Crime QA Manager (Hybrid 3 days per week in Central London)","","","Reed","QA Lead","🔀 Hybrid | 📍 Brak lokalizacji","https://www.reed.co.uk/jobs/financial-crime-qa-manager-hybrid-3-days-per-week-in-central-london/56929738?source=searchResults&filter=%2Fjobs%2Fqa-lead-jobs-in-united-kingdom",""
"Quality Assurance Specialist","","","Reed","QA Lead","🏢 Office | 📍 Brak lokalizacji","https://www.reed.co.uk/jobs/quality-assurance-specialist/56843359?source=searchResults&filter=%2Fjobs%2Fqa-lead-jobs-in-united-kingdom",""
"Quality Assurance Manager","","","Reed","QA Lead","🏢 Office | 📍 Brak lokalizacji","https://www.reed.co.uk/jobs/quality-assurance-manager/56943507?source=searchResults&filter=%2Fjobs%2Fqa-lead-jobs-in-united-kingdom",""
"QA Auditor","","","Reed","QA Lead","🏢 Office | 📍 Brak lokalizacji","https://www.reed.co.uk/jobs/qa-auditor/56839922?source=searchResults&filter=%2Fjobs%2Fqa-lead-jobs-in-united-kingdom",""
"Test Lead","","","Reed","QA Lead","🏢 Office | 📍 Brak lokalizacji","https://www.reed.co.uk/jobs/test-lead/56878121?source=searchResults&filter=%2Fjobs%2Fqa-lead-jobs-in-united-kingdom",""
"QA Manager","","","Reed","QA Lead","🏢 Office | 📍 Brak lokalizacji","https://www.reed.co.uk/jobs/qa-manager/56898188?source=searchResults&filter=%2Fjobs%2Fqa-lead-jobs-in-united-kingdom",""
"Quality Assurance Manager - FMCG Manufacturing","","","Reed","QA Lead","🏢 Office | 📍 Brak lokalizacji","https://www.reed.co.uk/jobs/quality-assurance-manager-fmcg-manufacturing/56887030?source=searchResults&filter=%2Fjobs%2Fqa-lead-jobs-in-united-kingdom",""
"Quality Zone Manager","","","Reed","QA Lead","🏢 Office | 📍 Brak lokalizacji","https://www.reed.co.uk/jobs/quality-zone-manager/56850874?source=searchResults&filter=%2Fjobs%2Fqa-lead-jobs-in-united-kingdom",""
"Simulation Engineer","Frontier Resourcing Ltd","UK","Adzuna (TotalJobs+)","Software QA Engineer","🏢 Office | 📍 Brak lokalizacji","https://www.adzuna.co.uk/jobs/details/5742894140?utm_medium=api&utm_source=fec81443","2026-05-28"
"Software Engineer / Senior QA & Test - DO-178C","DCS Recruitment","Oxfordshire, South East England","Adzuna (TotalJobs+)","Software QA Engineer","🏢 Office | 🚗 2h 48min ❌ | 🚌 ~3h 55min","https://www.adzuna.co.uk/jobs/land/ad/5742298253?se=LhjqB3pa8RGs3Me5X3pAAw&utm_medium=api&utm_source=fec81443&v=B84FEDAC1923E0FBCAAE14B04905D32D007EEE92","2026-05-27"
"QA Automation / SDET Engineer","Syntax Consultancy Limited","Solihull, West Midlands","Adzuna (TotalJobs+)","Software QA Engineer","🏢 Office | 🚗 1h 51min | 🚌 ~2h 36min 💾","https://www.adzuna.co.uk/jobs/details/5740900000?utm_medium=api&utm_source=fec81443","2026-05-26"
"QA Automation / SDET Engineer","Syntax Consultancy Ltd","Balsall Heath, Birmingham","Adzuna (TotalJobs+)","Software QA Engineer","🏢 Office | 🚗 1h 45min | 🚌 ~2h 26min","https://www.adzuna.co.uk/jobs/land/ad/5740349601?se=LhjqB3pa8RGs3Me5X3pAAw&utm_medium=api&utm_source=fec81443&v=A0514047D200C1EA08A8FDE8CEAB39C3FCEE213A","2026-05-25"
"Senior Software Engineer (ML QA)","Graphcore","Bristol, South West England","Adzuna (TotalJobs+)","Software QA Engineer","🏢 Office | 🚗 1h 52min | 🚌 ~2h 37min 💾","https://www.adzuna.co.uk/jobs/details/5739766551?utm_medium=api&utm_source=fec81443","2026-05-24"
"Software QA Engineer","Light & Wonder","UK","Adzuna (TotalJobs+)","Software QA Engineer","🏢 Office | 📍 Brak lokalizacji","https://www.adzuna.co.uk/jobs/land/ad/5739739761?se=LhjqB3pa8RGs3Me5X3pAAw&utm_medium=api&utm_source=fec81443&v=A0C84242F10A7BB80D1BC4FE9439F3595CDF4864","2026-05-24"
"QA / Test Engineer - eSC / DV cleared",". Investigo","UK","Adzuna (TotalJobs+)","Software QA Engineer","🏢 Office | 📍 Brak lokalizacji","https://www.adzuna.co.uk/jobs/details/5735631290?utm_medium=api&utm_source=fec81443","2026-05-20"
"Lead DevOps Engineer","Sparta Global Limited","Sheffield, South Yorkshire","Adzuna (TotalJobs+)","Software QA Engineer","🏢 Office | 🚗 2h 10min ❌ | 🚌 ~3h 2min","https://www.adzuna.co.uk/jobs/land/ad/5735349711?se=LhjqB3pa8RGs3Me5X3pAAw&utm_medium=api&utm_source=fec81443&v=52A14B3D1604DA4E5280440A7FD6F05151179F8D","2026-05-20"
"Okta Customer Identity Engineer","Insulet Corporation","UK","Adzuna (TotalJobs+)","Software QA Engineer","🏢 Office | 📍 Brak lokalizacji","https://www.adzuna.co.uk/jobs/details/5735092736?utm_medium=api&utm_source=fec81443","2026-05-20"
"Senior Delivery Manager","Informed Solutions","Holbeck, Leeds","Adzuna (TotalJobs+)","Software QA Engineer","🏢 Office | 🚗 1h 52min | 🚌 ~2h 37min 💾","https://www.adzuna.co.uk/jobs/details/5733143777?utm_medium=api&utm_source=fec81443","2026-05-18"
"Senior Delivery Consultant","Oliver George Consulting Limited","Bristol, South West England","Adzuna (TotalJobs+)","Software QA Engineer","🏢 Office | 🚗 1h 51min | 🚌 ~2h 35min 💾","https://www.adzuna.co.uk/jobs/details/5726908992?utm_medium=api&utm_source=fec81443","2026-05-12"
"AI Tester","SmartSearch","West Yorkshire, Yorkshire And The Humber","Adzuna (TotalJobs+)","Software QA Engineer","🏢 Office | 🚗 1h 43min | 🚌 ~2h 24min 💾","https://www.adzuna.co.uk/jobs/details/5725975235?utm_medium=api&utm_source=fec81443","2026-05-11"
"C++ / C# Software Developer","The Recruitment Bureau  Ltd","Northampton, Northamptonshire","Adzuna (TotalJobs+)","Software QA Engineer","🏢 Office | 🚗 2h 25min ❌ | 🚌 ~3h 22min","https://www.adzuna.co.uk/jobs/land/ad/5725376521?se=LhjqB3pa8RGs3Me5X3pAAw&utm_medium=api&utm_source=fec81443&v=B65400A52EB0BB31F1235458B36EC27BC1742C88","2026-05-10"
"QA Engineer / Software Tester","","UK","Adzuna (TotalJobs+)","Software QA Engineer","🏢 Office | 📍 Brak lokalizacji","https://www.adzuna.co.uk/jobs/details/5719092071?utm_medium=api&utm_source=fec81443","2026-05-05"
"Lead Quality Engineer","Preservica","UK","Adzuna (TotalJobs+)","Software QA Engineer","🏢 Office | 📍 Brak lokalizacji","https://www.adzuna.co.uk/jobs/details/5714838817?utm_medium=api&utm_source=fec81443","2026-04-30"
"Software Engineer","Uniting Ambition","UK","Adzuna (TotalJobs+)","Software QA Engineer","🏢 Office | 📍 Brak lokalizacji","https://www.adzuna.co.uk/jobs/land/ad/5714521071?se=LhjqB3pa8RGs3Me5X3pAAw&utm_medium=api&utm_source=fec81443&v=6208CD6272AA4C1DB2C3F195100171FC17B0E65E","2026-04-30"
"RF Test Engineer","Rowden","Bristol, South West England","Adzuna (TotalJobs+)","Software QA Engineer","🏢 Office | 🚗 1h 48min | 🚌 ~2h 31min","https://www.adzuna.co.uk/jobs/land/ad/5708447613?se=LhjqB3pa8RGs3Me5X3pAAw&utm_medium=api&utm_source=fec81443&v=BDB39D976345D483B8441CFEB83A92F55ECB0BC3","2026-04-23"
"Software Team Lead","Smartbox Assistive Technology","UK","Adzuna (TotalJobs+)","Software QA Engineer","🏢 Office | 📍 Brak lokalizacji","https://www.adzuna.co.uk/jobs/details/5700008193?utm_medium=api&utm_source=fec81443","2026-04-15"
"QA Automation / SDET Engineer","Syntax Consultancy Ltd","Balsall Heath, Birmingham","Adzuna (TotalJobs+)","Software QA Automation Engineer","🏢 Office | 🚗 1h 45min | 🚌 ~2h 26min","https://www.adzuna.co.uk/jobs/land/ad/5740349601?se=LjNgCHpa8RGVwO7mwmvPAA&utm_medium=api&utm_source=fec81443&v=A0514047D200C1EA08A8FDE8CEAB39C3FCEE213A","2026-05-25"
"Senior Delivery Manager","Informed Solutions","Altrincham, Greater Manchester","Adzuna (TotalJobs+)","Software QA Automation Engineer","🏢 Office | 🚗 1h 3min | 🚌 ~1h 54min 💾","https://www.adzuna.co.uk/jobs/details/5457262885?utm_medium=api&utm_source=fec81443","2025-10-21"
"Customer Technical Quality Manager","RecruitMe","East Butterwick, Scunthorpe","Adzuna (TotalJobs+)","Testing Lead","🏢 Office | 🚗 2h 27min ❌ | 🚌 ~3h 26min","https://www.adzuna.co.uk/jobs/land/ad/5743252268?se=5lORCHpa8RGs3Me5X3pAAw&utm_medium=api&utm_source=fec81443&v=5F55991063D45631113E888DE80EB1FEBD2CF474","2026-05-28"
"Technical Manager","ASC Connections Ltd","Blackrod, Bolton","Adzuna (TotalJobs+)","Testing Lead","🏢 Office | 🚗 1h 11min | 🚌 ~2h 8min","https://www.adzuna.co.uk/jobs/land/ad/5743251556?se=5lORCHpa8RGs3Me5X3pAAw&utm_medium=api&utm_source=fec81443&v=0CD34EEA7A02FFCE0CAA116F4C40347423765724","2026-05-28"
"Switchgear Engineer","Inspired Recruitment","Manchester, Greater Manchester","Adzuna (TotalJobs+)","Testing Lead","🏢 Office | 🚗 1h 13min | 🚌 ~2h 12min","https://www.adzuna.co.uk/jobs/land/ad/5742994997?se=5lORCHpa8RGs3Me5X3pAAw&utm_medium=api&utm_source=fec81443&v=F352022EF76ED2299DC985692F04FE97A58CFD9D","2026-05-28"
"Test Manager","Certes IT Service Solutions","Milton Keynes, Buckinghamshire","Adzuna (TotalJobs+)","Testing Lead","🏢 Office | 🚗 2h 35min ❌ | 🚌 ~3h 38min","https://www.adzuna.co.uk/jobs/details/5742897916?utm_medium=api&utm_source=fec81443","2026-05-28"
"Propeller & Fluid Dynamics Lead Engineer","Executive Integrity","Swanwick, Alfreton","Adzuna (TotalJobs+)","Testing Lead","🏢 Office | 🚗 1h 54min | 🚌 ~2h 39min","https://www.adzuna.co.uk/jobs/details/5742819125?utm_medium=api&utm_source=fec81443","2026-05-28"
"Senior Compliance Manager","Broadgate Search","UK","Adzuna (TotalJobs+)","Testing Lead","🏢 Office | 📍 Brak lokalizacji","https://www.adzuna.co.uk/jobs/details/5742818854?utm_medium=api&utm_source=fec81443","2026-05-28"
"Conversion Manager","Venatu Recruitment Group","Chesterfield, Derbyshire","Adzuna (TotalJobs+)","Testing Lead","🏢 Office | 🚗 2h 7min ❌ | 🚌 ~2h 58min","https://www.adzuna.co.uk/jobs/land/ad/5742789518?se=5lORCHpa8RGs3Me5X3pAAw&utm_medium=api&utm_source=fec81443&v=A76EF57D20D5025823590921BD8B8F25AB7ACDCC","2026-05-28"
"Commissioning Engineer","Pertemps Redditch Industrial","Worcester, Worcestershire","Adzuna (TotalJobs+)","Testing Lead","🏢 Office | 🚗 2h 3min ❌ | 🚌 ~2h 52min","https://www.adzuna.co.uk/jobs/land/ad/5742728781?se=5lORCHpa8RGs3Me5X3pAAw&utm_medium=api&utm_source=fec81443&v=32126AA77EAE931CEA0F4101C8E26FF34FF5018E","2026-05-27"
"Technical Manager","ASC Connections Ltd","Bolton By Bowland, Clitheroe","Adzuna (TotalJobs+)","Testing Lead","🏢 Office | 🚗 1h 43min | 🚌 ~2h 25min","https://www.adzuna.co.uk/jobs/land/ad/5742435029?se=5lORCHpa8RGs3Me5X3pAAw&utm_medium=api&utm_source=fec81443&v=E40B3E2967C8C021A54443BAE885D44DDEAEE7CB","2026-05-27"
"Technical Manager","ASC Connections","Bolton, Greater Manchester","Adzuna (TotalJobs+)","Testing Lead","🏢 Office | 🚗 1h 6min | 🚌 ~1h 58min","https://www.adzuna.co.uk/jobs/details/5742383112?utm_medium=api&utm_source=fec81443","2026-05-27"
"Electrical Test Engineer","Morson Edge","Normanton, West Yorkshire","Adzuna (TotalJobs+)","Testing Lead","🏢 Office | 🚗 1h 48min | 🚌 ~2h 32min","https://www.adzuna.co.uk/jobs/land/ad/5742314516?se=5lORCHpa8RGs3Me5X3pAAw&utm_medium=api&utm_source=fec81443&v=14150329EF2D54E2EDF57FE6C907E57D4177E5A0","2026-05-27"
"Senior Document Controller","Mott MacDonald","Altrincham, Greater Manchester","Adzuna (TotalJobs+)","Testing Lead","🏢 Office | 🚗 55min | 🚌 ~1h 39min","https://www.adzuna.co.uk/jobs/land/ad/5742110691?se=5lORCHpa8RGs3Me5X3pAAw&utm_medium=api&utm_source=fec81443&v=E5E154CE21F76D49AE6D6C7402EDD41D24565ECB","2026-05-27"
"Electrical AIT Team Lead","Holt Executive","Oxfordshire, South East England","Adzuna (TotalJobs+)","Testing Lead","🏢 Office | 🚗 2h 48min ❌ | 🚌 ~3h 55min","https://www.adzuna.co.uk/jobs/land/ad/5742070363?se=5lORCHpa8RGs3Me5X3pAAw&utm_medium=api&utm_source=fec81443&v=97E5C700652804BD0D7D79772767518822794186","2026-05-27"
"SAP Programme Manager - Testing","INFUSED SOLUTIONS LIMITED","Hulme, Manchester","Adzuna (TotalJobs+)","Testing Lead","🏢 Office | 🚗 1h 13min | 🚌 ~2h 11min 💾","https://www.adzuna.co.uk/jobs/details/5741883879?utm_medium=api&utm_source=fec81443","2026-05-27"
"HR Systems Support Analyst","Reed Technology","Hulme, Manchester","Adzuna (TotalJobs+)","Testing Lead","🏢 Office | 🚗 1h 13min | 🚌 ~2h 11min 💾","https://www.adzuna.co.uk/jobs/details/5741882969?utm_medium=api&utm_source=fec81443","2026-05-27"
"Test Engineer","Stealth IT Consulting Limited","UK","Adzuna (TotalJobs+)","Testing Lead","🏢 Office | 📍 Brak lokalizacji","https://www.adzuna.co.uk/jobs/details/5741822364?utm_medium=api&utm_source=fec81443","2026-05-27"
"Commissioning Lead Data Centre Construction","Breagh Recruitment","UK","Adzuna (TotalJobs+)","Testing Lead","🏢 Office | 📍 Brak lokalizacji","https://www.adzuna.co.uk/jobs/details/5741746430?utm_medium=api&utm_source=fec81443","2026-05-27"
"Wireperson","Rullion","Stoke-On-Trent, Staffordshire","Adzuna (TotalJobs+)","Testing Lead","🏢 Office | 🚗 1h 4min | 🚌 ~1h 56min 💾","https://www.adzuna.co.uk/jobs/details/5741618865?utm_medium=api&utm_source=fec81443","2026-05-26"
"Senior Integration Engineer (Mechanical)","Progressive Recruitment","Oxfordshire, South East England","Adzuna (TotalJobs+)","Testing Lead","🏢 Office | 🚗 2h 48min ❌ | 🚌 ~3h 55min","https://www.adzuna.co.uk/jobs/land/ad/5741392039?se=5lORCHpa8RGs3Me5X3pAAw&utm_medium=api&utm_source=fec81443&v=04B72A73663DD071615904523AE88F23D680A13C","2026-05-26"
"Wiring Technician","Rullion Engineering Cumbria","Meaford, Stone","Adzuna (TotalJobs+)","Testing Lead","🏢 Office | 🚗 1h 7min | 🚌 ~2h","https://www.adzuna.co.uk/jobs/land/ad/5741391815?se=5lORCHpa8RGs3Me5X3pAAw&utm_medium=api&utm_source=fec81443&v=1EDFE3C69B8C064DEABF2E43DFE4285FD8449CCF","2026-05-26"
"Customer Technical Quality Manager","RecruitMe","East Butterwick, Scunthorpe","Adzuna (TotalJobs+)","Test Lead","🏢 Office | 🚗 2h 27min ❌ | 🚌 ~3h 26min","https://www.adzuna.co.uk/jobs/land/ad/5743252268?se=qu4JCXpa8RGVwO7mwmvPAA&utm_medium=api&utm_source=fec81443&v=5F55991063D45631113E888DE80EB1FEBD2CF474","2026-05-28"
"Technical Manager","ASC Connections Ltd","Blackrod, Bolton","Adzuna (TotalJobs+)","Test Lead","🏢 Office | 🚗 1h 11min | 🚌 ~2h 8min","https://www.adzuna.co.uk/jobs/land/ad/5743251556?se=qu4JCXpa8RGVwO7mwmvPAA&utm_medium=api&utm_source=fec81443&v=0CD34EEA7A02FFCE0CAA116F4C40347423765724","2026-05-28"
"Switchgear Engineer","Inspired Recruitment","Manchester, Greater Manchester","Adzuna (TotalJobs+)","Test Lead","🏢 Office | 🚗 1h 13min | 🚌 ~2h 12min","https://www.adzuna.co.uk/jobs/land/ad/5742994997?se=qu4JCXpa8RGVwO7mwmvPAA&utm_medium=api&utm_source=fec81443&v=F352022EF76ED2299DC985692F04FE97A58CFD9D","2026-05-28"
"Conversion Manager","Venatu Recruitment Group","Chesterfield, Derbyshire","Adzuna (TotalJobs+)","Test Lead","🏢 Office | 🚗 2h 7min ❌ | 🚌 ~2h 58min","https://www.adzuna.co.uk/jobs/land/ad/5742789518?se=qu4JCXpa8RGVwO7mwmvPAA&utm_medium=api&utm_source=fec81443&v=A76EF57D20D5025823590921BD8B8F25AB7ACDCC","2026-05-28"
"Commissioning Engineer","Pertemps Redditch Industrial","Worcester, Worcestershire","Adzuna (TotalJobs+)","Test Lead","🏢 Office | 🚗 2h 3min ❌ | 🚌 ~2h 52min","https://www.adzuna.co.uk/jobs/land/ad/5742728781?se=qu4JCXpa8RGVwO7mwmvPAA&utm_medium=api&utm_source=fec81443&v=32126AA77EAE931CEA0F4101C8E26FF34FF5018E","2026-05-27"
"Technical Manager","ASC Connections Ltd","Bolton By Bowland, Clitheroe","Adzuna (TotalJobs+)","Test Lead","🏢 Office | 🚗 1h 43min | 🚌 ~2h 25min","https://www.adzuna.co.uk/jobs/land/ad/5742435029?se=qu4JCXpa8RGVwO7mwmvPAA&utm_medium=api&utm_source=fec81443&v=E40B3E2967C8C021A54443BAE885D44DDEAEE7CB","2026-05-27"
"Electrical Test Engineer","Morson Edge","Normanton, West Yorkshire","Adzuna (TotalJobs+)","Test Lead","🏢 Office | 🚗 1h 48min | 🚌 ~2h 32min","https://www.adzuna.co.uk/jobs/land/ad/5742314516?se=qu4JCXpa8RGVwO7mwmvPAA&utm_medium=api&utm_source=fec81443&v=14150329EF2D54E2EDF57FE6C907E57D4177E5A0","2026-05-27"
"Senior Document Controller","Mott MacDonald","Altrincham, Greater Manchester","Adzuna (TotalJobs+)","Test Lead","🏢 Office | 🚗 55min | 🚌 ~1h 39min","https://www.adzuna.co.uk/jobs/land/ad/5742110691?se=qu4JCXpa8RGVwO7mwmvPAA&utm_medium=api&utm_source=fec81443&v=E5E154CE21F76D49AE6D6C7402EDD41D24565ECB","2026-05-27"
"Electrical AIT Team Lead","Holt Executive","Oxfordshire, South East England","Adzuna (TotalJobs+)","Test Lead","🏢 Office | 🚗 2h 48min ❌ | 🚌 ~3h 55min","https://www.adzuna.co.uk/jobs/land/ad/5742070363?se=qu4JCXpa8RGVwO7mwmvPAA&utm_medium=api&utm_source=fec81443&v=97E5C700652804BD0D7D79772767518822794186","2026-05-27"
"Senior Integration Engineer (Mechanical)","Progressive Recruitment","Oxfordshire, South East England","Adzuna (TotalJobs+)","Test Lead","🏢 Office | 🚗 2h 48min ❌ | 🚌 ~3h 55min","https://www.adzuna.co.uk/jobs/land/ad/5741392039?se=qu4JCXpa8RGVwO7mwmvPAA&utm_medium=api&utm_source=fec81443&v=04B72A73663DD071615904523AE88F23D680A13C","2026-05-26"
"Wiring Technician","Rullion Engineering Cumbria","Meaford, Stone","Adzuna (TotalJobs+)","Test Lead","🏢 Office | 🚗 1h 7min | 🚌 ~2h","https://www.adzuna.co.uk/jobs/land/ad/5741391815?se=qu4JCXpa8RGVwO7mwmvPAA&utm_medium=api&utm_source=fec81443&v=1EDFE3C69B8C064DEABF2E43DFE4285FD8449CCF","2026-05-26"
"Software Engineering Manager","Cox Automotive","UK","Adzuna (TotalJobs+)","QA Engineer","🏢 Office | 📍 Brak lokalizacji","https://www.adzuna.co.uk/jobs/details/5742461641?utm_medium=api&utm_source=fec81443","2026-05-27"
"Site engineer","RTL Group Ltd","Balsall Heath, Birmingham","Adzuna (TotalJobs+)","QA Engineer","🏢 Office | 🚗 1h 45min | 🚌 ~2h 26min","https://www.adzuna.co.uk/jobs/land/ad/5742432426?se=1p6MCXpa8RGVwO7mwmvPAA&utm_medium=api&utm_source=fec81443&v=DFD478FC55478B94A5CA83B89CE100718CF3EC5C","2026-05-27"
"Line Supervisor","Walkers Chocolate","Tyseley, Birmingham","Adzuna (TotalJobs+)","QA Engineer","🏢 Office | 🚗 1h 50min | 🚌 ~2h 33min","https://www.adzuna.co.uk/jobs/land/ad/5742299902?se=1p6MCXpa8RGVwO7mwmvPAA&utm_medium=api&utm_source=fec81443&v=7E4CFDA14B1BAC883D1E8CDD6249C8B56D0A60AD","2026-05-27"
"Software Engineer / Senior QA & Test - DO-178C","DCS Recruitment","Oxfordshire, South East England","Adzuna (TotalJobs+)","QA Engineer","🏢 Office | 🚗 2h 48min ❌ | 🚌 ~3h 55min","https://www.adzuna.co.uk/jobs/land/ad/5742298253?se=1p6MCXpa8RGVwO7mwmvPAA&utm_medium=api&utm_source=fec81443&v=B84FEDAC1923E0FBCAAE14B04905D32D007EEE92","2026-05-27"
"Technical Business Analyst (Data & Reporting)","hireful.","Manchester, Greater Manchester","Adzuna (TotalJobs+)","QA Engineer","🏢 Office | 🚗 1h 13min | 🚌 ~2h 12min","https://www.adzuna.co.uk/jobs/land/ad/5742297462?se=1p6MCXpa8RGVwO7mwmvPAA&utm_medium=api&utm_source=fec81443&v=617BAD8AB94DAE089CC75E45C45417B23C9C7AD6","2026-05-27"
"Technical Business Analyst (Data & Reporting)","Hireful","UK","Adzuna (TotalJobs+)","QA Engineer","🏢 Office | 📍 Brak lokalizacji","https://www.adzuna.co.uk/jobs/land/ad/5742256548?se=1p6MCXpa8RGVwO7mwmvPAA&utm_medium=api&utm_source=fec81443&v=E19E6B8C8AC68C7B87B63E97BFA8139B7B05FBB6","2026-05-27"
"QA/QC Engineer – Data Centre Construction","Breagh Recruitment","UK","Adzuna (TotalJobs+)","QA Engineer","🏢 Office | 📍 Brak lokalizacji","https://www.adzuna.co.uk/jobs/details/5741746411?utm_medium=api&utm_source=fec81443","2026-05-27"
"Quality Engineer (Exciting Technical Progression)","Rise Technical Recruitment Limited","Stroud, Gloucestershire","Adzuna (TotalJobs+)","QA Engineer","🏢 Office | 🚗 2h 36min ❌ | 🚌 ~3h 38min","https://www.adzuna.co.uk/jobs/land/ad/5741391518?se=1p6MCXpa8RGVwO7mwmvPAA&utm_medium=api&utm_source=fec81443&v=3D8291E5ECF5231B1D794A2E1F323CF5955C2D77","2026-05-26"
"Quality Engineer QA/QC - Mechanical and Piping","Adepto Technical Recruitment Ltd","UK","Adzuna (TotalJobs+)","QA Engineer","🏢 Office | 📍 Brak lokalizacji","https://www.adzuna.co.uk/jobs/land/ad/5741326385?se=1p6MCXpa8RGVwO7mwmvPAA&utm_medium=api&utm_source=fec81443&v=BA1D00D8BD8C4E822BFE7FB2575F9EBCCC5500E0","2026-05-26"
"Senior Manager (Design Engineering)","URENCO UK Ltd","Capenhurst, Chester","Adzuna (TotalJobs+)","QA Engineer","🏢 Office | 🚗 33min | 🚌 ~1h","https://www.adzuna.co.uk/jobs/land/ad/5741325521?se=1p6MCXpa8RGVwO7mwmvPAA&utm_medium=api&utm_source=fec81443&v=FFA8EE54A4B62241C89C843BB6B89158620758CD","2026-05-26"
"Automation QA Test Engineer £70,000 - Bristol","SR2","Bristol, South West England","Adzuna (TotalJobs+)","QA Engineer","🏢 Office | 🚗 1h 48min | 🚌 ~2h 31min","https://www.adzuna.co.uk/jobs/land/ad/5741324252?se=1p6MCXpa8RGVwO7mwmvPAA&utm_medium=api&utm_source=fec81443&v=05DB5CC844CE9AEDDCEBA4E1974D3D465C089C0E","2026-05-26"
"QA Automation / SDET Engineer","Syntax Consultancy Ltd","Balsall Heath, Birmingham","Adzuna (TotalJobs+)","QA Engineer","🏢 Office | 🚗 1h 45min | 🚌 ~2h 26min","https://www.adzuna.co.uk/jobs/land/ad/5740349601?se=1p6MCXpa8RGVwO7mwmvPAA&utm_medium=api&utm_source=fec81443&v=A0514047D200C1EA08A8FDE8CEAB39C3FCEE213A","2026-05-25"
"Test Analyst - Hybrid - Warwick - UK","Noir","Warwickshire, West Midlands","Adzuna (TotalJobs+)","QA Engineer","🔀 Hybrid | 🚗 1h 37min | 🚌 ~2h 16min","https://www.adzuna.co.uk/jobs/land/ad/5740268999?se=1p6MCXpa8RGVwO7mwmvPAA&utm_medium=api&utm_source=fec81443&v=66A851AA697B31B61D980FCCDE7E18CB01943E34","2026-05-25"
"Staff Cloud Engineer","Graphcore","Bristol, South West England","Adzuna (TotalJobs+)","QA Engineer","🏢 Office | 🚗 1h 52min | 🚌 ~2h 37min 💾","https://www.adzuna.co.uk/jobs/details/5739762918?utm_medium=api&utm_source=fec81443","2026-05-24"
"Software QA Engineer","Light & Wonder","UK","Adzuna (TotalJobs+)","QA Engineer","🏢 Office | 📍 Brak lokalizacji","https://www.adzuna.co.uk/jobs/land/ad/5739739761?se=1p6MCXpa8RGVwO7mwmvPAA&utm_medium=api&utm_source=fec81443&v=A0C84242F10A7BB80D1BC4FE9439F3595CDF4864","2026-05-24"
"Software Engineer (Java, back-end)","SilverRail","UK","Adzuna (TotalJobs+)","QA Engineer","🏢 Office | 📍 Brak lokalizacji","https://www.adzuna.co.uk/jobs/details/5739734125?utm_medium=api&utm_source=fec81443","2026-05-24"
"Senior Cloud Platform Engineer","Graphcore","Bristol, South West England","Adzuna (TotalJobs+)","QA Engineer","🏢 Office | 🚗 1h 52min | 🚌 ~2h 37min 💾","https://www.adzuna.co.uk/jobs/details/5739733992?utm_medium=api&utm_source=fec81443","2026-05-24"
"Quality Engineer","Manpower UK - RISE","Bradley Stoke, Bristol","Adzuna (TotalJobs+)","QA Engineer","🏢 Office | 🚗 2h 48min ❌ | 🚌 ~3h 55min 💾","https://www.adzuna.co.uk/jobs/details/5739636539?utm_medium=api&utm_source=fec81443","2026-05-24"
"BIM Manager","Hays","Manchester, Greater Manchester","Adzuna (TotalJobs+)","QA Engineer","🏢 Office | 🚗 1h 13min | 🚌 ~2h 12min","https://www.adzuna.co.uk/jobs/land/ad/5739420536?se=1p6MCXpa8RGVwO7mwmvPAA&utm_medium=api&utm_source=fec81443&v=3D5C41258EC5560D9D050C555DEF9213B061404E","2026-05-24"
"Automation QA Test Engineer £70,000 - Bristol","SR2","Bristol, South West England","Adzuna (TotalJobs+)","QA Automation Engineer","🏢 Office | 🚗 1h 48min | 🚌 ~2h 31min","https://www.adzuna.co.uk/jobs/land/ad/5741324252?se=CqhsCnpa8RG15Otl31cBag&utm_medium=api&utm_source=fec81443&v=05DB5CC844CE9AEDDCEBA4E1974D3D465C089C0E","2026-05-26"
"QA Automation / SDET Engineer","Syntax Consultancy Ltd","Balsall Heath, Birmingham","Adzuna (TotalJobs+)","QA Automation Engineer","🏢 Office | 🚗 1h 45min | 🚌 ~2h 26min","https://www.adzuna.co.uk/jobs/land/ad/5740349601?se=CqhsCnpa8RG15Otl31cBag&utm_medium=api&utm_source=fec81443&v=A0514047D200C1EA08A8FDE8CEAB39C3FCEE213A","2026-05-25"
"Lead QA Engineer","TPXImpact Holdings Plc","UK","Adzuna (TotalJobs+)","QA Automation Engineer","🏢 Office | 📍 Brak lokalizacji","https://www.adzuna.co.uk/jobs/details/5737492348?utm_medium=api&utm_source=fec81443","2026-05-22"
"Senior QA Engineer","Langham Recruitment","Manchester, Greater Manchester","Adzuna (TotalJobs+)","QA Automation Engineer","🏢 Office | 🚗 1h 13min | 🚌 ~2h 12min","https://www.adzuna.co.uk/jobs/land/ad/5736370559?se=CqhsCnpa8RG15Otl31cBag&utm_medium=api&utm_source=fec81443&v=2A794D54E4E11548798AD58842ECD977CBF35B40","2026-05-21"
"Automation QA Test Engineer £70,000 - Bristol","SR2","Bristol, South West England","Adzuna (TotalJobs+)","QA Automation Engineer","🏢 Office | 🚗 1h 48min | 🚌 ~2h 31min","https://www.adzuna.co.uk/jobs/land/ad/5735348941?se=CqhsCnpa8RG15Otl31cBag&utm_medium=api&utm_source=fec81443&v=A787D4C4706D2B044A2849420DB499CBBEA3A62D","2026-05-20"
"Senior QA Engineer","Langham Recruitment","UK","Adzuna (TotalJobs+)","QA Automation Engineer","🏢 Office | 📍 Brak lokalizacji","https://www.adzuna.co.uk/jobs/land/ad/5735348937?se=CqhsCnpa8RG15Otl31cBag&utm_medium=api&utm_source=fec81443&v=BBBF2A4747E645A8DED28D2F9A12AB044E72F950","2026-05-20"
"Senior Java Software Developer - Data Engineering","Square One Resources","UK","Adzuna (TotalJobs+)","QA Automation Engineer","🏢 Office | 📍 Brak lokalizacji","https://www.adzuna.co.uk/jobs/details/5733680558?utm_medium=api&utm_source=fec81443","2026-05-19"
"Automated Quality Assurance Engineer (Home-Based UK)","Health Partners","UK","Adzuna (TotalJobs+)","QA Automation Engineer","🔀 Hybrid | 📍 Brak lokalizacji","https://www.adzuna.co.uk/jobs/details/5733214950?utm_medium=api&utm_source=fec81443","2026-05-18"
"Lead QA Engineer (Bangor / All UK)","Trust Payments","Bangor, Gwynedd","Adzuna (TotalJobs+)","QA Automation Engineer","🏢 Office | 🚗 1h 19min | 🚌 ~2h 23min 💾","https://www.adzuna.co.uk/jobs/details/5727311899?utm_medium=api&utm_source=fec81443","2026-05-12"
"QA Automation Engineer - Homebased","Outsourced","UK","Adzuna (TotalJobs+)","QA Automation Engineer","🏢 Office | 📍 Brak lokalizacji","https://www.adzuna.co.uk/jobs/details/5726366388?utm_medium=api&utm_source=fec81443","2026-05-12"
"QA Automation Engineer","Lorien","Leeds, West Yorkshire","Adzuna (TotalJobs+)","QA Automation Engineer","🏢 Office | 🚗 1h 51min | 🚌 ~2h 35min","https://www.adzuna.co.uk/jobs/land/ad/5715792897?se=CqhsCnpa8RG15Otl31cBag&utm_medium=api&utm_source=fec81443&v=6D365FF3E3B90EFE9963426BAB8421EB6D4411C8","2026-05-01"
"Sr. Quality Assurance Engineer w/Detox Testing Experience","Concentrix","UK","Adzuna (TotalJobs+)","QA Automation Engineer","🏢 Office | 📍 Brak lokalizacji","https://www.adzuna.co.uk/jobs/land/ad/5711116799?se=CqhsCnpa8RG15Otl31cBag&utm_medium=api&utm_source=fec81443&v=F71EA2295CEF4A0B99E730E3FFBB639AD9F83C61","2026-04-26"
"QA Engineer (Manual & Automation)","Pinewood.AI","Solihull, West Midlands","Adzuna (TotalJobs+)","QA Automation Engineer","🏢 Office | 🚗 1h 51min | 🚌 ~2h 36min 💾","https://www.adzuna.co.uk/jobs/details/5709442473?utm_medium=api&utm_source=fec81443","2026-04-24"
"DevOps Engineer","DXC Technology","UK","Adzuna (TotalJobs+)","QA Automation Engineer","🏢 Office | 📍 Brak lokalizacji","https://www.adzuna.co.uk/jobs/details/5707198284?utm_medium=api&utm_source=fec81443","2026-04-22"
"QA Engineer - Automation - Manchester","Forward Role","Manchester, Greater Manchester","Adzuna (TotalJobs+)","QA Automation Engineer","🏢 Office | 🚗 1h 27min | 🚌 ~2h 36min 💾","https://www.adzuna.co.uk/jobs/details/5701541532?utm_medium=api&utm_source=fec81443","2026-04-16"
"Senior QA Automation Engineer","StorMagic","Bristol, South West England","Adzuna (TotalJobs+)","QA Automation Engineer","🏢 Office | 🚗 1h 52min | 🚌 ~2h 37min 💾","https://www.adzuna.co.uk/jobs/details/5698054360?utm_medium=api&utm_source=fec81443","2026-04-13"
"Senior QA Engineer","Vix Technology","Manchester, Greater Manchester","Adzuna (TotalJobs+)","QA Automation Engineer","🏢 Office | 🚗 1h 21min | 🚌 ~2h 26min 💾","https://www.adzuna.co.uk/jobs/details/5647323160?utm_medium=api&utm_source=fec81443","2026-02-27"
"Automation QA Engineer","Siemens","UK","Adzuna (TotalJobs+)","QA Automation Engineer","🏢 Office | 📍 Brak lokalizacji","https://www.adzuna.co.uk/jobs/details/5210481005?utm_medium=api&utm_source=fec81443","2025-05-22"
"Senior QA Automation Engineer","ibm","UK","Adzuna (TotalJobs+)","QA Automation Engineer","🏢 Office | 📍 Brak lokalizacji","https://www.adzuna.co.uk/jobs/details/5210480601?utm_medium=api&utm_source=fec81443","2025-05-22"
"Software Engineer - Java/Kotlin","Morgan McKinley","Manchester, Greater Manchester","Adzuna (TotalJobs+)","Test Automation Engineer","🏢 Office | 🚗 1h 13min | 🚌 ~2h 12min","https://www.adzuna.co.uk/jobs/land/ad/5742434897?se=Uu5uC3pa8RG15Otl31cBag&utm_medium=api&utm_source=fec81443&v=581B8DB2B723F88D61607847F510FB1E61ECDF28","2026-05-27"
"Senior Automation Test Engineer - Identity & Access Management","Som-3 Recruitment","Sheffield, South Yorkshire","Adzuna (TotalJobs+)","Test Automation Engineer","🏢 Office | 🚗 2h 9min ❌ | 🚌 ~3h 1min","https://www.adzuna.co.uk/jobs/details/5742303640?utm_medium=api&utm_source=fec81443","2026-05-27"
"Senior Automation Test Engineer - Identity & Access Management","Som3","Heeley, Sheffield","Adzuna (TotalJobs+)","Test Automation Engineer","🏢 Office | 🚗 2h 11min ❌ | 🚌 ~3h 3min","https://www.adzuna.co.uk/jobs/land/ad/5742146328?se=Uu5uC3pa8RG15Otl31cBag&utm_medium=api&utm_source=fec81443&v=B71CC80121A43B03A04F88223B1007DC1B8EB9AE","2026-05-27"
"Test Engineer - Automation - Kingston, Surrey - £65,000 plus benefits","Ashdown Group","UK","Adzuna (TotalJobs+)","Test Automation Engineer","🏢 Office | 📍 Brak lokalizacji","https://www.adzuna.co.uk/jobs/land/ad/5741392326?se=Uu5uC3pa8RG15Otl31cBag&utm_medium=api&utm_source=fec81443&v=9478C171646AAC26E8685E679F4BA94CB9635F50","2026-05-26"
"Automation Test Engineer - (IAM)","GCS","Heeley, Sheffield","Adzuna (TotalJobs+)","Test Automation Engineer","🏢 Office | 🚗 2h 11min ❌ | 🚌 ~3h 3min","https://www.adzuna.co.uk/jobs/land/ad/5741326702?se=Uu5uC3pa8RG15Otl31cBag&utm_medium=api&utm_source=fec81443&v=FA07D3B76B42767C98778CBB6111B4028F3B5983","2026-05-26"
"Automation QA Test Engineer £70,000 - Bristol","SR2","Bristol, South West England","Adzuna (TotalJobs+)","Test Automation Engineer","🏢 Office | 🚗 1h 48min | 🚌 ~2h 31min","https://www.adzuna.co.uk/jobs/land/ad/5741324252?se=Uu5uC3pa8RG15Otl31cBag&utm_medium=api&utm_source=fec81443&v=05DB5CC844CE9AEDDCEBA4E1974D3D465C089C0E","2026-05-26"
"Senior Data Engineer","Pontoon","Warwick, Warwickshire","Adzuna (TotalJobs+)","Test Automation Engineer","🏢 Office | 🚗 2h 7min ❌ | 🚌 ~2h 57min","https://www.adzuna.co.uk/jobs/land/ad/5741298048?se=Uu5uC3pa8RG15Otl31cBag&utm_medium=api&utm_source=fec81443&v=E9B5C3016E19DAAC016E0A67EB83B8676E6CCFCC","2026-05-26"
"Senior Vice President, Full-Stack Engineer","BNY Mellon","Manchester Science Park, Manchester","Adzuna (TotalJobs+)","Test Automation Engineer","🏢 Office | 🚗 1h 12min | 🚌 ~2h 10min 💾","https://www.adzuna.co.uk/jobs/details/5741169096?utm_medium=api&utm_source=fec81443","2026-05-26"
"Principal Mobile Apps Platform Engineer","Autotrader","Manchester, Greater Manchester","Adzuna (TotalJobs+)","Test Automation Engineer","🏢 Office | 🚗 1h 26min | 🚌 ~2h 35min 💾","https://www.adzuna.co.uk/jobs/details/5739763297?utm_medium=api&utm_source=fec81443","2026-05-24"
"Graduate Electrical Electronic / Software Engineer","Rise Technical Recruitment","UK","Adzuna (TotalJobs+)","Test Automation Engineer","🏢 Office | 📍 Brak lokalizacji","https://www.adzuna.co.uk/jobs/details/5737235064?utm_medium=api&utm_source=fec81443","2026-05-22"
"Software Engineer","Sanderson Government and Defence","Cheltenham, Gloucestershire","Adzuna (TotalJobs+)","Test Automation Engineer","🏢 Office | 🚗 2h 26min ❌ | 🚌 ~3h 25min 💾","https://www.adzuna.co.uk/jobs/details/5737144380?utm_medium=api&utm_source=fec81443","2026-05-22"
"Test Automation Engineer (Java)","Infinity Quest UK","UK","Adzuna (TotalJobs+)","Test Automation Engineer","🏢 Office | 📍 Brak lokalizacji","https://www.adzuna.co.uk/jobs/details/5736656192?utm_medium=api&utm_source=fec81443","2026-05-21"
"Graduate Electrical Electronic / Software Engineer","Rise Technical Recruitment Limited","Gloucestershire, South West England","Adzuna (TotalJobs+)","Test Automation Engineer","🏢 Office | 🚗 2h 36min ❌ | 🚌 ~3h 38min","https://www.adzuna.co.uk/jobs/land/ad/5736518748?se=Uu5uC3pa8RG15Otl31cBag&utm_medium=api&utm_source=fec81443&v=2DAFBDD00568DD20DEF6DD28DDBD61D10BED3CCA","2026-05-21"
"Graduate Electrical Electronic / Software Engineer","Rise Technical Recruitment","Gloucestershire, South West England","Adzuna (TotalJobs+)","Test Automation Engineer","🏢 Office | 🚗 2h 36min ❌ | 🚌 ~3h 38min","https://www.adzuna.co.uk/jobs/land/ad/5736518651?se=Uu5uC3pa8RG15Otl31cBag&utm_medium=api&utm_source=fec81443&v=F4BC11EA9AECA008C8BBEB7BFB050A28F0298AD2","2026-05-21"
"Senior or Principal Microwave Engineer","Leonardo","UK","Adzuna (TotalJobs+)","Test Automation Engineer","🏢 Office | 📍 Brak lokalizacji","https://www.adzuna.co.uk/jobs/details/5736386828?utm_medium=api&utm_source=fec81443","2026-05-21"
"Automation QA Test Engineer £70,000 - Bristol","SR2","Bristol, South West England","Adzuna (TotalJobs+)","Test Automation Engineer","🏢 Office | 🚗 1h 48min | 🚌 ~2h 31min","https://www.adzuna.co.uk/jobs/land/ad/5735348941?se=Uu5uC3pa8RG15Otl31cBag&utm_medium=api&utm_source=fec81443&v=A787D4C4706D2B044A2849420DB499CBBEA3A62D","2026-05-20"
"Automation Test Engineer","Chroma Recruitment Ltd","Manchester, Greater Manchester","Adzuna (TotalJobs+)","Test Automation Engineer","🏢 Office | 🚗 1h 13min | 🚌 ~2h 12min 💾","https://www.adzuna.co.uk/jobs/details/5735310688?utm_medium=api&utm_source=fec81443","2026-05-20"
"Senior QA Lead","Serco","Solihull, West Midlands","Adzuna (TotalJobs+)","Test Automation Engineer","🏢 Office | 🚗 1h 49min | 🚌 ~2h 33min 💾","https://www.adzuna.co.uk/jobs/details/5735254407?utm_medium=api&utm_source=fec81443","2026-05-20"
"Software Engineer / Senior QA & Test - DO-178C","DCS Recruitment","Oxfordshire, South East England","Adzuna (TotalJobs+)","SDET","🏢 Office | 🚗 2h 48min ❌ | 🚌 ~3h 56min","https://www.adzuna.co.uk/jobs/land/ad/5742298253?se=zIn0C3pa8RG15Otl31cBag&utm_medium=api&utm_source=fec81443&v=B84FEDAC1923E0FBCAAE14B04905D32D007EEE92","2026-05-27"
"QA Automation / SDET Engineer","Syntax Consultancy Ltd","Balsall Heath, Birmingham","Adzuna (TotalJobs+)","SDET","🏢 Office | 🚗 1h 45min | 🚌 ~2h 27min","https://www.adzuna.co.uk/jobs/land/ad/5740349601?se=zIn0C3pa8RG15Otl31cBag&utm_medium=api&utm_source=fec81443&v=A0514047D200C1EA08A8FDE8CEAB39C3FCEE213A","2026-05-25"
"Software Test Engineer","BELCAN","Manchester, Greater Manchester","Adzuna (TotalJobs+)","SDET","🏢 Office | 🚗 1h 13min | 🚌 ~2h 12min","https://www.adzuna.co.uk/jobs/land/ad/5726136158?se=zIn0C3pa8RG15Otl31cBag&utm_medium=api&utm_source=fec81443&v=19F3AA5483C2BA2D9406EBF1F815674FB66C124C","2026-05-11"
"Lead Test Engineer","InvitISE Ltd","Hyde Park, Leeds","Adzuna (TotalJobs+)","SDET","🏢 Office | 🚗 1h 54min | 🚌 ~2h 39min 💾","https://www.adzuna.co.uk/jobs/details/5722158869?utm_medium=api&utm_source=fec81443","2026-05-07"
"Senior Automation Test Engineer","CACI","Manchester, Greater Manchester","Adzuna (TotalJobs+)","SDET","🏢 Office | 🚗 1h 20min | 🚌 ~2h 24min 💾","https://www.adzuna.co.uk/jobs/details/5722148531?utm_medium=api&utm_source=fec81443","2026-05-07"
"Senior SDET","Experian","Nottingham, Nottinghamshire","Adzuna (TotalJobs+)","SDET","🏢 Office | 🚗 2h 8min ❌ | 🚌 ~2h 59min 💾","https://www.adzuna.co.uk/jobs/details/5721953937?utm_medium=api&utm_source=fec81443","2026-05-07"
"Software Development Engineer In Test","Protect Line LTD","UK","Adzuna (TotalJobs+)","SDET","🏢 Office | 📍 Brak lokalizacji","https://www.adzuna.co.uk/jobs/details/5721848948?utm_medium=api&utm_source=fec81443","2026-05-07"
"Senior Automation Tester (Python) – Agentic AI & LLM Systems (Hybrid)","Resillion","Leeds, West Yorkshire","Adzuna (TotalJobs+)","SDET","🔀 Hybrid | 🚗 1h 57min | 🚌 ~2h 43min 💾","https://www.adzuna.co.uk/jobs/details/5720030126?utm_medium=api&utm_source=fec81443","2026-05-06"
"Senior Automation Tester (Python) – Agentic AI & LLM Systems (Hybrid)","Resillion","Birmingham, West Midlands","Adzuna (TotalJobs+)","SDET","🔀 Hybrid | 🚗 1h 42min | 🚌 ~2h 23min 💾","https://www.adzuna.co.uk/jobs/details/5720030104?utm_medium=api&utm_source=fec81443","2026-05-06"
"Senior Automation Tester (Python) – Agentic AI & LLM Systems (Hybrid)","Resillion","Manchester, Greater Manchester","Adzuna (TotalJobs+)","SDET","🔀 Hybrid | 🚗 1h 21min | 🚌 ~2h 26min 💾","https://www.adzuna.co.uk/jobs/details/5720030069?utm_medium=api&utm_source=fec81443","2026-05-06"
"Lead SDET","Experian","Nottingham, Nottinghamshire","Adzuna (TotalJobs+)","SDET","🏢 Office | 🚗 2h 10min ❌ | 🚌 ~3h 1min 💾","https://www.adzuna.co.uk/jobs/details/5720029881?utm_medium=api&utm_source=fec81443","2026-05-06"
"QA Automation Engineer","Lorien","Leeds, West Yorkshire","Adzuna (TotalJobs+)","SDET","🏢 Office | 🚗 1h 51min | 🚌 ~2h 35min","https://www.adzuna.co.uk/jobs/land/ad/5715792897?se=zIn0C3pa8RG15Otl31cBag&utm_medium=api&utm_source=fec81443&v=6D365FF3E3B90EFE9963426BAB8421EB6D4411C8","2026-05-01"
"Automation Test Architect","DXC Technology","UK","Adzuna (TotalJobs+)","SDET","🏢 Office | 📍 Brak lokalizacji","https://www.adzuna.co.uk/jobs/details/5707197878?utm_medium=api&utm_source=fec81443","2026-04-22"
"Software Engineer / Senior QA & Test - DO-178C","DCS Recruitment","Oxfordshire, South East England","Adzuna (TotalJobs+)","Software Engineer in Test","🏢 Office | 🚗 2h 48min ❌ | 🚌 ~3h 56min","https://www.adzuna.co.uk/jobs/land/ad/5742298253?se=WO-iDHpa8RGVwO7mwmvPAA&utm_medium=api&utm_source=fec81443&v=B84FEDAC1923E0FBCAAE14B04905D32D007EEE92","2026-05-27"
"System / Software Test Engineer","JAM Recruitment Ltd","Stockingford, Nuneaton","Adzuna (TotalJobs+)","Software Engineer in Test","🏢 Office | 🚗 1h 56min | 🚌 ~2h 43min","https://www.adzuna.co.uk/jobs/details/5742152229?utm_medium=api&utm_source=fec81443","2026-05-27"
"Software Development Engineer in Test","Royal London Group","Alderley Edge, Cheshire","Adzuna (TotalJobs+)","Software Engineer in Test","🏢 Office | 🚗 1h 6min | 🚌 ~2h 💾","https://www.adzuna.co.uk/jobs/details/5741422076?utm_medium=api&utm_source=fec81443","2026-05-26"
"QA Automation / SDET Engineer","Syntax Consultancy Ltd","Balsall Heath, Birmingham","Adzuna (TotalJobs+)","Software Engineer in Test","🏢 Office | 🚗 1h 45min | 🚌 ~2h 27min","https://www.adzuna.co.uk/jobs/land/ad/5740349601?se=WO-iDHpa8RGVwO7mwmvPAA&utm_medium=api&utm_source=fec81443&v=A0514047D200C1EA08A8FDE8CEAB39C3FCEE213A","2026-05-25"
"Senior Software Engineer","Graphcore","UK","Adzuna (TotalJobs+)","Software Engineer in Test","🏢 Office | 📍 Brak lokalizacji","https://www.adzuna.co.uk/jobs/details/5739763286?utm_medium=api&utm_source=fec81443","2026-05-24"
"Senior Software Engineer","Graphcore","Bristol, South West England","Adzuna (TotalJobs+)","Software Engineer in Test","🏢 Office | 🚗 1h 52min | 🚌 ~2h 37min 💾","https://www.adzuna.co.uk/jobs/details/5739755090?utm_medium=api&utm_source=fec81443","2026-05-24"
"Staff Software Engineer","Graphcore","Bristol, South West England","Adzuna (TotalJobs+)","Software Engineer in Test","🏢 Office | 🚗 1h 52min | 🚌 ~2h 37min 💾","https://www.adzuna.co.uk/jobs/details/5739733919?utm_medium=api&utm_source=fec81443","2026-05-24"
"System Software Engineer in Test","Graphcore","Bristol, South West England","Adzuna (TotalJobs+)","Software Engineer in Test","🏢 Office | 🚗 1h 52min | 🚌 ~2h 37min 💾","https://www.adzuna.co.uk/jobs/details/5739733101?utm_medium=api&utm_source=fec81443","2026-05-24"
"PLC Programmer, water and wastewater","Engineering Employment","Nottingham, Nottinghamshire","Adzuna (TotalJobs+)","Software Engineer in Test","🏢 Office | 🚗 2h 10min ❌ | 🚌 ~3h 3min 💾","https://www.adzuna.co.uk/jobs/details/5739731039?utm_medium=api&utm_source=fec81443","2026-05-24"
"Software and Systems Test Coordination Engineer","Caresoft Global Talent Solutions Ltd","Gaydon, Warwick","Adzuna (TotalJobs+)","Software Engineer in Test","🏢 Office | 🚗 2h 11min ❌ | 🚌 ~3h 4min 💾","https://www.adzuna.co.uk/jobs/details/5737809484?utm_medium=api&utm_source=fec81443","2026-05-22"
"Software Test Engineer (AVP) - Citi","Citi","UK","Adzuna (TotalJobs+)","Software Engineer in Test","🏢 Office | 📍 Brak lokalizacji","https://www.adzuna.co.uk/jobs/land/ad/5737722171?se=WO-iDHpa8RGVwO7mwmvPAA&utm_medium=api&utm_source=fec81443&v=F59A84E88DC4E955FB130A21CABC171DA443991E","2026-05-22"
"Gen AI Python Software Engineer - Citi","Citi","UK","Adzuna (TotalJobs+)","Software Engineer in Test","🏢 Office | 📍 Brak lokalizacji","https://www.adzuna.co.uk/jobs/land/ad/5737722080?se=WO-iDHpa8RGVwO7mwmvPAA&utm_medium=api&utm_source=fec81443&v=57EEED280ACC17AE467B57F2CC498B78F3B327DE","2026-05-22"
"Electrical Site Supervisor","Finlay Jude Associates Ltd","Hampton Gay, Kidlington","Adzuna (TotalJobs+)","Test Engineer","🏢 Office | 🚗 2h 43min ❌ | 🚌 ~3h 49min","https://www.adzuna.co.uk/jobs/land/ad/5743251857?se=1DNBDXpa8RGVwO7mwmvPAA&utm_medium=api&utm_source=fec81443&v=F56EA994EE6B6CE3265240BCF466445F97BDA109","2026-05-28"
"Design Structures Authoriser","Morson Edge","Broughton, Chester","Adzuna (TotalJobs+)","Test Engineer","🏢 Office | 🚗 20min | 🚌 ~35min","https://www.adzuna.co.uk/jobs/land/ad/5743251294?se=1DNBDXpa8RGVwO7mwmvPAA&utm_medium=api&utm_source=fec81443&v=360D81C76A4F4FAAE95E9D2C3FF9FE5DD7D6D5FB","2026-05-28"
"RF Test Engineer","Redline Group Ltd","Winterton, Sedgefield","Adzuna (TotalJobs+)","Test Engineer","🏢 Office | 🚗 2h 51min ❌ | 🚌 ~4h","https://www.adzuna.co.uk/jobs/land/ad/5743250421?se=1DNBDXpa8RGVwO7mwmvPAA&utm_medium=api&utm_source=fec81443&v=4657EDA07337FBBD9B4800A7F47D31B038D4DA95","2026-05-28"
"Principal RF Engineer HWIL","Impellam","Creswell, Stafford","Adzuna (TotalJobs+)","Test Engineer","🏢 Office | 🚗 1h 9min | 🚌 ~2h 5min","https://www.adzuna.co.uk/jobs/land/ad/5743146793?se=1DNBDXpa8RGVwO7mwmvPAA&utm_medium=api&utm_source=fec81443&v=7F97AA976540EA2B2868D0B970494EB1CAB9119F","2026-05-28"
"Electrical Commissioning Technicians","Astute Technical Recruitment Ltd","Chester, Cheshire","Adzuna (TotalJobs+)","Test Engineer","🏢 Office | 🚗 26min | 🚌 ~47min","https://www.adzuna.co.uk/jobs/land/ad/5742995014?se=1DNBDXpa8RGVwO7mwmvPAA&utm_medium=api&utm_source=fec81443&v=A785A52D28C63ACC4DE1C2840086D5DCF37C5002","2026-05-28"
"Mechanical Engineer","Gold Group","Walney, Barrow-In-Furness","Adzuna (TotalJobs+)","Test Engineer","🏢 Office | 🚗 2h 33min ❌ | 🚌 ~3h 34min","https://www.adzuna.co.uk/jobs/land/ad/5742995006?se=1DNBDXpa8RGVwO7mwmvPAA&utm_medium=api&utm_source=fec81443&v=B0E642495FB543F41F00F8D119C8810D8B467A02","2026-05-28"
"Senior Mechanical Engineer","ASSYSTEM","Warrington, Cheshire","Adzuna (TotalJobs+)","Test Engineer","🏢 Office | 🚗 46min | 🚌 ~1h 24min","https://www.adzuna.co.uk/jobs/details/5742945700?utm_medium=api&utm_source=fec81443","2026-05-28"
"Full Stack Developer","Trust in SODA","UK","Adzuna (TotalJobs+)","Test Engineer","🏢 Office | 📍 Brak lokalizacji","https://www.adzuna.co.uk/jobs/details/5742819019?utm_medium=api&utm_source=fec81443","2026-05-28"
"Commissioning Engineer (High Voltage)","Ernest Gordon Recruitment","Manchester, Greater Manchester","Adzuna (TotalJobs+)","Test Engineer","🏢 Office | 🚗 1h 13min | 🚌 ~2h 12min","https://www.adzuna.co.uk/jobs/land/ad/5742789591?se=1DNBDXpa8RGVwO7mwmvPAA&utm_medium=api&utm_source=fec81443&v=1B22DDB31C6DD1A639BBD7A722D19106394B26E5","2026-05-28"
"NVH Engineer","Gold Group","Walney, Barrow-In-Furness","Adzuna (TotalJobs+)","Test Engineer","🏢 Office | 🚗 2h 33min ❌ | 🚌 ~3h 34min","https://www.adzuna.co.uk/jobs/land/ad/5742789121?se=1DNBDXpa8RGVwO7mwmvPAA&utm_medium=api&utm_source=fec81443&v=C95DED1C3CEBAA77739CC54B8466417B5F9452DB","2026-05-28"
"Mechanical Design Engineer","Aspion","Manchester, Greater Manchester","Adzuna (TotalJobs+)","Test Engineer","🏢 Office | 🚗 1h 13min | 🚌 ~2h 12min","https://www.adzuna.co.uk/jobs/land/ad/5742771259?se=1DNBDXpa8RGVwO7mwmvPAA&utm_medium=api&utm_source=fec81443&v=9AAE0A0A09397D35768DB1C3D23DD41E9ECCC779","2026-05-27"
"Software Engineer - Java/Kotlin","Morgan McKinley","Manchester, Greater Manchester","Adzuna (TotalJobs+)","Test Engineer","🏢 Office | 🚗 1h 13min | 🚌 ~2h 12min","https://www.adzuna.co.uk/jobs/land/ad/5742434897?se=1DNBDXpa8RGVwO7mwmvPAA&utm_medium=api&utm_source=fec81443&v=581B8DB2B723F88D61607847F510FB1E61ECDF28","2026-05-27"
"Project Engineer (Thermal Packaging / Lab Testing)","Pertemps Milton Keynes","UK","Adzuna (TotalJobs+)","Test Engineer","🏢 Office | 📍 Brak lokalizacji","https://www.adzuna.co.uk/jobs/land/ad/5742415181?se=1DNBDXpa8RGVwO7mwmvPAA&utm_medium=api&utm_source=fec81443&v=3E300EC6409AF04F254819941311EA9E0A0E9AC5","2026-05-27"
"ICT Data Centre Lab Engineer","Networking People  Limited","South Yorkshire, Yorkshire And The Humber","Adzuna (TotalJobs+)","Test Engineer","🏢 Office | 🚗 2h 30min ❌ | 🚌 ~3h 30min","https://www.adzuna.co.uk/jobs/details/5742414796?utm_medium=api&utm_source=fec81443","2026-05-27"
"Design Structures Authoriser","Morson Edge","Chester, Cheshire","Adzuna (TotalJobs+)","Test Engineer","🏢 Office | 🚗 26min | 🚌 ~47min","https://www.adzuna.co.uk/jobs/details/5742378948?utm_medium=api&utm_source=fec81443","2026-05-27"
"Quality & Technical Manager","Cavendish Maine","Healey, Rochdale","Adzuna (TotalJobs+)","QA Lead","🏢 Office | 🚗 1h 24min | 🚌 ~1h 58min","https://www.adzuna.co.uk/jobs/land/ad/5743251747?se=ejvZDXpa8RG15Otl31cBag&utm_medium=api&utm_source=fec81443&v=28DE0BA5A5261DE21B1C6214A4C505E334ED15C1","2026-05-28"
"AI Engineering Manager","Halian Technology Limited","Leamington Spa, Warwickshire","Adzuna (TotalJobs+)","QA Lead","🏢 Office | 🚗 2h 11min ❌ | 🚌 ~3h 3min","https://www.adzuna.co.uk/jobs/land/ad/5742994653?se=ejvZDXpa8RG15Otl31cBag&utm_medium=api&utm_source=fec81443&v=6FF230DA7EF9440B350C486A06028054992CDA8A","2026-05-28"
"Technical Business Analyst (Data & Reporting)","hireful.","Manchester, Greater Manchester","Adzuna (TotalJobs+)","QA Lead","🏢 Office | 🚗 1h 13min | 🚌 ~2h 12min","https://www.adzuna.co.uk/jobs/land/ad/5742297462?se=ejvZDXpa8RG15Otl31cBag&utm_medium=api&utm_source=fec81443&v=617BAD8AB94DAE089CC75E45C45417B23C9C7AD6","2026-05-27"
"Technical Business Analyst (Data & Reporting)","Hireful","UK","Adzuna (TotalJobs+)","QA Lead","🏢 Office | 📍 Brak lokalizacji","https://www.adzuna.co.uk/jobs/land/ad/5742256548?se=ejvZDXpa8RG15Otl31cBag&utm_medium=api&utm_source=fec81443&v=E19E6B8C8AC68C7B87B63E97BFA8139B7B05FBB6","2026-05-27"
"Lead Quality Assurance Engineer","Redline Group Ltd","Milton Keynes, Buckinghamshire","Adzuna (TotalJobs+)","QA Lead","🏢 Office | 🚗 2h 36min ❌ | 🚌 ~3h 38min","https://www.adzuna.co.uk/jobs/details/5742115398?utm_medium=api&utm_source=fec81443","2026-05-27"
"Compliance & Assurance Manager","Sellick Partnership Limited- In-House","Hyde Park, Leeds","Adzuna (TotalJobs+)","QA Lead","🏢 Office | 🚗 1h 47min | 🚌 ~2h 30min","https://www.adzuna.co.uk/jobs/land/ad/5742107581?se=ejvZDXpa8RG15Otl31cBag&utm_medium=api&utm_source=fec81443&v=1FBCA45DF14466CBBB240CAAA741C7F5A4955BE3","2026-05-27"
"Lead Quality Assurance Engineer","Redline Group Ltd","Crownhill, Milton Keynes","Adzuna (TotalJobs+)","QA Lead","🏢 Office | 🚗 2h 39min ❌ | 🚌 ~3h 43min","https://www.adzuna.co.uk/jobs/land/ad/5742057951?se=ejvZDXpa8RG15Otl31cBag&utm_medium=api&utm_source=fec81443&v=8F580C65DDC79D0DAC2312DF5E87692835459A70","2026-05-27"
"Quality Engineer QA/QC - Mechanical and Piping","Adepto Technical Recruitment Ltd","UK","Adzuna (TotalJobs+)","QA Lead","🏢 Office | 📍 Brak lokalizacji","https://www.adzuna.co.uk/jobs/land/ad/5741326385?se=ejvZDXpa8RG15Otl31cBag&utm_medium=api&utm_source=fec81443&v=BA1D00D8BD8C4E822BFE7FB2575F9EBCCC5500E0","2026-05-26"
"Senior Manager (Design Engineering)","URENCO UK Ltd","Capenhurst, Chester","Adzuna (TotalJobs+)","QA Lead","🏢 Office | 🚗 33min | 🚌 ~1h","https://www.adzuna.co.uk/jobs/land/ad/5741325521?se=ejvZDXpa8RG15Otl31cBag&utm_medium=api&utm_source=fec81443&v=FFA8EE54A4B62241C89C843BB6B89158620758CD","2026-05-26"
"Principal Physicist - Radiotherapy (National, Home-Based)","GenesisCare","UK","Adzuna (TotalJobs+)","QA Lead","🔀 Hybrid | 📍 Brak lokalizacji","https://www.adzuna.co.uk/jobs/details/5741210729?utm_medium=api&utm_source=fec81443","2026-05-26"
"Lead Physicist (Maidstone)","GenesisCare","UK","Adzuna (TotalJobs+)","QA Lead","🏢 Office | 📍 Brak lokalizacji","https://www.adzuna.co.uk/jobs/details/5741179607?utm_medium=api&utm_source=fec81443","2026-05-26"
"Senior AWS DevOps Engineer / Lead DevOps Engineer","N Consulting Ltd","Guys Cliffe, Warwick","Adzuna (TotalJobs+)","QA Lead","🏢 Office | 🚗 2h 10min ❌ | 🚌 ~3h 2min 💾","https://www.adzuna.co.uk/jobs/details/5740349551?utm_medium=api&utm_source=fec81443","2026-05-25"
"Depute Account Manager","SmartPA","UK","Adzuna (TotalJobs+)","QA Lead","🏢 Office | 📍 Brak lokalizacji","https://www.adzuna.co.uk/jobs/details/5739740674?utm_medium=api&utm_source=fec81443","2026-05-24"
"QA Lead","TRINNOVO GROUP LTD","UK","Adzuna (TotalJobs+)","QA Lead","🏢 Office | 📍 Brak lokalizacji","https://www.adzuna.co.uk/jobs/details/5739279173?utm_medium=api&utm_source=fec81443","2026-05-24"
"Nuclear Quality Manager",". AECOM Limited","Warrington, Cheshire","Adzuna (TotalJobs+)","QA Lead","🏢 Office | 🚗 54min | 🚌 ~1h 37min 💾","https://www.adzuna.co.uk/jobs/details/5737813166?utm_medium=api&utm_source=fec81443","2026-05-22"
"Principal Clean Water Modeller","Advance TRS","UK","Adzuna (TotalJobs+)","QA Lead","🏢 Office | 📍 Brak lokalizacji","https://www.adzuna.co.uk/jobs/land/ad/5737729102?se=ejvZDXpa8RG15Otl31cBag&utm_medium=api&utm_source=fec81443&v=8D6F2C7F01FF7472145270F2AD00BAE76F561631","2026-05-22"
"Quality Assurance Team Leader","Pro-Pak Foods","Malton, North Yorkshire","Adzuna (TotalJobs+)","QA Lead","🏢 Office | 🚗 2h 33min ❌ | 🚌 ~3h 34min","https://www.adzuna.co.uk/jobs/details/5737621681?utm_medium=api&utm_source=fec81443","2026-05-22"
"Quality Assurance EnVentus","Linnk Group Limited","UK","Adzuna (TotalJobs+)","QA Lead","🏢 Office | 📍 Brak lokalizacji","https://www.adzuna.co.uk/jobs/land/ad/5737571977?se=ejvZDXpa8RG15Otl31cBag&utm_medium=api&utm_source=fec81443&v=DD10528B152A7E7DED074B76798D063B69C70493","2026-05-22"
"QA Lead","Alfred H Knight Group","Knowsley Park, Prescot","Adzuna (TotalJobs+)","QA Lead","🏢 Office | 🚗 57min | 🚌 ~1h 42min 💾","https://www.adzuna.co.uk/jobs/details/5737564808?utm_medium=api&utm_source=fec81443","2026-05-22"
"Quality Lead","Amentum","UK","Adzuna (TotalJobs+)","QA Lead","🏢 Office | 📍 Brak lokalizacji","https://www.adzuna.co.uk/jobs/details/5737563717?utm_medium=api&utm_source=fec81443","2026-05-22"
"Quality Lead","Amentum","Barrow, Clitheroe","Adzuna (TotalJobs+)","QA Lead","🏢 Office | 🚗 1h 32min | 🚌 ~2h 9min","https://www.adzuna.co.uk/jobs/land/ad/5737038804?se=ejvZDXpa8RG15Otl31cBag&utm_medium=api&utm_source=fec81443&v=9D4FB5991AD6F370F507FC4563F1323A59EADB1B","2026-05-22"
"Nuclear Quality Manager","AECOM","UK","Adzuna (TotalJobs+)","QA Lead","🏢 Office | 📍 Brak lokalizacji","https://www.adzuna.co.uk/jobs/land/ad/5737038635?se=ejvZDXpa8RG15Otl31cBag&utm_medium=api&utm_source=fec81443&v=725D7C51C97C8D0EE8CD280AA8CB20DA66F87209","2026-05-22"
"Nuclear Quality Manager","AECOM","Warrington, Cheshire","Adzuna (TotalJobs+)","QA Lead","🏢 Office | 🚗 46min | 🚌 ~1h 24min","https://www.adzuna.co.uk/jobs/land/ad/5737038605?se=ejvZDXpa8RG15Otl31cBag&utm_medium=api&utm_source=fec81443&v=E6D7B0EB41AC7A81CE8342DA3A35D19AF095176E","2026-05-22"
"Back End Developer","The Portfolio Group","Rusholme, Manchester","Adzuna (TotalJobs+)","QA Lead","🏢 Office | 🚗 1h 5min | 🚌 ~1h 56min","https://www.adzuna.co.uk/jobs/land/ad/5736521338?se=ejvZDXpa8RG15Otl31cBag&utm_medium=api&utm_source=fec81443&v=0CB0596BD62D89A995FAE93F818220280443F374","2026-05-21"
"Fullstack Engineer","Innova Recruitment Limited","Rusholme, Manchester","Adzuna (TotalJobs+)","QA Lead","🏢 Office | 🚗 1h 5min | 🚌 ~1h 56min","https://www.adzuna.co.uk/jobs/land/ad/5736518406?se=ejvZDXpa8RG15Otl31cBag&utm_medium=api&utm_source=fec81443&v=78B20ADCA4C0402A116CAD09EE4707A2D323BDF3","2026-05-21"
"Back End Developer","The Portfolio Group","Manchester, Greater Manchester","Adzuna (TotalJobs+)","QA Lead","🏢 Office | 🚗 1h 13min | 🚌 ~2h 12min","https://www.adzuna.co.uk/jobs/land/ad/5736518280?se=ejvZDXpa8RG15Otl31cBag&utm_medium=api&utm_source=fec81443&v=37B20A5C6B845A114F3EE43A5EC10883BAF17FD8","2026-05-21"
"Quality Assurance Team Leader","Octagon Recruitment Group","Milton Keynes, Buckinghamshire","Adzuna (TotalJobs+)","QA Lead","🏢 Office | 🚗 2h 36min ❌ | 🚌 ~3h 39min 💾","https://www.adzuna.co.uk/jobs/details/5736377430?utm_medium=api&utm_source=fec81443","2026-05-21"
"Senior QA Engineer","Langham Recruitment","Manchester, Greater Manchester","Adzuna (TotalJobs+)","QA Lead","🏢 Office | 🚗 1h 13min | 🚌 ~2h 12min","https://www.adzuna.co.uk/jobs/land/ad/5736370559?se=ejvZDXpa8RG15Otl31cBag&utm_medium=api&utm_source=fec81443&v=2A794D54E4E11548798AD58842ECD977CBF35B40","2026-05-21"
"Automated Quality Assurance Engineer (Home-Based UK)","","Remote","Glassdoor","Software QA Automation Engineer","🔀 Hybrid | 📍 Brak lokalizacji","https://www.glassdoor.co.uk/job-listing/automated-quality-assurance-engineer-home-based-uk-health-partners-oh-JV_KO0,50_KE51,69.htm?jl=1010063668792",""
"Junior Software Development Engineer in Test (SDET)","","United Kingdom","Glassdoor","Software QA Automation Engineer","🏢 Office | 📍 Brak lokalizacji","https://www.glassdoor.co.uk/job-listing/junior-software-development-engineer-in-test-sdet-authentise-JV_KO0,49_KE50,60.htm?jl=1010130100718",""
"QA Engineer (Manual & Automation)","","Solihull, England","Glassdoor","Software QA Automation Engineer","🏢 Office | 🚗 1h 51min | 🚌 ~2h 36min 💾","https://www.glassdoor.co.uk/job-listing/qa-engineer-manual-automation-pinewood-technologies-JV_IC3254456_KO0,29_KE30,51.htm?jl=1010112181226",""
"QA Engineer","","Manchester, England","Glassdoor","Software QA Automation Engineer","🏢 Office | 🚗 1h 27min | 🚌 ~2h 36min 💾","https://www.glassdoor.co.uk/job-listing/qa-engineer-clio-JV_IC2691218_KO0,11_KE12,16.htm?jl=1010076335947",""
"Software Tester","","Flitwick, England","Glassdoor","Software QA Automation Engineer","🏢 Office | 🚗 2h 46min ❌ | 🚌 ~3h 53min 💾","https://www.glassdoor.co.uk/job-listing/software-tester-mynewterm-JV_IC2662217_KO0,15_KE16,25.htm?jl=1010133216360",""